12.0781214734495
13.9111741065612
22.2401403736742
10.550218489556
6.99162859563901
7.46595265951988
9.5926648745626
18.669274896707
17.9384206499068
13.4562665368843
12.9399845396178
8.59546922189202
8.62113663720399
13.7058611512471
8.2869497753222
14.8676287704054
21.6338845003752
16.0406964097375
18.4951005780859
20.5009116840593
17.2361478653484
15.0559811803626
12.3803043642893
13.822878222549
23.1980795228061
20.951446395618
10.323946394172
7.63710004797989
7.10184008341751
12.4970270732578
11.0007579725839
19.2469937828708
8.72193500955385
12.726147032321
21.6323295140491
19.6311335440607
8.64968938583803
7.61074769500717
11.3243457526021
14.0351156725289
15.3208870606791
20.4202852412459
6.94138822253996
13.7948713325161
10.745775585892
8.84411140575468
23.6749671067336
22.7687034012774
20.1385993327215
18.1684576715361
9.28108887520832
16.0193306182644
11.6691100547518
7.82414222923499
6.99945389319621
18.6296615663899
13.1305620000815
18.2740748590253
10.8304370330405
9.92653491315684
7.83642423914606
16.9128208497347
9.12393098313898
18.2632191923242
21.7925585458319
9.07036192503869
7.37434952018604
8.68737996839372
8.66436865165369
11.4518053111501
13.2293468660871
9.5329622807298
16.8917215321238
20.1402141863764
22.4659698147731
9.40543616820805
22.2921883172914
14.5736873968263
19.5138986402136
19.3083217376937
10.0943687415484
23.5364742220704
15.9795261171087
11.8882979412475
20.4193100684915
10.2954583301523
15.2894041594256
9.46603288768911
12.8167924068606
17.4308750747609
20.2505061687452
10.7544152594438
19.4864000377388
20.2884795878056
8.5729944206512
10.6387157252816
11.7446233783174
16.4820369425361
18.5777698489458
13.5589017905551
22.9368865665172
6.99952024102589
19.2513631307939
22.7801021638696
11.6423301940562
9.16922729253771
14.8610891822128
9.52422528382916
14.2640837083177
18.9934271956515
16.6528017191408
9.91108765075957
22.2174219690388
11.4960197662191
21.1517286456056
8.28870120542331
15.2211714681634
11.9624260898803
23.1291349267136
10.8286110105287
23.1887017466214
17.9483136933886
14.4245137262814
15.0740595454828
18.9220304798847
11.8183010613879
8.51265034564696
18.1613850829325
14.2269816395796
10.6417368779303
12.026655863922
24.6739033665126
23.2265859111704
14.9814575261605
18.874826678775
22.7335934596533
7.45043404836534
10.6751870125999
18.5208355621018
12.1661876237971
9.98438931063198
8.87109374463953
17.0751405010161
19.3293301884597
7.37132753692452
8.15630451478751
9.97255035867906
7.29947347230036
8.71326976465238
11.8527215232135
22.4251698509623
11.7608120792962
23.1548934384771
19.6151336886764
9.5632792808003
12.568559368471
9.92201246136001
8.26105021319124
15.6733402268447
7.51360625043268
8.91086598238351
23.7907697788013
13.5995648984795
8.13210664232166
14.7206838034636
7.99290409964335
14.438672029804
7.89327642695688
21.6717987893164
18.3690395710519
22.4322575151622
24.1099587226659
11.3625014323335
12.1655287315131
17.8468930115649
18.8414276710445
21.8553745791969
14.6469451509095
10.6203212054714
14.6437521642899
13.4517753070427
15.3243404960495
22.9269844725447
19.1120895968499
23.1055445748519
7.94237473702477
13.9853809817334
14.5812409406846
10.9770735247269
19.1341937690054
15.6667304177337
15.1996500121177
23.0693371459376
23.7549342962229
24.0221926589924
22.8934644638344
11.7859244120607
16.3706791302303
10.3497371795282
22.7526883765659
8.7628662311709
19.0314102500031
16.131126073084
7.20796788803248
7.23003635928941
21.8662437037613
14.9740470842567
12.6568151598285
24.1121552537034
18.2754011159225
16.327093222397
7.0957365911608
7.08972028347081
13.7208578650148
6.94199403008344
24.1156592773011
15.134142784092
18.290715587662
7.53278238756392
19.9324042114408
14.3581128175126
11.7364772515911
8.90538474263468
7.90960023843005
15.880666937295
16.3769031953367
7.76333297710159
10.3885946577177
20.8834246737084
21.7856216493056
12.9385037958023
23.8469337434917
17.6689529874915
24.1497808330426
20.0170207620779
15.6005177070728
15.3878488342072
8.6742254392915
19.0380671646682
22.954613280485
19.3617209291407
8.17024316627025
7.13471625837673
8.71872025757918
17.8938997483588
12.695891788183
18.0411745207107
12.9287484841464
7.2727882663819
14.201110257492
23.4957973775945
14.8210224372087
16.3575635711787
11.5667458042434
9.42831975294239
6.98477562997958
8.87979195675517
17.7208258643251
7.4301709177703
14.0784266357321
20.8442361865754
7.08705267295034
17.2028051450521
8.45515981987809
22.0640877511256
21.1312572882977
11.5378345720652
7.15282932166648
18.5254216305388
15.0055640178848
8.7472685604873
23.9728602156702
9.58988473277147
13.754562192843
18.8715476871355
9.75448842840191
20.0877001284218
16.6800753778255
7.35458720837598
15.7488068158978
21.8270389142471
8.67432073234874
14.1751207928015
9.61937646630943
23.6459124726453
12.5449109960678
6.94974192363624
7.04420412257356
23.0498645316588
14.8509839533024
7.45969301235386
18.6755624465122
19.4194016980306
20.0495407227224
20.9850810265657
14.677399519846
12.7765626665314
7.72350347957105
10.5601304424074
13.6421084082745
10.9568313991918
24.1288638882978
7.92247888941402
14.1939038594962
14.2637160542133
16.3636066747072
16.3270245103236
15.1260900645463
10.8420620168994
7.85027710468099
14.104286318518
13.5341790038434
10.7903327685291
22.3785633422208
15.8851139586427
8.20524646844711
7.27443795922759
11.1745428721921
17.4578680353516
13.0781055780899
17.989273850993
19.7097648167397
20.7849326723599
16.6132249545744
11.0840042501549
10.6934242319545
22.419193716113
12.2719914221945
11.2257332060188
9.90826348392695
11.1196873473072
22.8738661958803
10.8471077626645
18.0799338862726
10.11561717025
24.0418463349466
21.6556894710124
13.2867125454786
24.1255354790504
8.42364055606634
14.067520774071
23.6396948265977
12.8413893403735
20.5850193802174
14.4276361836424
20.8759540965463
23.5214732448995
8.10363512089822
16.2630803677194
9.30854351968728
12.6261644046678
11.7617243354818
13.9578340495266
8.82096229169628
16.6055152520147
15.9517349457976
10.2469205121406
6.95813198661494
23.0259401556731
13.9907652133232
9.32613226033761
7.26257178855494
13.8434913383226
18.6439607716305
17.6080688571116
21.8467313440844
18.2751321842137
13.904993320907
11.6673802677502
9.04772352838291
20.6366486906834
9.77199348840267
12.2646258865804
22.5694088241045
19.7155082222126
7.06823085678346
8.9356020894161
18.6839933231728
15.1319594248161
15.2498865954407
13.6061820102531
24.0830514406581
19.9540312328637
7.02584815605888
23.2022441034384
7.16419841549933
12.5900670702192
17.4218924275059
24.1173798131316
22.8459419091729
7.06896118227777
15.4241772028194
22.8209700298689
21.5758930538055
16.3979082131925
7.13439936382947
19.7672701259708
18.3623745076845
20.8893748523418
13.6600508669742
21.4337382344831
19.6256331351878
7.79700993960098
8.53758803436269
12.9497542945372
6.9449533031888
23.5118931837603
17.1394657050856
10.9003298795017
9.8350875728556
7.17369336186368
15.1796928782398
16.2125749614146
20.5586271727063
12.8778419559237
13.0066008489866
18.7880876281761
17.3509303854819
14.4086467536046
20.1989582803772
8.98149796351876
13.3971081624259
21.6664877109654
16.3119102406213
14.7879860272504
14.9773510353876
19.2111669089304
23.9553775599835
24.0834248735552
17.3233780275846
8.15139600266847
6.9551209161362
9.8151102150719
14.556956387912
18.7840227661933
13.8799097157464
18.9628628994559
20.3708990626184
15.5750301940255
9.41291167611191
6.96569309946001
7.27170051581223
23.8542071302919
19.8206680380744
23.7381537542352
17.2209508080486
12.0634248922286
12.8685992011047
12.6184469528957
9.25044297882708
15.8283112104708
13.4689972427905
21.1538695923547
19.5405208708176
15.3783760400031
14.6366695720488
20.9848709269735
9.73826423918981
14.3827113532554
18.3114528518077
11.2303009638432
7.6440910322179
10.3289327893884
6.94572867357034
20.2791317782505
10.0231532606886
19.4832006633514
11.3971493389821
7.50274499295086
7.01147899845075
13.3022992824781
12.9662561010523
23.1365441654847
11.4093732293752
11.9835935961576
18.5289760172195
7.87616081604706
16.3464138706809
13.8662590746305
8.60720231807001
22.2999026931664
7.68743396786683
11.0678073560126
18.4570464091371
23.1432975190636
18.3552879300085
7.82685702600363
14.5388081082661
16.9827332898949
20.9850427246394
7.73656566499762
15.2249931602777
12.7503109026845
6.95942573142274
8.44697529893264
9.40402581558338
8.62848318118565
13.9471459401899
14.6077843975279
9.30316317931535
12.0144766726871
13.0734894410617
22.1894924423814
19.0116708212584
23.9379557784322
17.6766880410529
17.2269283511311
19.1498961988456
24.1198701949788
13.6689524063188
7.72850273883521
22.3466681385162
15.9950461002773
18.6962849175564
22.4545257528334
21.9046099029888
11.7904045985311
7.30087826123405
20.5106433044122
8.70250067576348
10.3677851437239
9.99826494453721
7.04128583047427
15.8993365078009
10.6424147580711
10.6291886831566
17.5006820312109
6.97446158007984
11.3403087944685
23.0866471731175
23.8462339339122
22.2493121131134
7.97968949477859
9.47685986419249
18.7597892962595
15.989734449378
20.1328625682072
19.1390179218395
21.0669043438629
19.7377406384815
13.8584246936932
9.84821263464222
7.68671907303674
19.4042051641337
12.0087940461226
20.283186115161
11.6870156394904
21.5312598769691
8.95864696134496
10.056282282438
6.94115477382344
23.4471726554079
16.1037703041452
19.7582240094292
13.4578843486974
7.19118616561109
15.3923779266438
7.06030175255607
17.671170740298
21.1716450255966
13.9472260589321
11.0223854964225
15.2256600784134
23.4615710634818
7.48347662038272
16.5484616129957
20.955447987447
24.1501789662229
11.4681814144209
14.6388601594765
8.37479763638965
7.2425704119301
17.9359411609087
16.816690686507
15.7180648733321
22.9568406040895
11.5311670145806
17.8275460261305
22.7741438108906
7.90091435453389
16.9932503180332
20.2331425659371
14.1282989175325
14.9525308566457
22.0869128662367
12.6376397216364
19.213221472255
6.94755508553243
12.4480037375087
14.3957534217587
14.1476650865441
17.1551156940864
10.1697516955241
16.3346950885513
6.95127922436346
18.2761996707264
23.5152782884836
17.7202326122429
15.9732654039567
10.6167285022896
11.6557834534529
24.1501833659835
16.099731265283
18.2333071448093
16.0680610713648
8.60319983142326
12.875009185994
16.8127244227908
6.95951959759551
18.8268087827693
12.6055084700542
23.6405631779021
10.639910868751
13.9866758580904
19.1431689644285
8.26899809578416
12.2330252417771
19.5028915215278
15.9635479144217
18.8745074945848
24.0756587209787
19.680672483334
21.115073033645
8.58924012046033
12.2437837964877
23.696513177399
12.5574134863882
18.867987429302
7.91247227266096
7.75159434502315
22.7412650057517
7.02076969155247
18.0256000749682
18.5438852500887
23.2957211905179
13.603775538675
15.4549163100496
12.7954701551545
13.0436180780666
7.69383923174457
21.2110850697334
14.9635382163658
8.06768210999682
22.3203717911074
14.6289283860622
7.79147468696187
8.15133514924746
23.8035422944828
9.43131237391957
10.4226916432224
20.7673534577748
21.9932446627664
8.79307549816948
22.6035677871913
20.2073793748794
11.1292681293008
15.1077657025573
18.9282042571205
9.26961521035659
12.856659289465
8.55547288908799
13.1865423795808
18.0526782037879
14.5571966713672
9.60153104412005
21.3936457042552
12.3003602078074
17.3648276746819
12.3676807806183
15.6067477486815
6.98200581062448
24.1317345210926
15.2645923372733
14.8000814848268
14.3964116290178
9.57760620867188
7.17707204509257
21.2702174046859
23.7545435339035
19.0083424714974
18.5530440376042
13.3815839579143
11.6688922203084
20.9558800347172
14.1806757052238
23.9495187377731
10.6337165130596
17.4624546079502
6.97169382411296
9.22974842517626
19.2924671284354
23.3518532182326
13.1049215235071
17.3290919270459
18.7428954253742
16.4559847112071
12.3172285061457
24.148459726598
9.12221222717286
17.2142705687248
17.491612324429
22.4644653465983
18.3607674967093
14.7895643868366
7.17730456263954
7.22885441423997
11.6614392254523
15.5442253613091
15.6329631872347
16.7671146869163
20.0046514218342
10.3541400338784
17.0338485055286
15.6775319490529
17.359521119101
18.1997837181198
13.5343626093311
22.8071550392449
8.22291931936851
8.6314419784853
14.1545675344136
7.34939738869955
10.3843993298574
16.728200538299
7.0065774151741
19.7352857764625
9.79245617768413
22.5152551707869
13.7934483998328
11.6086874657442
10.2854490727383
16.0587687035475
23.4301977196992
15.9443377877231
16.1044576826519
19.3138572240532
8.90303231688548
16.1615474165543
21.4833664259721
23.3609954625439
12.7135344301974
21.24545324287
19.6268602847938
19.4234589143968
18.7945874791367
13.9600145121133
20.7635645531185
9.84048709812332
18.1290673056355
19.1945147825029
16.2450395520191
19.4251382671049
23.3223924151844
23.6517381156783
15.319903898407
9.30422482247628
13.7598468800981
8.58198013939896
8.41564257035621
19.6997256282299
13.2715262634688
7.02187648063581
21.1096994689519
13.4248808630733
15.9097439493825
13.3135880234345
15.5609856556562
7.38692369138593
12.3887707025677
7.09102282970156
10.9718140753572
20.6767545866016
20.7476803549848
13.9017662424398
13.8312310682654
18.1216080652345
13.8749086019225
10.7820206990602
20.9873203726754
19.3800813160516
14.4897644249085
13.2710936789916
19.185121942289
7.32764525960211
10.8969654259428
23.4459553282506
18.4482267686681
17.1560934484321
9.44604553971055
24.1365297162733
10.0354021337045
10.1182901074928
10.2244983957767
20.6057808237327
24.126673603748
6.94159556392578
22.9623032763548
15.7392415417525
16.1630171287924
13.9210957337479
17.8554248228858
17.6526887471579
8.64349363174428
17.2268378677207
11.6132060924189
7.16621342433165
8.02114271332727
7.0175034801732
10.4699952867931
13.029848860625
7.13086683667771
6.94353192256477
14.8989148544826
14.1771548903006
19.6020309310794
8.65404944253526
23.9533832987059
18.0601951935904
20.1294979143977
13.3151259237372
23.9681749721655
11.2217867657752
9.49564427836661
17.2324866669238
15.7161969537684
17.5075188955483
17.1583158939734
21.3621237014616
10.3728870133426
22.1253314428181
11.0942179454127
18.1162936924349
15.786609214995
20.5209889339209
13.597757335533
23.9546051526677
22.5900625349297
23.5545984422771
8.65295067915818
19.8376851920338
7.32077613605791
14.1242165774124
11.5952851509764
21.1611103050215
11.3376225821308
17.9136383479998
13.7575884711239
13.559565831545
8.44932041545029
11.438441214122
14.3076088951581
9.41433013636565
21.4560766975047
20.536052685462
21.6843751086262
18.9760775831968
19.8622224614434
19.4147894866013
8.49190742793296
10.9769381128522
13.1796175800183
7.16311636287409
17.7021120594015
14.8580916650219
15.9898832467123
12.757568682709
23.1307712355058
7.11111569403745
23.790735685667
12.0993774709608
22.1948690628366
18.1250556866454
12.0068920794998
22.0715200398483
16.7875719757027
9.93739034076187
18.0736412135087
21.3918011733987
13.3459836316219
12.9874034960258
22.078136928598
10.0780723347577
6.94110102168128
18.0369821292961
7.10674145319387
12.1936208760944
11.2196876952891
9.66099119154378
16.6189632389315
10.7301494742117
12.1660927133665
11.817156429054
17.647047499597
8.9418514495989
9.12029288741486
19.2719485951624
14.1650484259684
9.76485925644077
14.0472304239948
10.7370113521323
22.3888212679431
23.341859278578
20.0234329630798
15.6546728724528
20.4553808690045
8.3420676854021
21.5285764639167
15.1483814003514
20.4152981957812
16.7879478113752
19.987740399199
22.3172696879845
21.1896316462845
13.4799401564652
17.0768541067868
7.30405391587146
23.7689119223171
6.99895183321878
16.9114754385456
19.1035346375908
15.196557372581
14.5844479483616
17.698093575419
7.37068880651018
6.99782491503649
21.7076536060722
16.2661753788989
10.1205607148288
23.8442210152015
7.09039761500857
6.96922320778
22.8657867324141
11.2253510744032
13.561255859419
15.4018458910464
21.0275522773929
6.97910452331653
15.0612341433865
17.4969686485377
17.6153130758068
10.0408302740443
8.69736882126705
21.525380856833
11.9210299539892
18.1844035658243
23.6509269813925
22.779316529454
15.5176319978894
20.7250563226517
13.8440147093479
17.0287343062941
11.5555999361586
16.0494942213421
22.732239829206
7.09129041826889
14.6482970279694
20.9088450891111
21.4908343413732
18.2371987938652
9.25241208398572
10.4161991415123
9.11737201463715
13.3857808240834
8.79349662199924
16.8221524889025
14.654075020133
10.5156819063498
10.9101351811648
7.22322031398092
16.7174846186571
22.4485396532764
18.9532564546633
21.2346115979105
24.0541328311924
8.83695710744343
19.9124558960296
17.3853658850004
22.9173783215739
7.82183278213719
19.765165432615
15.2601916869398
11.714394612346
7.20769443938486
23.5947820630601
21.4118172056213
17.0890393208555
16.2984578812402
18.4764699090564
18.9171592212568
7.74434244371384
10.5805548601311
8.26536807711701
15.7393518986421
24.0549589172589
7.7797275895841
21.9583312651534
18.4776303345113
13.4928158472537
24.0296199641039
8.96832212307236
23.3116228107374
10.9937334657467
7.00501525124862
17.1038624644376
13.1985895567023
16.346736239882
7.27719352432378
11.8778470001825
22.1874191669313
7.71946128932184
6.94432924731204
8.61134073232558
18.8387542616716
13.9359812922431
13.8119280180629
14.4938062294786
19.7923216373113
18.2100467941448
21.894104603871
7.75479005555657
14.935506241169
15.0409408044757
16.2283661409467
16.7811394231606
13.6198300553017
18.8947622459503
11.0651040678256
20.0081237913114
9.77169255049773
22.2535818803569
14.1256995977866
16.5000855866277
14.6011447645357
23.9472488116648
17.5998697122301
18.1073770690745
9.51054681422951
7.27763944417847
16.8176775799692
11.642179583675
11.0518360973329
12.4139798909461
16.83021063523
10.7114806949396
7.48000922312511
18.369155277762
13.7643124717785
14.2313486295605
15.1766870433332
10.5115052290645
13.2128878215709
13.4851591894054
22.7506850021724
23.8641709938021
21.2871676715422
22.963176009491
7.10088832459271
23.3181558556212
11.0475514725119
12.2581625267189
18.855600680002
13.1242731360788
18.3950821459407
23.4538927766055
8.0449729748369
15.1079925328221
11.128800374388
14.4222010182243
20.7227972247205
16.5098595359862
21.7875955370984
11.6851048486861
12.9915273939548
12.4666412416826
18.1464747000604
12.3798171845303
22.4319085895523
24.0471289012845
7.518956119163
24.0081455170263
10.3783416886786
16.3494557317057
19.9171064803301
24.1121132710354
18.1122066281609
10.9252701626662
17.4516339636628
15.9746237704761
23.0473438449825
23.1672473447585
18.8675076075153
17.8540441069493
15.1483780800628
23.4922238357252
15.0294209906996
9.74049199572788
14.2139627835084
7.83360050485243
22.0332855624224
13.4467685535202
7.44479473550819
13.3598774275701
21.5283076427591
11.9770679121285
9.0441515437608
12.0329841147102
8.34931619737491
9.04920185999401
8.75365456812044
19.8642572391917
22.6101075211359
9.71794040995351
24.1500697912618
17.337490873498
11.6797548691746
9.48530739144667
10.6478657789593
16.1039403252074
22.1554803994144
15.3874583828825
8.42382930869833
16.5071981142896
19.680360115575
11.2401549320444
14.8959170219316
20.5196644971019
12.1735292019436
7.78558698841049
24.1239054543126
18.9287542195607
11.2850804822445
12.6106242059872
16.1278815568828
12.6873596619172
12.2978070744314
12.8300315062192
14.2798140100811
21.0336306411325
13.1139097851059
8.41195164126595
15.3016512189823
16.8319111340539
16.6176971411401
12.8243255512753
17.7109187751693
24.0524118394132
10.2074573866813
17.1806757021391
20.4209894838993
12.1232870941172
13.4341652739689
12.4505208462247
15.5946994664428
23.7227274516333
17.668911210821
12.316239310575
6.96242908800457
15.0250810906754
14.0152373862233
8.80606062752399
7.67423593095593
10.8307075943924
13.2386641953217
14.8315329224346
16.4123292528354
17.7937995321753
16.0347649455356
18.28002114013
7.03845456465795
16.439047058111
16.2265424048652
21.7223529315541
11.7398826075738
10.0831312890572
10.7065197642499
14.636639470709
14.4033528408716
21.687565301428
17.3055488882721
10.2115039403965
9.5085822096228
9.85111075329402
19.4112300466529
9.48813928885032
16.417498350956
23.8219632480201
7.96019292936767
14.553445435882
23.6498466756223
8.18061441704592
10.5614212641248
22.5532965441129
13.3957915136877
17.1024541085272
22.2032408503994
19.9883446180686
7.31104548753157
18.7484311783449
10.5354814635252
16.3939860717343
8.18126271955964
12.5181408578124
13.3071107931921
7.46818430560738
14.772935220398
23.6647178672519
8.49232866715105
17.7581192681675
7.02561071291696
8.45180151718334
15.2640575798297
9.22422667314726
16.0678584246947
20.879278088087
16.0114909787648
20.8163109498094
11.1247402754781
11.9156183302628
17.7079990020109
23.3911422060513
7.57601503184408
18.6129701676157
15.1356484086627
10.1715972226451
7.42065555245245
16.9757865417549
16.5403406625739
8.20597017753373
17.2588962597244
9.12744818207927
13.6804195195739
20.7799689529569
20.301291716679
9.97316420857806
7.30788634626098
6.94019663873109
6.94683423180411
15.5041420171278
7.38257855732196
12.520283046468
8.47275209619744
10.9824853762938
7.97027032181442
9.1903265738015
12.5669322647476
18.2843344020173
9.08868705361292
14.6381649333666
19.2871056596847
11.6803502675258
24.1473266762741
8.98250306688004
14.6191611267014
9.64427321217751
14.0451746422154
14.4905394068485
16.6511851266201
13.3871731056165
13.3133729476147
8.04257376824866
21.3114607149755
11.5272269184957
18.7537900366331
17.8649189790463
22.0276747303448
20.1607352049127
22.7694710660967
14.6818258770043
8.61355265083921
8.39907196104102
22.313565833202
23.7315998899503
15.1699997384397
17.4358962219097
9.17241983468476
11.260926784265
8.18290304547858
14.7219736232718
12.2884720986596
16.6823643218546
15.4387791523605
15.1555831130299
18.4533799999654
15.870971724432
11.2849214892363
9.58355909942474
14.2621614948795
8.23298182605565
19.6328228572498
9.08886634703516
17.9751961019992
9.57971471594621
19.7953071201176
23.5130320203396
7.4286726407071
12.3787597430883
14.5174491434097
16.1077325403436
19.1224509033973
10.2040287341442
14.6409161741372
8.65034692659525
9.72880924844608
20.4614432021307
21.5765606340065
11.0362891355001
23.6374129468509
18.3906612084233
10.7359579813934
24.0090152992717
20.8899930444629
15.5627564528472
12.8251916536301
7.28182240158835
23.993361020717
24.1470550675489
8.46362463333238
11.6331807492729
10.9851766244225
9.1692750300275
8.98240063030741
9.06881595910021
16.028268721991
11.8776945984829
8.49635839275806
13.9941746233592
13.7001101261717
11.3287185381969
21.9716612049323
8.20759247984346
19.7962702278972
13.9301862056931
17.4678217575843
15.9724978884211
23.746409093809
12.2975373960402
10.4616803498132
8.42868826347008
14.3457524720029
12.0651461166115
11.5314188251388
10.8190338973094
21.6337939285256
13.1217409038281
8.55967267594773
9.40399427776514
8.0907111850274
10.4275816349569
10.972425656029
17.4553879091035
6.94023124454392
18.0100444305741
13.5900575148949
14.3366155399749
23.4305724027119
10.7426985004143
21.2263364795375
12.786142027826
11.0422620442708
14.7522320073277
16.011660533876
7.36763889872546
10.6422521841972
11.592687322246
6.97650427514688
9.44822867344638
6.94205564380283
15.9538830224235
11.6887903010667
10.5782905946832
8.64570626056345
10.9010102882178
13.87702321833
6.94244771490718
8.93395535408995
17.7365279479645
17.3528720965121
14.4684944791926
11.4343556589982
21.1332711113889
24.0135076786808
11.6972037185109
19.5844439505861
15.5660801450836
9.23695984490757
9.02997137472906
7.7827258632606
16.1237808548355
18.4400937026247
23.8045304039187
11.8383856293942
23.8158148941889
16.3569579209538
21.4157055696406
9.02300747140477
15.7585962148079
17.1409148213592
16.1181305538437
8.3184563851872
8.70883340183405
13.6167610512897
13.6794640143138
18.4601634200553
13.1063983055889
22.7459440419447
15.7101922055003
12.6196132239951
12.7624627459752
13.6315840457217
7.76988469218963
7.24501856643633
15.3623014441019
13.7967425322171
15.1201222477597
8.80070090844863
13.1262451663971
23.4936479702625
23.0880707188267
11.7328544076624
12.5427308122948
11.5759130934416
14.2126472820829
19.8436300420422
10.960915502247
19.9680035194357
15.6620685272433
24.1387884734128
9.71221553781941
16.9007514734186
18.1678021075254
24.0709279361786
11.2384236072969
18.7806961970259
17.4571169654473
19.0297171820629
9.89518864871386
12.3403244689446
8.53969374633294
24.1422144099742
17.2251319620573
14.429735244263
22.8474491884955
16.3782031134156
15.4242471233297
14.2236944201781
13.9840264616208
7.85875468825996
14.0381430487937
13.4509851932241
15.1621316230885
17.6287439233939
7.75670108786165
8.38345070136248
6.94523930816768
16.010252769459
20.4133789291109
10.0401534213557
12.0788402839064
7.03272679342678
14.9801808309541
9.24172349559824
18.8254374315757
18.0389521532858
17.356347437918
12.4278811131086
7.70343494770388
13.7464366937158
16.8928894200848
9.6044884680925
14.3525552825717
16.1153732286767
8.19476106932862
9.63411412825102
15.3699235740692
24.0616375782064
21.2337074050449
7.77676744249918
17.1428395778949
15.4148249919651
21.2530593527344
15.262192303708
13.2488883979521
12.9687515783279
16.0352773639255
14.6696317116053
18.4755830500763
10.8763597208147
19.7818634188937
24.1408669719843
12.5264775432335
23.2892426325346
21.7603965804452
9.58949338555116
10.4906944365912
8.78493424136026
16.4910930436688
24.0952996002773
22.022179829492
9.64694335722915
12.8268043862181
15.7018030914888
20.6073815629942
22.5779144243817
16.4775300784042
16.4018261845753
15.26779702221
6.95288507141089
7.07810328160616
9.95798512773341
9.82026825972628
7.00611331285414
7.36965018289559
19.3985455412447
18.1696391400868
8.20005886290191
10.6392639245982
14.4515051755859
7.46063264200064
22.1179670839742
16.4706037719214
12.7366222888262
18.6410488384288
22.9145720678364
7.99347330141789
21.7449851777641
21.5010072691442
7.23350853494426
12.3131493710155
12.1988916078595
9.62683629733802
20.4976706177484
15.7458363992292
13.6347777401356
20.2601832395203
22.9586109116868
20.4366994101005
24.1488205632457
14.0887893204663
15.8599939176925
11.8974889759863
16.4137561663918
17.1972825101533
17.2570956940391
19.5411289941549
16.5431917284426
7.11659996251127
11.765966364639
22.8336026761999
11.4218331955403
17.1071895147032
6.94301766174306
10.6415297245778
6.94079306336251
24.0656906610497
20.2390858494913
20.2646674206079
7.27980454963146
9.98455231263714
21.0996252014148
15.7082243606959
12.3714046126575
19.5298424922343
12.5795630729131
21.4178006613069
7.18897362374418
11.8712250608073
17.0350690300259
10.5673148596435
19.4820939831577
6.95810188682433
11.8669632993544
16.6573431463991
22.3164131577801
13.4675892673969
16.7757728888807
18.9928370369911
8.77004298227528
20.4076832114708
17.1313278749577
16.1509086262467
19.4399465914517
12.9407945003204
12.6817341180477
12.6498261232684
11.2028216402209
13.192637947607
7.56797617840014
15.4065644617665
12.1857949708469
20.5805742262443
23.4362106419489
9.43686222673776
8.16712073737799
12.4340721350463
16.0578783087606
23.0668215038164
17.6467376176233
8.76576465401655
16.6787516978004
20.4589438816379
16.5113534427456
7.24945622739248
18.4525871058169
20.7860077060784
19.1870864357294
7.02993982253533
10.9515900274259
22.888297922267
20.2836654056143
20.3462367229125
17.6737300391181
19.5783982085773
23.3619628266039
19.1116336478009
9.59417677541778
14.4306959862448
7.9869241732473
8.42835650109668
11.5583031252383
18.3091051708146
12.8808756558323
14.8169389038843
23.4879251705002
14.3695980177007
7.11794504960317
15.7478848494262
21.6340103971219
17.6912689578919
11.8484957535095
21.649149050805
14.1208488855135
23.9734127233654
11.6925649274802
15.0845576653845
10.5828186861892
6.9548292280115
11.6644917912109
7.4517112709315
11.5313066146497
13.4151807527498
15.3366129563105
15.8288899427882
10.9998836586707
14.9515479339483
21.9785065931093
15.9316159187254
16.442373869292
17.5020977342184
7.00924988991568
24.0936923616743
15.8049609863347
16.7404779691993
9.03478815722378
13.062458334298
22.6176667375141
11.3408544106637
12.2514402568384
16.3068855222362
19.0408032218317
23.2022661318956
19.7310439135322
20.7112415559739
16.6469014423773
20.3315995637131
7.76960812662751
13.9865097521122
15.4999658699831
7.83037012570832
23.8077107364721
24.1410335672133
19.5616944770392
10.6984648132762
23.5199619132159
23.5420100865421
20.2565373081786
23.1154529254685
12.7561256647215
11.4877336634751
13.7233992303897
8.94243474526382
10.4613796402977
17.6135613337188
10.024816282011
17.3945287674082
13.0071603276925
16.0005698649793
15.6519048384703
8.08839240145052
8.10928005109399
15.3786353654608
8.40721844830369
22.186462962005
21.4025274893218
12.4031042614345
19.7104475534662
9.31872028133263
18.8629073956611
22.6717205112946
20.416334759787
21.9276051862056
10.8567272554615
12.7708249943099
10.4225225762803
17.4969828676712
22.6208813281169
19.5291225073366
11.3124418121199
12.2856948146753
19.8393032501281
12.5688448538714
7.05543108274277
9.29486339878747
21.8279357776792
11.7660709612075
23.4437753455368
8.37502876233866
10.8119940804578
21.6503074731023
10.6118474899621
9.19081780939615
15.9129525101671
11.9325235324217
19.3972935505558
24.1450632102794
7.74352060075027
11.3207279989107
13.8756754299531
21.1268135335283
20.2928906500593
12.071767468218
13.5270194025343
13.3377098350166
17.5161306918523
12.5704391997568
18.5000185186298
21.5078008998395
8.70724866384813
16.9252088203309
12.5867374251634
13.4250115927752
24.0219165167638
12.4706589784789
11.920947543673
13.532585422374
17.9075941552959
7.59858031844738
14.4203144580445
10.6133312720758
14.119244882316
18.2876486193044
18.1873853663103
8.19001988713958
17.482485317561
21.4423836437629
24.0750023045396
20.1867278540274
11.9621184384838
15.9557963414418
8.96427993273997
23.469969967139
23.2911080665626
16.2634765603993
11.9376228791049
7.23023107033827
8.85485607004031
13.9358978179085
19.6423262179184
8.84261318750156
17.4033457903482
17.4533660621384
22.3042125180651
21.1468544189546
12.5584765193258
10.3159542716241
15.6439178027906
22.1344160343053
21.8331727555711
23.2898237335061
11.8465204730167
12.3659908408257
22.8782711088049
12.7506269246669
16.5420032836301
10.2053794984912
7.04489372158551
9.90250317268223
7.7634736102809
23.2443847726768
17.5353137399432
19.6249248493981
14.1356653575296
19.0017998827512
23.3352502173275
13.4076645172171
16.7664003382581
7.80495972484308
24.1436840268506
18.7538057494093
15.2031922090083
21.0396527704896
9.71970922537254
22.9615885345634
10.9984139929286
13.7863773965577
11.4808077087521
20.5398962347879
14.8334334874168
13.2052707376918
20.4896110171485
14.8826942164317
20.9143945525321
19.9827100802556
14.7560892508496
20.0555300502639
7.51987472239979
14.0187865721343
24.1161770431718
24.0955620740233
20.7987448286397
11.9554960976727
11.8928992975856
17.9434089047944
11.6293935909824
11.8996182223394
22.6876982265842
14.2258630573891
9.94850061222511
9.58684052827475
18.8874029756966
14.3377800627713
22.6895598984639
13.2344584696707
20.2979321797722
15.2763170574655
10.5050691599349
23.1782820639897
13.7640848876339
13.4334832320358
17.184273590944
8.40818864965772
23.5274815352194
20.1350306881079
12.2735977314723
11.896375927601
23.0782577319213
15.2982919306902
18.7975526321357
17.5431279432664
23.9775154999008
14.7253629346623
6.94183408455398
7.81253654788885
13.6842590215246
19.511111712627
12.3837455848713
12.7029119096344
13.3617495945609
14.2484839828038
10.3782756337414
18.096917277419
22.9387306595509
19.6233091553035
10.6070730205721
13.7591354718254
24.1252957686173
19.9158083201372
6.98160834198703
17.413470078062
17.2348440942201
15.9066671763191
7.61416808656503
14.5222249716173
22.6272541002046
19.5513457124817
8.2820665901928
7.93587392045743
19.2515252773839
21.8472464473889
9.51908244863653
23.2656342693369
14.7878623140574
6.96893907449701
22.3241028536076
8.31594190571885
18.0213557925951
7.61550990845107
22.6126350421528
10.0277124289723
15.848856620909
24.0222957554678
9.6214319666278
23.7850751092566
7.32741587347241
9.7011809825035
20.6293081890395
9.7643129018651
21.8898688433675
9.52124873167495
13.4690780731933
13.6781321868983
9.58833607299441
11.2855067178083
8.19813541403867
20.4681804115833
7.6829667711145
9.05092302596293
12.5168252451488
22.0314234578572
7.41263915172408
7.99401342698026
12.2053479231498
16.1146580381342
11.6744735979189
7.37969341665126
19.8950446546647
13.0582070375778
17.6454200643453
6.94489803945329
14.0226519697423
12.7346386137311
10.751573486463
13.3809236375339
13.4815003889525
11.4176551079592
11.3457843240129
22.0861234891653
11.5605912348455
11.7746369839608
10.2057841629978
23.3604473569793
16.6159408229902
12.9223089619676
18.8511477659994
14.2319950573003
7.93590682325944
22.4263356886443
14.0813084591589
21.0523028976045
16.5856869152362
13.1307507935577
8.19066618407942
16.150788327899
11.0186746051134
16.8886100004386
18.4483228521057
11.9865345411296
12.5717302230817
11.4948194429407
15.3947076994608
12.2697771331634
8.90487051801353
11.832980961259
14.4785056748445
23.5070819844138
19.7576457286329
15.3742135437072
10.0331518713793
15.8371896342261
14.2135708540264
9.19445714240928
19.6573648746706
10.6422375269453
16.059204806886
13.0412731653793
21.9968373991603
12.0509286000804
12.7944395909148
22.3874873709004
10.9140507068529
18.5767406333198
17.2843288062573
10.030610990304
14.5821684888547
12.5103419255912
16.2872819871084
8.10288286911266
13.2530003672493
22.4259466165138
20.846510361125
15.2546669613424
16.0615469957132
10.3887320541898
18.143705200324
16.0099818097821
6.98868936561506
17.6758412181891
21.5495459974344
13.8909577997782
17.1289801827381
7.60776383461741
20.9101752096883
12.0681871465058
15.2284918868843
16.7015407014883
15.8320330979859
10.8256740315113
16.3941536058587
8.99931550644936
7.16061234666549
12.3615636551691
18.3116706081628
20.5539923631928
7.36559458727649
22.7848709336152
7.75395467399657
13.4585824519067
11.5155056193939
16.9554304708835
23.2614388591736
24.1379078859234
14.08932727225
7.84161940613813
17.194601377876
9.35026089016023
23.1126406517884
21.3962504963293
13.5361634373128
21.7277826930625
17.5520705204147
16.5335250523092
12.3223118229265
14.7772303458194
10.3089930359455
22.0391386040285
10.0112830306503
16.6130891131579
17.7384879616639
9.41026439343778
6.96786091057105
7.66729142739309
10.1121750982854
6.99498547670935
17.5153581456594
7.03734126470498
10.7344765710688
13.4752975826162
19.3239003663153
21.3335675767183
17.4313369249178
16.1847234481298
17.5245399230882
11.5105120113215
14.3625356950661
7.1613641229188
15.1707077170603
9.74566048826673
17.4267182892159
17.7547071084509
15.0735247770263
7.31365799932693
11.8486168912054
13.4545679139437
16.0489857079885
19.7823910290275
18.7158082657026
6.94214810792703
12.7603092144973
20.7258755058381
21.2516533804674
12.7093318593545
13.2740511428371
17.9895062811361
12.6149971972443
21.1195841530626
21.2647692185872
12.3590253666024
7.08544177852053
12.0381813441637
20.5566618875671
21.0037143305759
10.4492520114513
8.20081111635305
7.70630120433482
11.2342830174565
11.6386148605314
12.3888140960011
18.1322109150844
20.2532223531281
17.9506667312346
21.2922637445088
7.96903603384582
13.9765208075491
20.0051875596634
15.1351832878621
8.85830515299541
17.2104111373245
13.1795261432729
18.3992215987052
24.0874379394013
18.1050673085474
11.1384070203747
16.1374249208498
21.6667055428042
9.08820112477129
9.86277366727802
18.9823364520336
15.2164262910845
20.7242117841209
20.7622757059427
17.8642215077987
16.3457592457731
11.070899529811
14.652198369823
23.3171624710057
17.8931139167693
12.1224327256066
24.1494596461255
23.3521215076599
7.62205274871822
12.2732789500018
18.4465776444083
6.9529840349233
12.7058598943679
15.4709236270522
14.8062875238831
13.546651352377
21.3526247205824
15.9071362928151
20.4781398435262
8.20833146851652
24.1325195906355
12.6493354053916
11.275214841636
20.6765252654291
14.5865325598146
20.9330976838493
23.3766509763339
23.3343258032571
13.5776565259886
21.1076742317076
11.7444047024634
17.2186857732695
12.0138439322004
18.3956352855058
14.8896436640948
14.3340066439422
20.6501685352713
19.4505840470586
23.0674299316425
17.6820881649019
12.9390237707933
16.820061528285
8.84615577154987
16.6915900860509
14.0175095193838
9.13173022799654
18.8487870496349
23.4416974630028
15.1919141836823
21.7239910757318
17.2990943793282
19.1015472589064
19.1202261021229
12.2180258283238
7.28240328512046
17.1472058466587
12.6152861641384
8.72295562741413
18.5880085172519
18.041603079745
12.9411059900158
11.3467955189278
7.44692458196374
12.209031830412
10.2773156849772
16.0390425891777
13.5628943565444
21.9138032778854
8.81852519456791
15.7692054860474
9.46179052694568
19.8076689823828
22.7200228886304
8.73172629363697
11.1189739878229
16.0642886654971
19.5333984214504
14.3943637877571
7.36361963936044
9.37654534154717
12.3532085843112
17.7633862033002
9.53439700265844
11.9057653868109
18.9050009782588
18.0093415187836
12.8329463709344
19.5549342997629
10.2824261104427
22.3256154429698
20.1869580932947
20.9246240155967
18.3708937780407
10.4110945760974
22.8518801594791
13.7768879558312
17.0765621365364
8.83971069777906
6.99545962047938
23.6145329511774
20.9191681016316
20.6351388916419
12.3268002232553
24.1336768298185
19.7612623673501
7.91031644480207
18.4277324949529
21.921136817246
11.1890352585246
9.46779510532781
10.5798497530987
6.94037154189651
10.1937260872294
13.0948866872221
13.3461499781074
8.187216159162
23.9664544267122
24.1428558059917
7.57893734793355
24.0759842137111
11.4135464020493
16.0042933907061
11.2695660757722
23.1680789048055
9.09608489473844
22.3963734129584
22.9161560513686
11.8085628362286
7.16218908142512
7.52686794194577
13.570860287242
10.1982726118721
22.6323437167087
11.9394083824637
8.74785099339626
10.2650027663351
22.7033031392739
8.24353977050481
20.8299687373338
11.5796721953221
12.5419092051877
15.5001002015201
8.98130190423224
16.1098585692864
14.5814862650227
8.79114198062115
24.1271147835332
13.0144009639721
7.35309554612013
14.3479239842178
17.7310749034678
7.54147324848188
9.8395403407038
20.1527344518809
15.4023369200674
7.36627033028734
17.6008964155758
12.218879957077
21.7383930161073
24.0545657509832
17.9495024927775
12.299346930451
9.39549598264179
20.9015075393323
20.0296430114138
12.6466390627791
15.4767974235576
21.092260482161
17.9593701982532
9.45208969372235
16.849464287349
23.0571289379571
18.2053980575267
22.3280125555511
11.5939050330761
13.1533170145685
15.3328079469832
11.0688398760557
8.51247319261061
14.1433200766471
13.7437049806132
12.9650993630067
14.8909544435661
19.4975671157218
20.4439299819056
15.9212331816272
17.5050029804869
21.6066970736978
20.0858543677918
6.94013095450709
11.4884126164358
14.8576994633324
7.40730734806421
8.51385122057803
20.5876486745237
18.8676999820345
13.1667338626144
12.4311807117713
9.51364655223189
19.00291163758
7.06625023537282
7.12830307971418
10.27366789449
20.8547401908937
13.3771016204408
19.2150323897683
10.1401183355365
13.3195297687207
21.8790507043201
20.2728613139184
23.9430142305924
17.3137306718936
11.5246972144642
16.2121864846655
17.8818548648113
17.8531956164053
11.6174715868959
17.1007100920027
11.9697549540054
7.66186342375359
18.7201219876843
11.9241997947611
7.20236335735424
18.8846536255212
19.1202741455833
22.6735563494108
8.82091463234883
8.69402473026759
11.0974631723401
21.3522327615638
24.1184733520061
7.70247012654505
10.0274457996409
23.113419658258
13.7055896160618
19.0732388892977
16.9469534705582
16.7561690297157
11.8518164857024
20.2013054055092
13.5791797558989
16.6299359489764
16.6868566752854
24.0149316652895
6.99433380397529
12.9177161362232
23.6707199923181
7.11132808854157
15.4260094101854
17.35184917913
9.01284623385231
19.3653532373739
7.40327690728309
13.9661013726839
16.3543830105663
16.4768970230534
21.0130573059354
16.8775016692335
23.2561521436851
7.28263230656283
10.292170491072
15.3649481459931
18.1869873384498
24.0914278760085
24.0705403515034
22.2081351284363
9.51419444218066
16.8479085840745
16.2883389933748
14.6299916895544
19.233754435851
14.3765737485719
12.3002450922046
9.74598603821215
22.6643370033529
16.8989425689944
11.9396799020694
17.6187697333929
20.8006082093266
11.872422881838
20.8515775022248
7.32616288433037
22.1616487482063
15.1193962185468
21.1896710622018
9.8068327396597
11.3540004252894
12.6950887831419
15.6168720611491
17.9978640322312
14.3076315577397
10.0416662180663
15.3570251206079
15.4073899112346
10.7536153133167
24.1459564633799
16.6271940267638
10.1104435705359
10.2797825286171
20.7471105917902
8.41113749918402
17.5593382290617
18.5791021576077
9.70264813961162
22.0726905701504
7.50099647638037
21.0812061160543
20.1035013940819
20.310181994613
23.5455940635012
7.8391173763298
8.16089694903983
10.6064074143422
22.3676329832464
9.19703490795633
23.6885143101233
21.2978720163606
16.5140391084746
15.8094167951139
9.53638646298687
14.1929735451572
16.0141157688767
19.2853641090311
6.94359347398878
7.00040755733954
7.77720750187147
11.7480638574198
13.2751189304737
17.5609234847089
16.8598405060159
24.1401763938511
13.8782667981922
6.94171293939992
16.1870893230659
11.1548067083598
14.9072841583791
14.3995625570405
24.1221704306307
6.9431964171479
23.974659593275
17.3003083286753
15.40043578396
10.3678832895839
18.5579010708933
22.3940293358854
20.3497034106597
15.0370163508914
16.2460327825487
14.4548810245395
16.3201065332895
8.4005358358575
12.4105333903377
10.269470065211
7.44555362683611
23.8388713966729
19.49217427322
17.1202055251849
9.21520817294816
10.201097852848
8.10093980451221
24.1365448839426
11.7200664782576
12.1657150181654
15.2382917363753
13.0978705817842
12.628703372273
14.5463007797927
11.7105214765123
24.1500989568868
23.6641896299034
21.8999530142786
9.94162892155575
16.5992180459111
8.10719282989629
6.98530697077893
11.9563857082633
22.3201045136362
7.04759494618871
6.98510633675166
7.4625891984936
14.6163969059007
6.95801529352384
12.1283602619944
8.06018396721881
17.6658488778436
8.26072539987657
24.1349459347711
12.6530995320159
8.6165084631219
14.7849475182261
9.8460625165284
8.16370963275425
12.0149596498378
9.11760181254954
22.0532524491024
10.4508108493437
13.1532073929672
14.1054322093367
12.2710441199734
23.6628015079594
16.5896121301377
17.9788666672208
15.061988338527
13.7991946104846
18.774014515573
23.9081930352186
17.6714863137727
10.536217278488
13.2446533075044
15.6566238152854
23.2399935188256
17.9409560404868
8.48489022519385
11.1908680701285
10.8372753833951
18.3790337794594
10.9662597957862
14.3401064240975
13.850832811665
17.8343572426812
17.4585724840235
12.3977637387155
6.99643233190831
9.88448382151034
16.4129399296318
6.95524067808493
15.7638592647431
9.97271446628921
21.6458784661188
15.9453749990265
8.12165085939024
23.2041967362089
13.941025885038
21.590544850224
14.0399065708318
7.19873745231861
9.71016544722387
17.6263481308865
9.78004192739198
10.4428291453445
17.3177060745054
7.00128193024695
9.82779457985704
22.6175093184395
21.2565267146756
23.3956190318367
19.3176963197991
17.8510826716757
10.0802633613043
19.0727881115834
21.844055033318
7.00241044667585
6.94566416447303
7.57068240973296
7.68041078353864
9.84367480396421
23.8623722401229
20.1907500413568
16.1936668479862
13.8476964780097
7.11819325464904
11.4536088453533
12.7086991335255
7.20751054950053
10.5741286482565
10.2994068366272
15.6954354703144
22.4425774886956
16.7437713331482
10.921263844118
7.08685959921707
6.94129037755764
13.4698256381975
19.8380260456571
10.8987048787346
17.4467125413617
17.2797551315062
14.722001405552
22.5981619099019
20.7722179726991
11.9905423233043
12.1628108635445
15.9006453333856
9.15741020177621
20.2049715608928
17.1736537017119
19.399178580538
11.852658304937
7.17735040539996
8.77298603022111
8.54996910620659
23.3186765211426
16.9290942544732
9.14575825694248
8.52074204067713
15.52584483436
16.7081384949424
9.39776746611815
6.94455498384352
22.2932811300271
19.6924530439067
7.05856776560469
8.04725041534574
13.7166995551495
18.8768408955122
17.8273739769198
10.976532057358
9.47293642717233
9.18211290980089
7.57517711464604
19.830716347022
20.5189573642703
9.69225056172544
10.8704427308879
19.4968124892418
13.0153633255197
17.6939115001298
22.3621766134055
11.9936075987411
8.76742867382983
17.839588803474
24.0244631391969
7.0401599805611
19.9908370807398
13.6925082652815
8.06917097616003
7.60285905607415
13.4595156606697
19.6573927364782
22.7107424707697
13.0818027931638
24.1336965912517
11.0112022398376
21.347171353154
13.0890568115857
13.1049276392539
8.60611936158107
12.1098544147556
22.7319814864578
22.664868803039
11.1155162682038
23.9579309399231
18.7252546706924
24.1500364694088
18.9508118068886
7.62698024377245
20.704127907066
16.0284436213317
21.3943903810304
12.7761256461183
23.0366562095703
16.1360633961391
21.0608483788423
14.5241546550484
21.626865733388
12.0485728352359
8.39729790676157
15.3854143303416
15.2758000789208
8.35338196660172
15.0661501284094
7.4429555574477
11.785355298247
19.3048621861511
21.2343538088748
13.6383452893124
13.8676190080672
13.5528004994311
12.212645933465
22.2359055060435
16.5029734894771
10.6281969732886
20.0338963267726
19.3686714689591
18.8931143133224
15.9044983687535
9.08600501770375
10.8669838794151
11.6248750915829
7.68847982749875
15.7468309359263
7.25103534381475
17.6518366349105
9.56140841181203
18.4092654107519
23.8577490544874
9.36900221811262
14.2766457312385
7.31653491446124
11.1947728912237
15.4017746416837
9.25542894418725
7.50900576986322
9.41237828392897
8.67119967365583
18.2545423538053
7.50916685231825
9.53373699332294
21.637923345991
16.5720355283944
20.3890284111202
10.2569873273397
13.2253531632854
13.542954112192
16.8855778991582
20.8041922023567
23.931981875171
11.6528917817477
11.574676883655
14.9335519091003
16.915603145745
8.10746874456895
22.1113630154223
11.2250213327718
16.0810775953863
16.4873256560991
20.7565576724141
12.6072976664806
11.6298236095509
18.806901384538
17.9975229809857
12.9084240656757
23.9919571884228
10.2566343512592
17.114363596989
12.5228749261178
12.8094797094545
13.7900797343964
8.82108587012963
11.0061128528653
23.6648904767864
7.12634321267414
10.1863487005728
8.99330683987195
18.2453773887459
23.587672062438
22.2970880812506
23.1622100454482
22.5127426527926
7.85821542069296
18.0515892767611
19.3653760188595
22.9982455300369
10.1928716021162
20.9597826803839
18.4272307756941
13.1176583558908
19.365739358201
21.9113340005061
19.337626139173
9.65150212548195
20.5960423151393
10.2382757525504
15.2925932865619
22.8179372452842
8.04240175807924
12.0475181032256
23.8792405817537
9.67604227480369
9.20109420131603
7.06307016672075
19.2729544864866
7.28146704008804
15.9140868778338
9.09366720386188
17.5552827776474
15.7033139442648
23.7711476379054
20.7806617599128
14.688931219064
8.87945997693249
15.7991271356241
22.0583542218609
24.071240462887
7.46573344421146
7.67620902259624
9.25068430756072
12.8162852949607
18.0212159852244
9.46764725024554
20.9793275673565
11.3511638182655
10.4162508204317
16.4172074657872
12.8887537603346
13.0413322996397
19.0822648622035
17.0848578781153
10.184159822578
23.1072083657765
17.3913216381792
15.0870718899859
11.4186761293487
20.9399431396142
8.24191966619782
21.7784787953109
9.05044505614847
22.2923621074217
21.3922983021729
11.000089124515
16.6439315199959
16.7330049697417
11.5518155350089
20.5705578634543
20.3615605947029
11.2260751890125
6.96012709933074
15.8861176937748
17.7233346148831
10.6168269740027
16.9057779114026
10.5042416291967
19.7637993379703
13.9803027736996
21.2269969197731
11.2412503211469
7.06595213568604
10.4742665279008
14.1822119255982
7.37234576860271
11.2504371714585
14.7233855413748
8.23995641134503
17.1299212820127
21.3682720423124
15.8422688186359
16.256960400718
8.84201303558381
13.0830182601158
8.00653347745217
22.8857345943925
7.69080007092063
14.9647082389116
24.1484907465048
12.2040716029851
19.6248741466884
6.94133265541962
6.95029072201555
15.0987931903896
16.7377452758397
9.70824673827674
14.5902377418502
19.2707922236706
8.83835299544353
17.1818985889668
22.7576535694266
7.60530603792705
19.5322947696417
13.0343761274148
22.850976048098
9.58541748125339
18.1941077389383
16.195022539685
16.2599843025685
8.4133860599445
17.83996605007
15.440405641632
7.19216624752744
20.5170208747065
20.4367742214661
7.52138669691475
19.0790676314111
9.83423269026999
8.49222945112308
16.5920766390398
15.2499923247091
18.856942688426
22.3723419106591
18.8931709297282
20.0497195251846
21.8186604620524
9.12887419653481
7.24229075345553
13.3744569867516
14.9184879621474
13.7570609181783
15.9176539953614
14.9610310706031
12.3472837716285
8.2902161738448
18.6050731567697
14.5165883728988
17.7937276266444
17.001348757491
20.1200506124193
18.9348635041975
13.4195280754652
24.0993923037269
14.4758591448621
23.8247160100096
9.97819923859778
21.1683529464005
21.4006513676752
10.0553390123816
6.95298346303692
14.6360779604795
23.6158892118454
7.11150713630168
12.3443486872992
23.8136306848315
13.4099822092419
13.1385610884071
23.7977232548416
13.5168232852199
22.4594348474415
7.08798390539715
15.4637385094152
15.5274079169902
8.23504086675733
18.4810475253707
23.2436018697115
22.7834183442406
9.3350512396317
15.9946625757725
8.90959320060257
21.6707653245309
15.6564275666528
8.4028730021759
16.7397529147164
7.06606640511155
10.239104086788
18.3257474458389
8.71926672658178
21.8409661530017
8.52494471721562
7.98856626639612
21.643431486133
8.1579725588728
19.7725727243014
7.85268859179383
10.4782534062397
12.3248500998368
20.765131055272
13.1027679951142
10.1999253665512
12.2466635574916
21.2074268301303
11.301942168529
18.4439827532288
15.8061220225174
11.7283124299729
10.1457501116341
11.9404249376411
18.9389407220454
24.1292990443056
6.96928668680011
8.80132040422383
24.1501708612789
18.3276959425106
22.5124992107689
20.5899183334279
15.7332952008028
19.0334171631851
24.1501577717874
15.478872195211
9.96689078865981
10.7748978254663
11.2782139622912
22.422819075709
11.0830956872455
20.10434813855
14.6851657002851
7.62270140102721
12.9515204171342
15.723352655625
13.1319869740571
21.1237184261687
18.4029282299642
11.0471639707833
14.6360772319615
15.1016712074789
23.0304572104429
17.6087871061836
21.1062043588763
23.854662206385
20.4013055467612
19.3875376826498
11.9270002622931
13.6924220053778
6.94318181518699
8.25969412499587
13.8487367852501
11.6994498397873
21.1460657422847
6.96791730377926
17.7903035725565
21.597342380967
13.747934107478
7.31460505729217
10.1076271092804
12.435783773861
16.0207091910891
18.840978091725
6.94264429103421
14.955173089016
17.9028265520165
8.0771405364123
8.13646614667069
22.2003066678464
9.71578556512162
10.7321545793055
14.9840355291302
10.6064651848139
16.1286900349433
15.7170554180116
16.9620181465692
15.9312163252428
7.65940644210968
7.11526691863166
9.93065191931922
7.0043244642341
10.5070957622334
14.5564357288591
21.8220492761049
19.9622888447228
10.3564111925835
9.0787123427516
23.3120638113755
12.2828303413792
10.070065536873
13.8583995853421
24.09661911276
13.0485483973914
7.00871801862693
15.6574888863089
22.9515842220398
23.1545892289424
8.83218522938535
21.949034866358
11.1485021451161
11.9764625359936
10.1374483936679
22.8864510646591
11.0534003438862
24.0378515718569
16.2800657248805
15.2783085735535
18.643713665399
18.9740180877192
17.8422558253196
11.2707939681772
23.8894499014117
21.4208406132413
17.9307200168468
15.9167538813773
12.8364973297397
13.9975800697113
7.90437187600493
19.4228390329312
9.33393474274297
8.23209824870048
7.98531348598342
21.8095567166518
13.3847453292364
19.1743808562546
17.4969687528697
14.8356609173212
23.4176179092656
15.1514194667305
14.9564575574875
20.6336074485515
15.1362976235978
15.3288525035696
23.9961939314792
7.0834475617026
9.81519634544475
19.9622827977824
12.3948149910128
12.5688039943652
8.83715029023666
23.6696267531039
11.3179487914358
24.0575722550008
19.3061364106863
18.8540684778567
6.95289163934348
12.905604513449
8.42074672942224
10.4287464766717
15.4441481479143
8.60678176283836
11.3923224379127
14.898222099625
23.0744860098209
17.1858583898612
22.9278167003215
15.0343234591356
9.26881162917217
17.4671422729185
22.7556899384269
15.6743367128477
12.8201202804094
21.5558987853693
10.2607970500616
16.8054707316424
23.253871052835
14.9898003615032
19.454569543098
23.5031550181029
18.0260226174853
12.2462011439146
18.0076102763417
23.264268311302
23.4750296030886
18.2898453952841
23.7685693206902
9.86954288915375
6.94528188854688
10.2351721145276
9.12283546704308
23.9272952975122
8.10727419630398
12.8253108253078
21.3329573687489
22.9497586083652
13.5695653573107
11.7017375346627
7.37735606619031
19.0188953591666
7.47852206195185
11.7265728300743
9.80865500550471
23.7145334031744
20.7203884762274
19.1950171186301
15.4672718284494
7.19647090790196
8.07274941688762
18.6423283327501
7.04723094725217
19.6750131473914
23.1547813522762
13.7710386160731
8.01554943471014
18.5917161494232
7.0499908878608
9.00072984298355
13.8545776857851
21.1926787239005
9.28712794460655
7.86361365857619
19.7499247283308
10.5057258085772
19.3137692672657
21.9672094848212
23.4580210344274
8.66762845017377
7.07663414497699
20.3696452905952
12.2925636545172
22.733336234795
16.710774846969
18.9765614328625
11.8728630924353
14.9178817757332
11.1909274097573
9.68780809148011
22.9896332215175
10.7012967745259
20.9034331311852
17.6718794853872
14.9005844120755
9.66712459586489
15.3625358692424
12.7786662785551
13.3753960957728
14.0748530241426
10.3127851313145
21.9897686062089
14.315533048644
11.8763137018934
11.4042373469798
23.060030568688
7.54498096455478
7.17715291513048
22.5689802097682
10.0878597061497
10.8687632906531
20.064304439015
11.6394380821264
7.54310186200785
9.92051577670042
12.7410846795999
9.47236218231812
13.7073423637037
18.6044420083992
7.3581188630141
13.8737667450045
11.3056166034819
19.6318442932251
19.9413231631825
6.94803153883107
13.6304361648149
23.3594922445718
9.11414194292481
19.7873429933982
13.8153666570336
19.3324287226008
17.9939104832746
12.5660686284613
10.7539927329815
16.606112751322
18.5819702203861
10.5537248941373
14.7578727744417
10.0494251300418
17.0470175886096
10.5118728365765
10.7681795143494
12.6901707969869
13.7146105817757
18.0861741465719
11.3694960299727
10.5731316166638
23.0963585543536
15.2788637367848
16.5607653273818
11.6800488719332
19.689276461931
17.2926120941195
14.6228999350449
16.4220275122079
17.0660769263838
16.3778446835488
18.4761739063592
18.6326372033854
22.4184054527118
16.9667881470549
9.87747273792807
21.0374032456081
17.0624532370118
16.3272065966255
16.0258381152907
7.23657355483366
19.9563887469003
9.93262326019647
19.7970190198472
12.3828935206297
13.9160616208663
7.04034269968966
8.48788531574327
6.94744154997257
10.3678315330863
16.0052461174499
15.4347574786496
9.05539381249757
14.5677346749096
13.2507832339787
7.97271475817504
20.0376086117883
9.82233052497006
22.2647530644764
21.5327341515317
19.5181660822737
19.1930860572122
13.6273076772572
20.9048530551935
18.2354723096612
8.75088432948715
22.6104916962142
8.57608175384823
14.2336237155713
8.25046050045248
15.3860229808951
8.97238532221077
12.4709387424602
7.63339381242619
23.1610087728045
12.7743867226405
8.3074318883987
20.9904500849167
20.5094303717844
17.1814847193392
10.5627515574605
13.1114914354042
22.2509185088929
14.2087147335
7.72284219107051
14.4198535110994
20.1426214113723
17.4343191040743
13.0638105207116
24.149624451624
7.13103093425467
15.5663196433855
21.360955057547
9.04322945459031
19.0026997821635
11.7944691083965
8.84761715659943
15.5469427367974
10.0192963404152
14.381088866383
11.1510296663352
15.0341551505288
7.68095646944905
12.0224394851755
16.0654245810155
17.3419693917047
15.4537390851556
9.37920331341213
16.0905199552322
12.85077506366
24.1325329342355
11.4455055796639
15.162455033251
9.50466487741467
21.7930341959408
7.35262515705776
23.9110580419901
15.0578911056937
20.2858187224308
22.5628093219031
22.8315056027776
13.5069801360519
7.725938196055
13.0430854551067
9.09609038311973
9.20943873346322
19.1334020664817
21.6902493999307
9.9480719136534
9.93934549321797
12.98223848748
7.46027380416068
14.7384798845743
9.90495551632576
21.00986408553
9.5477719341588
20.6390101785829
7.97991614432649
10.156391931123
17.4712369555756
10.1007341290133
18.0339944507008
10.7910748107658
14.427715094649
7.57576233425435
12.184569444082
10.0773579333494
12.5026319640759
23.0376359812067
7.02547358287295
16.4672063702634
17.1891690756794
7.25980533189925
10.9136334083276
19.199551454636
22.0162999720058
8.30649599999729
22.0365266521886
11.8184175894843
9.827299974769
16.225283853732
18.6456346901288
19.4561338633263
7.04354114043749
22.8486933492903
14.2198647919943
9.71292226989279
11.7534579996171
11.1529426765148
20.5284108747271
16.5547709432383
9.31528852697845
7.27178031110304
10.6964979560387
16.6347226216006
20.2583658445469
24.1486216167915
18.1863103752774
15.9059653091461
12.9443808566687
22.9836273843802
21.6167917678615
10.8362226439331
8.3566467330368
12.7209811979154
10.0827231880909
23.8927723844305
22.9806962343341
11.7147718767585
9.35652452757056
23.9545637752612
20.0195255891074
12.8051618332019
23.8365797482848
15.9396214403873
20.7358194737151
14.2446291908037
15.9246788003022
9.58062076286097
8.24547211710209
11.3955164312561
8.90814432432153
19.3747884240391
21.803812915762
15.516251953358
17.3835172563311
19.2558328494074
7.72617125143073
15.0856567221068
20.5617267471146
15.5209675830874
9.82030022614742
14.3148571716252
15.0582713916613
15.5808128459117
16.6592169152865
21.1023023659456
6.95180362659322
14.3951930831732
23.260620371855
9.86738311709546
16.9088265262016
10.6316360324935
17.206250116393
20.5146464876954
20.6285471320687
20.9051784807798
18.2474375929071
15.7742155645906
8.81281340011644
11.2306303877775
17.3698450770419
15.2396881202024
16.1175656805285
23.7191396128122
18.0793568444157
7.79725233459195
23.9696311841578
23.6443856308689
7.47490735808099
16.5187049918504
15.2199547150709
22.7573182837636
6.9563865024793
14.5577341987343
22.7047360811072
7.98407936833988
12.7064387956612
13.2871281127765
17.4293931726448
11.4542273276535
9.23658584201975
14.2698107274741
21.218778498678
7.26432583774179
12.9857004036854
20.6331517593351
24.1497882028438
13.8148522642215
21.1931276222776
7.35321904169106
17.5181809253369
23.2461198102505
17.3451693950077
6.95102753875259
15.2531209321463
16.5128273712809
9.85939471322302
7.45274428165572
10.2844089526465
8.59360065014116
8.65952225099426
16.6923355126418
9.86227646329053
8.33627578530059
17.74231489819
21.0569675536871
16.1228162930428
7.5878126367421
17.5435814993198
9.04190849822826
23.0870220303801
17.764537119463
14.8000541669688
10.5366873132164
7.35509226496562
22.1472572585645
14.3886232609523
16.8073805048811
21.9279314552772
7.24456364724214
9.04458602978288
8.85104337870055
20.3613147084274
15.3951648933103
7.04661151783465
15.7471574422268
21.1222687009854
19.5267081860826
7.60959499132058
12.92835848663
15.5667223522472
17.3835700063829
20.9038380573907
11.877144300769
9.06817684863199
7.16476558011092
11.087799373506
13.752480044811
7.02931837395096
15.6069083164716
12.0376675624506
23.6320776527886
16.7572654960523
22.9733305965692
17.0971363544769
8.33109128288755
14.7720984737598
13.3215155225218
8.28264507178794
8.32844832578703
10.2911809066766
21.0714704685816
11.6162362726623
7.20620808187887
8.80926927117746
23.0430290715265
21.3973647967662
12.4179441764816
16.354149840967
12.2487238745693
9.43085058272846
10.6066960987101
7.13692591674585
12.6431734282083
13.5493583734221
11.8945061392593
14.7550454261937
7.76289323482459
23.271688694818
7.02495352789337
17.157916221385
16.7502829377122
22.9130109955228
24.1325676891934
16.61639951511
16.8741630014281
17.7155189376398
19.1372707219514
20.5856903299502
13.8709090478993
12.0056222085069
23.336890732502
21.1913021024938
16.9042472376824
8.16362428229633
21.1350013411006
8.05940385368445
15.2210115784789
7.96485090284934
16.2925338853319
14.137053632028
20.9335684642072
20.5605742528275
23.9212392069081
12.9087740737565
12.3592250504857
10.1937744140134
8.38622640602461
22.9308056070268
15.5800094876183
9.79452190303189
7.55327660780371
7.74013606254974
20.8074273167059
6.99643535587396
21.5583510078705
16.631020498694
19.2168062270105
19.2657092952587
19.4747161035322
14.6178367177766
23.1039829942615
17.7024065354912
10.2603966288852
14.6593337725393
9.0677704153608
20.5832760537657
24.1468718063357
13.2217025025862
13.2818733506016
19.345069169617
14.8080652466435
15.0092869739076
16.1782454458907
8.59333673241999
24.1102222850074
12.3283491311023
10.2583596297253
22.3247337472931
20.3514438618846
15.8451416969078
18.038534446229
23.8901563978155
15.2554568093372
6.96944481961471
17.4405734725114
18.0635992367934
17.9619714591536
8.33163167743604
8.51633309136787
10.8016751268636
15.6512573920058
6.98271188998111
15.1241919070313
10.7825259878545
11.367840276154
9.3121289353846
17.9187761166949
20.9969847547386
18.470808623067
15.0631315562975
20.9640869515569
11.4992297723482
24.0688020373307
18.4096645829952
11.6073578511752
22.297905470193
16.0636537405667
9.03910134854515
22.5480802324648
17.4570192582389
11.5173101773247
17.162095914945
10.6012260837765
7.96652819316597
11.6091850621292
21.5734711854717
22.1186697369896
10.8668560881583
19.5993155585375
8.71935590922185
8.81084634355976
14.9619447992777
8.82612713805734
16.6008590847251
10.0437861590303
17.4681504232999
19.4098608540456
15.177028378423
23.6034476095712
18.5984372545414
18.2342472064554
9.93961466008919
21.6593148583479
18.0817631908069
9.60410664135036
12.8220154117839
22.8551793320637
16.821748489194
7.74158263324733
7.38869326095687
20.8620697479058
7.98154546258398
21.714970718194
12.4262665335914
9.0426725293393
17.6649809779102
12.5495196396774
13.2908350725128
15.708077313516
19.9043910277457
23.3124912433412
8.59387889004605
9.90677885982535
11.1971695628369
6.96584078560996
18.0082126299144
19.3589758631227
9.58326042393102
12.127044464715
24.0902654611751
8.34440845865412
18.9710880853628
12.0309302587977
14.7654675921964
22.1297333970121
20.6728942541176
24.0422141664865
20.1674537881465
17.1687968782151
9.09455700676285
24.0463255484472
9.36932647952119
8.08789741061151
12.8603344344485
21.2775906303803
9.41778484458973
15.2101630423583
10.1312930746536
19.5386669830723
15.239192871164
20.3963012212558
9.15358146298239
19.1903163125568
23.15836503311
12.2702734256271
6.95871928865103
15.9299892173023
16.5736704302501
11.8356721915633
22.7689778278286
18.147678181065
8.79102205844673
8.87797685205983
11.5903590242612
20.9144985758264
14.4504946573096
17.7157816482977
15.5378963577645
16.0300208921528
23.9332315490728
10.8356225609367
15.9675720715686
15.9295045778291
9.90489349042607
22.3647040907804
10.4755507905775
18.7075325009834
10.2009219563082
11.3280195837722
12.2138600484815
15.4438549838188
9.42594526254857
17.8975459615564
8.33643866632425
14.3010010030123
9.56171676467719
19.6877910500984
12.2173017205219
7.61469626889064
13.5893629754252
19.2309567053306
8.13714511721086
23.8126946648795
16.6576738562663
14.8464926779539
9.04084303817189
9.87802992123596
21.625803842775
16.0387336824145
23.763087248876
13.0295453394334
24.0758469808282
10.9264363393143
15.3721947681652
13.1671862061918
8.24113353910403
14.0714890830053
12.2113245572382
13.8278333750028
9.72650899424779
23.885189919058
22.5607525976921
15.9095667437146
16.2159002265055
8.82839897235522
8.73248439259914
13.7914567181317
14.5510841740681
8.58835151303022
8.48869045427072
20.3462955206673
8.73498409795408
11.0424123003185
7.20601875226284
12.2718933531523
10.309909409444
12.3602759786812
9.60569558028394
22.0878921453366
7.60317730556449
23.7790039260335
7.83011383140026
20.278674581619
17.8394734196146
8.81634356719652
15.3563430678441
11.8857316864149
21.0225900408891
9.17900931692548
16.396702434536
15.714784319582
21.9872516520099
19.5956086293853
6.94315417659758
8.95542829453438
15.2586841662153
24.0732135176583
16.0734723958355
22.9428325364774
14.5546289280971
14.9016404362066
22.5416512816879
21.9010108497566
9.78977898355819
9.99371831209924
12.2570630730777
21.6507138828439
7.03105817002927
7.45965692601237
24.1432657811024
20.5414444607286
16.7521492811429
20.9046843914009
8.10322994579175
23.0608292095192
22.6298582692708
13.9204341937024
21.1079598210964
22.2835213102349
20.9291081754593
7.73251659597087
17.021483280122
8.44783369973026
14.2521088087889
23.5843594068315
14.9826005748344
12.9809870721873
11.072395633314
15.6357597342864
12.7300207152541
13.416769989154
7.42617697762659
23.9113843878092
9.64034120186617
19.9950375487254
10.6358701997491
9.38994478696889
23.7066650465193
20.4176801810278
16.4872819424891
6.94028604077766
18.8952830680918
10.0275864970084
9.06729352236654
20.5248589431209
19.6140508517711
10.3966610314854
7.35694093720354
10.1510946169919
8.26021304487265
20.3826957570977
20.1213166934756
19.1228003174138
16.8527019381896
11.4105939440855
8.98974247362256
17.3300869780687
8.19062668375699
7.16539050842913
10.6079204460547
9.43407731416275
18.078936436204
15.9694039818815
16.2585840191629
15.7941244564732
9.64316520337689
10.8285499243625
15.5965892320345
9.13221268401937
6.94152242437639
16.059658145224
16.360439394602
21.6658081735686
7.39295691814835
7.50451124200684
7.01536713023528
8.08708482654455
23.3024725309052
6.97369288002402
22.4034927949038
22.7653158896571
11.5325898659966
11.2095370112862
18.8987881000218
20.2922880792905
15.6705854761217
11.819722714852
12.6335153149389
14.1901413142915
11.4643297227834
13.4153675607808
19.5742432280982
15.0659335618933
21.1932635006214
7.81331353859998
9.78603669967864
7.56828054959211
19.5014653367898
11.5296431544083
10.5683376368317
8.05624863523862
18.8369408239939
13.6334975803377
21.4314975816885
15.5192882194956
12.4609000543744
15.1513496534179
22.3474935521032
16.2592026187982
16.0730349263161
9.40976255218871
12.0954911378804
7.53024518679348
23.534966882617
22.2191830428171
12.7543762785742
12.9538857354524
15.2239699616149
15.313377287354
19.8089895179591
8.17018139677656
8.20555247945784
7.06772151826867
14.4909513589752
13.8618857435423
6.95684780260775
14.8901682787146
12.3281169901912
21.341541989385
9.98008320267448
24.0021169747505
21.7291712185231
15.2207111169232
12.6971227754072
18.2199263255801
15.2457330921522
7.73083317216888
14.6157174913425
22.0972711957938
24.0563484403776
24.063442637825
13.5449578567639
14.4772620430642
7.70539982545677
14.7915647877192
13.7493471621463
19.5236722336777
21.8912951162018
20.1449291576028
14.2720216688002
11.6234472027634
20.2853599052238
19.370134368719
23.9935246485529
8.45215613665963
7.06134907821516
23.6244921589003
23.1278256079362
18.0885709139564
16.4734984596763
7.78290925567492
23.4783899723865
17.6344004674829
15.4549285312589
7.19861280376438
12.0374700268375
15.3399219378307
13.781593900501
8.89976279600583
9.01911776005653
9.84303912038962
20.6486501553379
19.9904754507836
15.0224194068528
24.1115533283788
10.8537237833891
16.8221914388299
12.3293103461839
20.7384175612914
14.8750300634384
9.51485213105779
6.94410948359565
7.52364718495448
11.4810178371419
16.142070035257
7.14265567506567
7.32735020617111
22.4502844255487
7.81545718386246
9.96324678380373
20.5938434296258
12.7016831996561
10.1219398608362
13.0617840832184
23.294897311366
15.1734788276104
7.96239582827585
21.7940138800528
9.98887706089919
8.42505411389317
7.05311829101089
19.110482646455
20.5510043260657
9.95522757142017
23.5759521078931
20.3252656162508
8.58625868295964
12.8119541853803
10.7695911509264
23.0197354087197
14.9026442791137
9.39597609725527
12.1349747621987
10.303304801564
14.3426579758465
17.6074395462637
18.1524184466468
16.2856556407851
17.205722387532
21.259696001268
20.8071693383504
19.0419696656675
17.0371768464082
10.3095203096087
10.6460207577325
7.99376251528096
8.39966305955596
11.4606364056118
23.2426836354334
6.97732351681583
16.9066006389357
10.9379207003466
10.6597043712412
10.4820054984946
12.2299168839437
10.0571738621602
14.3497956632453
12.3390521319264
15.3976163090367
17.9118458555164
15.8142564601625
12.2183665051573
16.0976881534972
14.4854484694909
20.3427307320724
12.4246421544903
7.98427649880966
21.2700777715597
14.9947960094566
17.0306193803851
12.7638906884482
12.8938778083798
17.9563947980368
20.2507376191216
18.1187313064861
6.94130291742227
23.9646387586481
11.0687395091176
17.8916839004282
11.3122920885479
14.531735847633
19.7293727024341
15.9845029463646
12.0457361374156
23.593296766684
20.9048037740142
12.520477946422
20.2533228112484
17.3786669578767
14.0759975520243
7.46609518247243
6.94273699539276
9.87841969723397
13.574997224426
8.09461910207393
17.4828501038832
8.63335002642401
17.9018484208556
17.0636679937614
9.04343695698421
17.0289489019027
9.10924105155528
8.04119768663648
10.2327652823696
18.0427946098399
18.7301979592275
21.9876737585097
23.8514493026197
19.7065625721985
11.1288746359971
19.2063131860943
24.1117435713935
19.8826574985535
8.41620551711796
7.76673981199445
18.7683652132129
13.0950667324771
22.5720499808484
22.7669460003651
8.42913858287155
15.4460393053636
21.3324772381823
14.3459926183504
15.8850448603262
16.8869191519915
22.5843327906911
15.5810579282104
11.8844639549217
8.53071297080039
7.66135849479325
12.3566293961417
7.84493054436799
20.8560929542359
23.9584527233639
16.9221277461472
11.9426672141602
22.3603371545275
15.1265224175847
12.5196097798404
17.8869254111432
10.5616562772514
13.5305176328482
22.9234616301373
10.9672232697459
20.7712742615585
24.1486099433099
12.4223694727392
14.9715100101459
16.4871636275077
7.56997632705101
22.5611500456008
20.0278047519313
16.5623290921851
12.152602572626
7.32080482779526
17.7157624918257
11.2794383981753
14.4787268594076
14.029462693249
23.9498952026335
17.2515881758282
19.2399584119731
18.534126109662
7.42942601044211
19.3987258148168
14.5592150222632
14.0196678897622
16.9148020581829
23.9127249678202
19.5939458517752
9.04665443511263
13.0031532489035
19.2790723965807
14.9420427907946
7.62326482254741
19.6822275894128
19.9179148762363
19.3012667505276
13.9729489480131
13.5534233057038
14.5613590175253
21.7388983041936
17.0766336763933
14.8547453481672
8.28125238712369
24.1191506363004
18.8510947139017
23.9166986154493
19.7275499152861
9.11745336815919
7.79527135013002
13.6467783001471
15.5495782001589
10.2645234575928
15.9734306120426
14.05077194671
10.9487473232125
7.99387552296996
8.26763036697788
22.9504734510351
7.06800666303628
15.677685922231
16.9609523065255
13.6242259009714
15.9373131738224
19.13906823067
10.8550805240773
21.4528900002788
12.4219227349701
21.8826677868585
7.63466333878068
18.3331644289325
16.4934027809509
21.2278767784226
11.6539493194115
7.06021505444083
19.8388951456217
10.5783617927278
23.060933101531
7.32778481683122
7.42352104191915
9.07934238864188
6.96098248540223
7.7407882030503
10.1430470102121
23.062876836175
15.087545726897
7.13359991676451
20.8425079532494
12.7140436519483
15.7662430406697
8.91393636896983
23.7047654795868
23.6106904087667
17.062237115875
14.5446572368563
18.3096258483225
9.19962027223874
24.1230451457798
14.2612977060852
22.4969809115729
8.13904173692697
15.3797673570553
24.0909276709529
7.4304946393595
18.0442857666625
8.00452390074952
17.7961830535892
14.3036459860053
8.2379968159243
10.2402632041866
13.1115606391744
10.7263144263202
8.95419782977539
8.87568854926327
17.1525562037285
10.1696527718774
20.8539130789178
11.2121692953722
7.46531814851058
16.543625982491
20.8345686680022
18.5158697271464
21.1910504310197
12.7545575440313
14.129993159078
7.05759033727768
16.399432369362
7.53306566965609
23.3561773084148
7.05963885575542
22.9544597580353
9.26654228704708
11.8704345679655
22.7192625824184
8.86615775821886
10.9392371079628
20.2455691909875
22.3764729843721
14.6599080289107
10.069305907486
17.2272469815397
18.8971630733564
16.3037040961284
13.237835016339
7.05867183373632
11.3703858667284
18.1285332637608
24.1418370138608
12.703352828101
17.9774273915217
17.1497873886611
10.1588388735078
10.5115528940756
15.7576508605149
10.9719997904008
8.76087296685086
8.56868705118312
18.1269102186781
18.1119404523653
12.8301932825531
7.56023339332706
9.25442813956264
11.2769668557465
24.1438679789785
16.2574686587487
19.3639941743441
21.6662033899439
14.4293598591031
8.77773235628567
24.0988136101678
14.4704690605723
11.598133854645
15.6391521835133
24.0366707770568
8.79596241275465
12.2492479888178
9.38960619607998
24.0861533681209
21.0612139042957
17.1682071591382
7.87032278618448
17.6934228357702
14.1103852878565
21.1165383875047
15.7558804393533
18.3734426269319
7.22899370775071
6.94117735079941
12.208880819882
7.8292512871864
14.2551892757628
9.59823120417613
8.83796860696692
19.0049839067678
22.1612712785426
23.7980013735887
8.6875131581522
16.2901516200275
11.0303752976827
23.9788143530436
16.1736633864362
20.4725782260894
13.4851458720377
8.74896353310557
21.6817819367212
22.6694166744431
12.3455997386732
8.72457394680814
13.4225844331439
12.7341111183192
14.0538047672609
16.4230043284523
16.326924971228
21.986503267432
19.9361056455201
21.5642335733535
24.1181922719457
16.4357858974488
7.51834893421699
15.1653548013468
7.40852531611912
17.9252430301403
23.3202091442029
15.4617010148669
15.9219852376695
20.4091807235053
20.895331805707
23.6943155192284
11.1796905961903
24.1357280469698
7.45577534699307
10.1516113669401
19.1836560219851
20.8724066558716
14.4387041140551
9.71439574908974
11.0626228314211
21.3651060824443
21.7027595686822
15.0895685652235
10.4707973910203
11.8547633638415
6.95606682934912
17.2572588399258
15.1298627564249
15.9030242697083
14.3002023214594
23.9308315361105
13.7435345057004
14.6150981366392
8.04714351021434
17.7504805111879
10.1643206819863
13.2036835146918
21.2629751979868
20.1949956134272
8.41970618685027
19.9867496816074
8.09501762873089
15.2986332643842
7.00229149807628
14.8289999982546
18.396272714206
22.9711049876172
24.1345748520131
23.1324774736582
15.7645650954428
9.18878755690743
14.1676272169279
8.90107907355485
14.7632949834891
18.7839961088074
23.0604464325162
6.9478139276588
10.2577846198711
20.3852263462731
9.73328911694188
13.3479257802467
17.7316369327371
22.7530464365455
17.1679715004496
17.0620651255942
21.0520545048931
12.0721352719125
18.9672043327292
13.0854147698969
14.4721215199734
12.7130736711848
21.5853086502062
9.29460829994867
14.4796472359476
18.5329768181999
8.82284675817696
13.5442449516432
23.4756489452193
18.5657482563421
11.0350102957303
21.3514714584033
20.3020099942954
22.0323433056752
7.9750043841018
19.6790125580726
10.3273210015158
7.0241892696044
19.7751862860354
9.63768365897716
22.6042806602997
7.01233809248366
7.01919281340587
22.4117636076695
12.4169014117069
15.9055069919779
19.3690601596506
13.7333998212126
16.5420449186517
9.30347987238286
13.7958052533117
10.7190020605838
21.4583394615392
23.8502680133771
14.6362411973009
10.0951147979063
14.3028344615545
13.0574654534079
11.3032113726338
16.7237465230608
12.3619221342716
24.1416390010909
9.70904483578097
13.4777665899355
15.8432950886574
24.146803287409
11.2165144571121
11.2742256239242
14.011439256781
20.89302099755
11.6160128443544
20.4394998106564
6.9709117646724
10.9467820381037
17.0973652926005
9.58848337503102
21.0919982895283
13.7061641712984
14.9695883418104
20.4946409716623
6.95377327038878
9.22909950801739
14.4559083811091
9.50574828273444
8.74438326787341
17.6856731386963
14.9021816370909
7.68249746633397
7.54218565530228
7.89330295352265
9.86469264565481
9.03548066614218
13.9359594233519
21.4037076817121
17.2998898086337
21.777764000494
17.6062536977674
17.3656310985063
15.9539259828186
8.50094646273758
16.5861542874322
10.0788878296298
20.7287020485139
21.3814472781768
6.94196093644874
10.8272770752849
7.1168021273292
20.24185921675
10.939879079428
18.6077759376914
22.5798175797517
21.7931511148481
7.2069602175463
8.39568897636682
7.22039122769444
22.8637128457499
17.1865310628151
15.3546003795532
18.3569960456973
7.08226187742872
15.7737814173916
22.1288874180467
7.90146394765601
14.7675397370422
13.231162210626
16.1218482052177
10.8334957187723
18.0546708338062
20.0761385140566
23.2746212313077
10.3931497830039
7.49066339322837
6.96413255574122
10.8465756200294
9.85979665849412
19.1873619126055
16.7014990612103
21.1427411252967
7.77495652970598
6.97262418713663
15.7700222149456
14.7768377130392
12.0190075411385
12.3819750384806
7.0434860525618
14.1397762021845
10.8380759385338
18.3359403432171
9.57772370352984
7.63986145037221
7.01762654883371
18.2043039122514
14.2561362788209
11.7247255143007
20.5654724152844
18.3129803410897
9.6588852566694
15.0484478353069
11.8716682845759
14.336901473827
7.94657081837076
11.7220764589979
20.7678495542219
13.174800089653
12.2072598329819
12.0756022354016
19.8217914153234
7.06405592690999
19.1019201329301
10.7596181340879
19.4091281146952
18.9910223890513
11.520955219644
8.62346343730854
17.083085159426
10.3570134892849
20.5328418214643
8.1936810221776
8.18309085348372
16.1890232275013
13.4706029184711
14.4224511387961
17.3831902000134
18.8348173604398
11.8134308337187
7.39681599836226
13.1596203051244
11.2633371403053
7.10810237275893
10.1527698701829
21.5880697144602
19.6707867230298
18.4174134228882
24.058041725091
13.2973677906047
20.8227748293302
15.1907450882883
20.0230877972893
23.3533930976614
16.4328741008567
19.7304293896412
11.6888717911556
9.1597122907062
10.3585832917008
20.1670714731457
24.1410930518258
21.521064892001
10.8695490214764
23.7957718298856
9.35449407030178
21.994875642302
20.1357705269575
14.1774761294958
13.8914569638033
24.1222187157176
7.79268047599251
23.6948568997565
10.4671277915245
22.5837661724399
8.98446845095762
17.6411253189377
17.5651325835187
23.07869739748
16.2733804438903
12.842896145641
7.96708780274125
10.1478445794734
21.985698801413
16.3838246496313
7.37959116699923
18.6530815519334
16.5550928756065
8.66284742175773
8.3545323158658
23.0086800065779
6.99043539564215
18.3098830279143
6.96651844612051
18.800782510907
21.0639374318816
24.136865030104
23.1069649438626
18.3041646567361
18.6596079942491
14.355947845604
21.3563549610179
8.41926735979838
21.8582856752581
16.5955153089945
19.0367606339174
9.3842875276448
13.6647668797293
12.8915749144845
13.4894159814994
7.54976734369054
22.1043594427308
15.0324646943408
17.5456353887914
17.7991355774318
20.7618148669436
12.6573932841159
8.7371484843946
20.6946043665085
10.0129533248426
16.6236202841003
16.3035108826076
12.9023260515397
23.2023337963017
9.30883659977315
15.8302237844339
18.0210506212511
8.69608274663109
7.27333844755643
23.2793046578686
8.51798591158277
10.111496345312
22.8058505830066
12.2481715632197
20.9183934348108
21.310231162207
12.5848246709715
13.913777404966
14.1440260854713
23.5860376621045
8.47185107356605
7.27264563700634
7.29106730995398
10.5673708744005
7.39621673274744
8.99204052649229
8.36215081545749
17.4301356051465
20.8135276363679
14.893272657591
7.01019683823319
7.00034311085994
15.2176910945158
20.9641412050918
23.5654697682536
16.6724397539592
16.6128370842129
7.23695274064443
18.3208126133504
17.7893579651528
23.1200139782095
12.3317823720399
13.6534956317555
8.05639456341172
12.7130161445433
12.3002868915919
11.2212113605052
19.567777128365
20.9463889280814
13.5269126676578
9.60981317275723
18.2304103834442
11.679511725678
19.5991425278571
10.7319914203348
9.91518137336994
16.1196572415791
22.4961898220533
9.88413516323592
16.785532153524
9.36441605903601
22.621513067693
10.5586261573181
8.84515309607153
11.1350789824637
21.6611740946773
11.2696379048145
8.36300141554195
14.5390228108789
7.47711525914343
13.0684730676341
15.0697684092054
8.10625175402355
13.4939852377887
19.3547048974494
16.3550492641943
23.9328704574338
19.8957336189774
21.913111002999
13.8630416564221
19.7735870435079
16.5896872642443
20.5539404606372
20.1247750885468
7.58081353352665
17.7375442583774
7.11033358337276
9.55123551427324
9.07190804886935
23.7392511508381
23.1604226013602
17.6806787098241
7.27190355394649
23.7571799204131
12.8000080983317
13.8316842762899
7.56925466324109
16.1558290520653
18.0268544409284
15.054645070686
12.333426471763
6.96345783366247
10.8646031184935
6.96831188720761
14.3795600123752
10.3053818209895
10.7486066774286
16.4194008184883
13.4489980349987
16.7921488098956
16.4315825561962
9.25244553524364
13.6260875967126
21.5597216894868
17.7571516738784
18.8710188294339
14.4007078179969
24.075783805178
10.9853146950213
7.4623926035046
16.9564469682558
9.06978916917761
11.5524642955421
10.7197302625213
7.13127735449193
11.0529577903437
14.9366534787277
9.5326962555641
19.0806581645285
16.595835651358
14.5541419270634
18.5202292699102
16.2695547619111
14.0445716550458
19.0192609261103
7.00670884365438
7.36765541568907
23.6494801056856
24.0666650503759
6.96596669921357
14.3696347124519
7.07405069187497
6.98182755123915
13.5146900889103
10.6547535673362
12.519954821696
10.6979613427547
20.8108999363687
22.9635126636209
24.1216863178141
23.7873552515455
14.1083831408475
7.17536280702905
12.8100669202627
24.0807780312497
8.11170014341958
19.5371286978961
15.6241275177433
21.7235214559038
15.7827730081626
16.1746520925609
9.02063159323253
17.8238430247487
20.8888737610803
11.0529859320363
7.11327975044632
18.3268861113812
11.5351148826978
12.3980099487481
10.1606067746422
7.17317840340899
16.1070299014643
8.65842968612696
13.5652241997741
16.5246909029201
20.1504908290401
7.99491217893774
11.2634104192765
13.085741327796
18.7826730024607
13.872038455134
7.59702630867297
21.0362009899952
8.86085080002395
17.1118791354648
10.4341861428702
7.89429773636923
13.7381416663878
24.0314900498188
7.44871965341527
15.7645392833805
17.273790309803
11.113961724932
15.2293053840733
6.94452841007072
7.25815695999266
19.3014262617608
23.8311017327493
13.3659185239296
17.7370134247856
8.24307492165263
19.1213064335212
14.9013550015534
12.1585595858671
17.5953412795541
16.9813095249022
13.2319542185831
16.2219310515097
7.1352616950115
7.3918899652895
23.27328123461
12.864725668531
12.0479772911196
11.4929071259198
14.3671762978303
7.99161852293177
22.5635540705471
23.2201655987816
23.3685820927931
13.6805378155407
23.1312307938961
11.4414965349024
18.1743256193294
18.2241053806744
7.91828430074763
17.6283865413805
7.18657790346925
19.763296653695
6.97962784964451
12.0218503939515
15.7209645100592
17.0148607316284
18.2483735781908
6.98019034636052
7.43667948979507
20.1736188537853
17.377625367305
7.02359213899426
19.240754677395
9.0361272366299
8.53297980022204
7.58486954007569
19.1101538261782
9.54492980156688
20.9828873426726
8.38925483483583
22.5918830900711
10.5995846592251
8.71019308087299
11.4884452167879
16.9035187950253
17.8009406358902
19.4685704955663
11.5410544251974
9.37876197767171
21.1472059201026
8.69367757634128
9.50296360126736
13.0498055444834
22.3434168956906
15.7674999554662
13.4560357179634
23.7028354680038
13.1916967874391
17.375637281499
7.29763823114567
9.15129291106476
23.2004766825711
18.3997991742122
18.2682024124789
10.160838606071
8.30207021924392
22.3408224113446
9.53328537852802
14.920133193562
17.4585619327592
15.2789797948781
12.2596096489617
10.5045492172661
24.0831666579639
17.6903324331302
22.6666583936556
7.71681893680817
22.1923896717205
11.8212380640566
15.2634884108273
15.5183965381855
7.12688568006121
11.6677983923466
6.94014042716722
13.3421474727133
23.2029375516088
21.2481152717451
18.4720042921583
24.068611537482
17.9686117858629
9.21892306012509
22.5997013104901
13.6348434527443
12.733569993787
19.5421094271783
10.7610538934253
11.5805187079784
11.8752557031901
20.8961073169706
10.80201867844
8.93955461237191
19.6954182165766
8.0716576804266
8.13027802847017
22.0190717675481
19.7007510186684
10.7464333835691
18.4377431447974
15.9304896326638
7.26009770285477
13.3397466480781
13.2928998041713
12.5190913430412
7.56912497650453
7.99219092612408
15.6996131434922
23.6183931048907
7.77672149380366
15.0315459566734
9.69437896902854
10.6819348086304
11.3066475970989
8.80924846318407
9.52819297040639
15.215955795604
21.5980734421121
19.3242988635764
21.6914171688427
7.47813701832197
16.2656647900788
17.0782453951435
11.0554932729999
10.5728513504938
22.5073580997198
10.0875785091119
15.3556435280649
23.1821158058138
13.9460079669139
18.2064616693643
6.95814702932744
15.5300655309237
11.4280646621667
12.2534369675427
7.41408591010327
6.95021416264359
10.8453380369452
8.75408936088236
21.8367471968785
18.6879222130049
14.8250707638339
18.7609515128431
12.237303700903
11.719748284895
7.12797895752295
21.3240877771382
14.6621846818897
7.90341778285153
12.5017693356104
7.09870402033842
18.6571030688504
12.6483205344749
12.1083220912712
11.4587136445862
13.8390306957994
7.19957823502721
23.9319462935383
6.96893024287855
15.6110322434899
19.4070644235127
9.53265920432605
12.4585445929374
14.5655812651346
21.3507481267431
7.66566563559655
9.53277582022955
15.1862653848463
7.37330012055767
10.3782767045305
7.47714034133308
19.5116709356506
7.41663360218508
10.9585311735941
8.45117355197785
7.22529845655902
23.4609901350652
24.0406169774468
7.88482426613314
6.96976590571477
17.0328084851709
14.0414597472481
12.7372562260298
9.31831315174172
22.9087913910109
14.5908699969237
12.6181701798497
22.0178147323444
11.0819866696717
22.0666427558632
8.19740637538877
8.02924527878585
11.2596017054856
16.6441761054152
20.6422573934526
17.8270710583265
22.507994900545
19.4739233735824
13.323302389091
14.5220178635334
21.5641457415068
11.6535788265827
15.2548769542094
18.9356335874391
9.02270551440535
24.1122734286475
16.7988930495056
18.0142598958991
21.9396299904276
23.7734812076511
20.3457593688558
12.9443467494439
7.1738520206921
7.1414151714383
13.9295838345585
23.6998310762616
11.655519377757
17.5930736079917
14.9928300618544
22.0876931424491
21.2896574973906
20.7317329306128
6.94209787217574
15.7449691572593
14.5773982768503
24.0087549270707
7.99721278884867
17.2729550468735
6.98398185957929
10.9073212933144
10.5043355088886
11.3288692449561
16.6236696291661
17.9949378622096
7.28367984240203
14.9690746390259
12.599102148789
9.87636667539428
13.143562357921
17.3743010813731
11.1430502533629
21.37240437224
13.7416703671165
16.0595119964121
8.73772446972907
12.8941800133286
24.1172451480381
12.8961658141552
8.20537677827103
8.16190331599494
13.4571658375263
23.1489283292998
10.0673085491418
20.5275297170785
20.6282865734229
7.09035608878705
13.4147956678082
20.8946092349644
11.1846317751303
23.1102679877772
20.4285717100102
7.22134539757523
17.4617376541227
13.4140022549493
19.9685701918019
9.54583185814417
11.4820782566311
12.2021525874163
7.40538443470987
9.72738397910286
7.66859960771057
23.7913264861988
7.2472292406549
21.8511491953342
17.0329699720517
9.54535944080772
18.0614158844725
21.6180053412318
8.81417360567237
10.3169044465446
19.5585002568928
19.463196043176
11.9336311656534
24.0320303112003
16.6880560362302
18.3638199327861
16.8020384892686
15.2888922904548
18.1702378540034
19.934309478532
10.1960707933677
17.9466940720173
19.8837619019381
21.2731339751003
12.2042707864116
8.91105339259881
8.22026819111499
11.5221457974716
17.056212885995
9.4709406522515
20.7908705199587
9.45326458916045
16.180848759447
19.3599620441932
18.7427381408047
22.2841716167318
20.8958281345746
16.4179751303693
9.83420082410999
12.0909913404206
11.1057312702123
12.5089661957292
16.3612964749134
7.23493849536219
7.44248674593847
7.3684885928241
14.7791180474953
18.1538112179706
7.45828205599031
11.4156478662717
19.571805135733
18.9815189785803
12.0297234986393
21.165640187577
23.3693517748722
21.6638038545721
11.2174567576122
10.487793223596
15.4656622038103
16.4000507804723
7.74716927868766
9.88785960234623
10.3935278049713
18.585621161848
21.9575286676664
13.7259979320416
13.0000824919797
22.8616996532653
9.96468298123407
22.9211925847908
14.597509215539
12.4520446804949
16.4593723890931
15.0537443348727
13.8313307773625
15.6934071342892
19.2140322870502
24.1501760292979
21.0735164326665
11.6892535433799
15.9973561625701
7.11990850066796
17.6156860783979
23.8652139065093
10.3924222420416
8.31167394461007
8.56223094447669
6.96764029177384
20.1413893253167
14.8932308552458
13.634660815025
12.1742184413189
23.7909979415812
18.9532400222085
8.86383305115977
21.9471368996224
14.8108256990941
7.02991699467263
14.05841017351
13.2269000862771
9.39466838086832
21.4186071537729
15.161694108652
12.0446343203443
8.23561890215834
7.14009986378797
22.4854600378166
19.4714945267466
10.7074652049492
10.629003343639
22.0050875554811
10.9922941836778
24.0131601515497
15.3456750426448
24.1257223870788
10.68493490247
17.496500226705
6.9451741141833
16.7556167379574
22.1727604682586
14.5380614508823
15.0509226887318
19.2191454267889
10.5815716417491
13.0361070114291
18.2444463363875
14.6459244765519
6.97693475004334
12.8555430371148
7.02371969364743
13.3802467718305
13.975406421449
9.94586178795193
13.4156378942815
9.23612763379381
11.9998807185523
20.1440532558676
16.4219565771547
24.1463415658751
9.27149346950095
17.2159541135081
22.2088846563327
10.3383255183392
21.8551747351003
16.696877094403
16.3860584676479
11.6736834323585
17.9501990153094
23.7073799628903
21.4747600761848
13.8940804294867
23.612911559145
20.6587722883224
16.4707513600075
13.7717365779261
23.9497647435002
23.9413966867181
20.9949467880783
10.6347882415278
19.2968682178198
18.6892132892778
23.5097809560592
21.5861488160526
15.5865532554939
18.4896575184878
16.382936200787
22.3564791106748
10.559443397115
10.4607693650875
9.07344708901945
18.1273498182893
9.55112722569418
11.7156993694417
16.9640760025404
17.6755766409657
17.9120185244951
19.7639323991641
12.2897906639883
17.4621689068095
15.6898682505024
12.5521276914795
15.6339469840728
11.2021640489758
22.6101170011221
19.9188114310753
23.38685099057
11.1336466929704
17.7989429403481
14.4415972644944
15.7655580575539
12.2330834336412
18.4298223839872
22.739078365442
22.167664057625
17.2553287267281
9.94765993790118
11.6480780750561
16.7319633971554
19.0378086983062
11.0888921377068
13.3308222244401
11.8071033521341
8.49126043566347
7.079673317983
13.0966915678533
14.1742596852749
14.9222224872662
10.7678821951526
18.062029941759
13.5425870856384
22.8330456240662
19.7154810377219
10.0154518349514
15.7605806986109
18.6432083360777
13.2074968484504
14.8608535441546
19.5943989168039
20.4756984685943
23.3231397027862
9.73292807333183
13.8570576199396
9.98361586319637
20.7238355174149
23.8737029727809
9.23586905031788
10.9966446773261
8.68885867133763
16.8247932609895
15.3616033649521
10.8900307504343
19.2228661316626
11.3339631525439
8.54031749747192
6.94375805007995
22.2075953565493
16.4894755304377
8.24618528200161
16.8163779035763
11.5951450939179
14.4524204670836
18.6152028792783
7.29341837277337
17.170251158178
13.7733107404958
17.5360425238583
20.9817918842255
17.760725332778
12.6271654610925
20.3059923119183
7.1698504707777
7.46328377625691
9.73035857148058
11.1172949992944
14.228295359672
21.1279330641694
11.9053718901413
11.9806555799423
12.3438619582745
20.4025507929913
22.5978837270268
8.6973778026214
13.0527403903082
14.174538567274
22.5263801038617
22.7892185814055
11.9175608477229
18.1851519812186
22.0863412186901
6.96057310611729
7.64674455423405
7.18138643324173
21.8897698918198
9.16226705895289
12.4998787439314
8.59676157165383
9.17107614620803
7.27511421044164
21.1165948023835
7.61409530210003
11.2803860605595
23.4052165506444
7.09474338288948
23.3491091695637
24.0742663784336
7.10125184973643
10.695280917012
22.4400016118296
19.0132279174126
16.7606360162506
23.4913056905602
21.0132969913741
8.69835534087284
8.70943963766893
7.81840308526778
11.221995466676
11.5614783881566
13.7930156683688
20.9206633018903
18.2473768846699
17.7225834071429
8.25072268108594
19.1352749572113
18.2713232881738
16.7009876661884
17.5553032414958
23.6314377429512
9.15247891106413
23.8929090612051
23.4232826927615
16.7842542868202
12.1111820172384
12.4977783949234
15.4255925996619
23.3252887899843
6.94351245496417
7.31023094891046
17.9338923705019
11.0157794659681
13.8204712693611
21.2987569657768
23.4154254116173
17.8942925576002
17.6380037310381
9.79236012418758
20.8081703253411
18.046824394194
9.38507115035215
12.8728201677301
16.5382624581353
7.64444496922299
22.0205827095428
12.0360970935523
11.1514672731074
12.4993039870211
18.8565381534735
21.1346739306148
20.4091892655245
22.1941685415099
13.1622188570919
7.06020617384363
18.5056740236265
20.8543462208079
7.72997956608681
8.87664819256399
10.9738773736121
16.1948141401168
24.1096169072011
23.6787202900916
23.8050969875281
7.00067025534315
19.5593463666646
11.5333642032439
11.7702563842763
18.6430712288422
21.9217894043272
9.77876705925459
23.7828194915368
16.0265207994013
15.4917881167155
19.087137121786
7.6864174274529
19.0086945548709
18.2991159269021
7.88816444421075
20.1916228935323
15.5722285163218
23.1660319303304
7.13983109565612
8.93382699855533
17.4394953823637
11.747981787572
13.9395190412333
16.5636304159569
19.2280219682744
13.348775817413
22.198845604129
13.7178630381496
16.11921746844
21.0113870889393
16.9579501983158
20.7940864430431
17.7821218620586
7.31850019920951
19.2778320273971
19.4032684939386
14.6587207656596
13.4821656916074
13.4101148580116
11.226846882716
14.5589986844128
7.84737643578972
7.60448981606409
18.8271351273894
18.4442064902535
14.8847996905931
21.8939705356325
22.4490705210895
11.1715160928746
8.86548570692262
14.4895088143777
19.8348382814504
18.4536176699153
21.3664567746629
10.337650860122
24.0262514249163
13.326010683795
13.3267134605709
13.4564682637696
11.6812185125474
11.2688203108192
14.8502643905409
10.2384915165639
23.4330116317805
13.5665239412988
9.43231560311813
12.7772733644895
14.3570272396668
21.669469906805
9.45466608858248
14.601017209955
23.7434635815874
20.5563136277335
14.914392032581
7.10827595829735
12.1296441131089
7.75438689638971
23.4898768524537
7.80126635307874
24.1468545347422
10.7604479248796
9.7182967892136
8.08862411842694
15.6377352361568
21.0685348687642
18.5492522687022
16.7749198933992
13.060067960814
9.02048804850869
11.6168761878574
17.736809433445
21.7092485933742
20.5286233017381
10.4081122952202
9.64680372145875
23.5484084051243
16.5639297332674
16.6165091544212
16.7635206814196
16.5141551313988
14.3263864810787
23.6580775947532
10.3713756442004
9.11718691591762
19.5608570650854
20.3728680563542
8.28657250128509
16.0823787124213
11.1485507563599
13.1451668930672
18.2547942461735
15.3630770216649
7.5657552020132
19.2310106466762
6.94014066388925
14.8012309361035
18.1708601195291
10.7963430994983
8.53806348551483
11.5227270003415
9.11616622102809
8.24994008681998
20.8751689443938
9.30629406388366
8.98102001367621
24.0209162833243
18.9974438181625
19.4440923052175
23.7765736100313
7.11268839402912
18.1992449695336
21.2596052249309
24.125811640775
18.5990170563386
24.0783067264167
9.42761461844369
22.0854937338001
22.9754099356421
14.2017379889911
23.7547402732446
22.9589618808019
11.6547568079763
9.92481269991298
13.3522082436179
13.6816978744777
13.8514252408644
11.7429729192915
19.0634973097565
11.1802809492177
20.9062504707331
13.246099299765
23.9146161958133
11.8736416295662
11.9298506151305
7.74075187967338
12.7617978917073
6.94475731845643
13.6393021485968
15.7128706842179
16.4567769949747
14.0970585457724
9.81906258216834
7.7894008636966
11.8547720951108
6.97576354193793
7.76283355913636
17.6311916444087
19.9575247801056
7.00278957092996
9.21193312943269
16.6244859022547
11.1473276733298
23.2225874008739
18.0194798894923
15.1750705780526
20.8073273941517
21.0130586120016
10.4944445213917
7.06305092773731
23.907312550137
19.9213267147435
13.2570501547966
19.6337368699868
19.7894721915744
23.8060505921314
15.6939119693754
10.0180997173578
7.07362890296799
21.8914234508863
11.3708838648983
12.2012308434967
6.9686292287068
10.2548957479781
10.1047415825388
16.1437311615725
16.4799271393373
18.8793902887257
21.5183154611702
7.44697144245461
13.3397847482934
21.3393354299602
13.6838395240795
22.0634766802478
19.3824199343081
9.38175574925359
21.7145528030052
12.0378890687718
19.9987601139818
7.54548771426965
11.401823634604
16.0856632556842
23.3845372880635
19.0085879284523
18.3587824562486
6.94292188510864
11.2646552780326
14.4362325742035
9.11765414267522
23.3631862298188
16.8654655502591
10.4877441338782
21.4869903209404
8.80961045818605
12.3735646451107
14.6898241841809
7.19718383993772
16.024449736021
20.9792733284565
24.1168990802624
21.3325902629228
15.4475579629496
7.4868602745445
8.52801975557828
14.6826343782115
16.3112077895859
8.61275443540196
9.13730250609773
18.4513431320737
16.2303347297151
15.1982814496749
8.24906183151995
17.6497913840792
7.04509162425492
17.2087975787927
22.9501023919904
19.2423007163953
11.0527121732713
9.3872464395579
8.07029027800904
11.667232430489
20.5805262522138
13.9167820706606
23.4839585959072
11.5628511600137
23.9063355745202
22.7437725174081
23.8053337143153
18.7073602290158
7.40489740928681
16.8415504194234
23.871117645081
13.6189209718278
12.7623483960639
15.6606708017115
19.8559487690883
12.0415560066228
8.68353566052716
17.799645295818
8.13249399855274
9.28181682714966
21.2678827739228
7.86436938905334
8.86852094141505
14.4243671004119
23.1411370009813
7.00923812452338
6.95248855487525
11.9189271256647
24.012997044841
8.84248033917718
8.00764307771229
22.3551476087689
10.0813696878955
17.1380705546686
17.0392624296795
20.2356080046465
8.7698895768413
11.5248140433274
11.6634303187452
7.11147167482766
22.3834941563289
22.8766286861616
9.34613049882181
19.1400891327273
8.844998099371
9.79844061645481
19.1584440277163
19.4778093787313
13.8560291501024
8.94587341059923
10.111074859082
14.3079393811369
9.75093299379519
18.6194751050784
17.5515433220383
22.3173448370387
13.6020485759388
19.400509748366
13.408671805716
17.7158092819853
22.3963830467739
15.8716892032959
15.4179820138567
7.63288167050127
9.76541711721595
7.51979493965076
8.59285296215017
24.0930284608945
20.5478728886968
9.93430435653381
8.28979219497425
15.3157195508159
15.2456021599463
22.7346543591232
13.7304422236134
7.07161173436298
6.99030663077666
7.9365606797457
14.9646522469778
6.9799236375874
18.5375136566464
9.55352283587385
7.22905002569624
10.1888897067872
14.8943289379053
20.2481458135473
16.07136193774
8.62233310580703
8.33875071588386
19.146012815075
14.3660768004588
24.1457487816787
9.70806509538531
7.75295323194329
20.5403827100608
9.02326594962383
11.9957018213293
14.3421460285131
7.4063042408599
13.4231344190794
15.4077548368132
16.5737913725427
13.9560178830318
11.7730581348479
7.09956698836695
22.9285818522356
8.66267451437824
10.1961429536715
20.8441985212569
6.98994872121034
7.2288064709844
7.21040806715049
21.5357617895623
18.1655587690262
20.4549861924598
11.5548242766319
22.8806195534845
13.4813530247381
7.74298574561255
23.8966589783383
8.25215275544717
10.1777917930705
19.16532313152
9.5035397958846
23.5127386497276
18.3951679662521
9.24675068754812
16.6950170274737
10.2661374877812
12.8173958433436
19.5176145970413
10.9333971770543
17.4253867302705
10.5706719842999
17.6307583790764
10.0169657573009
19.4480391155359
15.2658224918969
7.3834730826434
9.25190588344805
13.0406580824921
9.18889841507795
17.8798940807766
15.4669946249661
13.932312341668
13.6464588467922
19.3264751015718
22.0491234196027
7.16860652585633
16.7504950729047
15.6247568805579
23.0798002382071
10.417236257505
7.06858385208386
17.6058784809237
17.3020579686925
16.7545728624751
7.02081093194797
16.7709092742461
22.4314854094331
18.7312970317071
7.45167850119482
15.0338453502966
7.76165069182512
17.279202962284
11.2738080821547
15.2944697535275
7.11210845718167
9.10551224752981
8.68631103354801
16.4305557013323
18.3333071734308
18.5030700563379
14.54586972918
11.5985863080242
15.5322006751591
8.44727338123445
21.8670581526895
20.6643305148759
15.2010201486086
20.7082433303493
18.1142568156776
7.83810937509466
23.9083133980819
16.122705101434
10.5371478367786
12.2190677189401
24.1218430732209
7.13716958290002
19.1907544720766
16.0717145739581
19.9615513868568
11.0114998222291
15.3965300263504
22.0388142261454
22.3742816343328
17.1906472922116
22.795525927743
21.987472651501
8.01158048675763
10.4429944530785
14.7855427250815
6.94013385365042
19.5965374048651
6.94653506618624
18.6908816237001
17.5422453583645
9.65387979522007
10.1292125788874
7.86837556126497
9.53549582122255
11.2044785106867
8.56158469983367
13.475813631833
23.2318461490055
9.45683971244171
10.9556924970234
7.21212267851165
21.4006046833955
11.7445991482855
15.6318853240665
16.65250642608
22.7685576942754
15.5291152926115
13.4055306858955
7.32930446587944
9.91817507134986
16.2111281703554
6.94050746409586
20.3520565714271
21.149357549087
10.3217628872003
16.629423102231
19.8791835846087
20.8856427775538
17.9226537725704
19.8452861027612
9.35890068336075
10.1629843096148
20.6645447980487
19.6293459492582
8.47196147907491
17.4582676324609
22.9970657579334
18.2151226692033
16.3310128774344
24.1249439320566
7.45548818825923
10.2639214998349
14.8529383722017
6.98694990272811
15.3117051808532
18.0908663127265
10.2037395268634
15.3177197684061
18.3010191821599
23.8958914091394
17.2013498258612
20.028598429702
15.3816301647948
20.1356009359389
16.8877449191761
11.871643447055
13.9447166761212
20.416483866043
13.9839654348753
12.4267515154077
10.6262367898026
13.3527340330057
13.4833530191829
23.8894179074262
14.7591583264092
6.96443969021657
21.0361271397757
16.2470427746691
12.3498551256346
24.0537902879036
19.9918772396442
23.092571334113
13.6947646974451
24.0839668915611
8.96012356109875
9.02835723988809
21.0217658988789
13.0968103391948
13.6533443011706
15.1353635420305
24.0914871345553
22.2967618127439
22.5776869363443
12.0273335277667
17.2636102049135
7.15379873561506
7.07237859515051
9.91174702604457
16.4436211365756
20.4388120330434
20.2823723212342
15.2442848033714
9.65159201123022
10.3288002605168
19.0036366375403
8.44491607525778
20.8188754893637
11.2814998822928
11.7829298708047
7.8592931126656
14.002591351024
19.4046489375773
14.375571405236
23.2642188783885
16.4462637480677
15.7688910316458
12.6212773048276
23.8144864931076
18.9491465888881
18.5675597826048
16.9606201936017
9.61567339336737
23.4811558534683
12.1086370640827
24.1471174550106
23.6247064128924
17.3927018630746
9.79142280144578
15.1140516163413
16.2266701827098
23.9401221261979
10.5535712473529
8.74038060178666
23.876822598014
17.7379666128953
19.8570677700698
23.1251374302534
23.8599288792211
16.2146271272467
7.00900106947659
23.8869297405972
18.5608262675306
11.1623072290344
10.9377221952874
17.1524056392116
7.39496488463152
6.94013254834138
15.8058624173505
6.95101430021074
14.1509716537689
8.18387665040445
14.252225447572
16.1682412120319
23.2386787923868
16.1785821213735
12.9452379102068
11.9087547843512
17.9231687121321
15.0566135718873
14.925043191965
7.61395567594457
15.0854079269059
17.4927536197581
10.698874204644
12.9383135892154
8.10287634707248
17.6198392543346
10.6961536291015
10.7605574356243
9.78854487130847
14.3400342826345
15.9636932233308
22.5150891823329
19.6487851136544
10.7417758418753
24.1498602053304
23.9167686184709
11.8685813577712
7.27618675846271
24.1350594649409
16.5676102246906
17.2625716177184
9.35661791275846
8.67853721479636
14.6046655043702
7.06487765930937
15.0573213696586
15.5209537612147
7.37261844942634
16.6505267623406
8.92825771977274
8.88769656961963
15.7081722388082
20.534330162462
10.160912682101
13.8469007039149
11.9714529423602
9.155288787288
8.89717069834627
8.33160005899718
17.9429022004567
14.9686750238627
19.1225237389022
21.2439906638577
12.5471887684524
16.1963843095685
10.9027816116461
19.4185196997009
10.4739286393184
8.06782271452753
10.1706127815423
17.1641191225564
11.8033757300579
11.6033872831646
9.42788263632804
10.540648671771
7.33379518635621
7.16319281541212
6.94129280124957
7.10473965026473
13.7651822453579
13.97225986938
10.2282430237567
9.05553994913498
13.1085210069304
7.88560201144661
6.99958090837486
12.0672078325426
22.8038709046436
12.7986226947264
13.2052552123334
8.66946619214994
16.276199683746
9.89455543638246
21.0810992010505
18.3520020249987
8.88638093096531
8.08495250622222
14.1689135778433
7.01174333298296
8.91730065469784
11.5503201334495
20.8651525470894
22.6871426118915
20.068135328574
6.95848706618731
23.1974248588486
8.0139686944248
19.0933463532372
14.5938180069731
15.1869639089578
7.12407846293342
7.551999731471
14.1213301841359
14.0190878998691
7.22794211855101
11.2079010644443
20.8786239503351
8.03522393358609
8.80568904787756
12.3976599950421
19.3326657792987
15.8259927907537
21.6503782019403
8.10412302779881
23.5963564976506
17.8576057616865
13.5654309275409
13.6939307888584
13.1395580055567
8.21951938408851
20.8139314465258
14.5453367571999
18.6997673962171
13.0425494426559
10.930304241614
9.26598550074504
21.7642691617857
12.7344344767498
17.6366797503545
14.4093847609953
8.05729475758241
10.2786381518734
14.9692168646907
8.67939680291508
11.5228554549501
18.9174828188783
7.8170139533056
7.63870302181829
12.3014891833345
16.7495993974591
13.0486337322198
23.8701410289497
6.96825867962731
14.344530176167
16.1362950160817
17.0381862894817
22.7774002243217
24.0438044659675
19.636766947947
17.2777290172719
16.155778387066
13.2768444478645
15.9519393154375
7.2566354978278
14.7734294222581
14.2150263099732
10.9988089453769
18.5355312717865
12.2438283626572
14.9897299801663
14.1219458176124
19.8808122775562
16.7661151019657
12.8443002778711
13.602557707391
12.7852237677515
22.388836823334
14.7655875819661
17.3081444574663
18.4871853663946
6.95393113470604
20.3740568138809
7.66857930278008
17.3322726227066
9.26889031337444
18.1730317704205
21.3172668945728
17.5578744012398
13.7996172640592
10.2861056535644
9.41226054623377
10.2712258315666
16.4623247339094
21.1188153070668
22.1280609492287
14.8427269244719
19.3762183022834
14.9580222295415
15.0137934849014
20.3505539169113
6.9615058644492
14.9962854711634
9.24031482631925
13.3663268289522
9.70271163973262
9.0287404831784
11.2263950239144
10.2315172427389
15.8153757705039
21.6323151930845
11.9892490225399
20.3814730782642
23.1109201016791
18.0499666841019
11.7574301600582
12.7529384947557
14.9217789940401
19.5540998471231
15.5557199386957
8.86876709612095
7.72474711075429
18.958259726215
16.0204479530709
24.1062499510289
14.5713942474993
13.1164816298865
7.15383768608012
10.5329813434426
24.1389795695617
14.5191001676833
16.9296555346476
16.1142331241612
7.27956968076257
10.8241907567311
15.3804056556788
19.0633234591067
21.4248796445786
10.6749560504208
17.0752123994053
15.9220545836331
16.7269839835611
8.73497843166483
13.6770315257035
17.8463230474802
14.7222796262214
11.589651418927
14.2688269417045
12.7303218288657
15.9523093807041
13.8007924038551
15.8966086685328
8.83041658095574
6.94361892518076
15.098931487506
7.79269414362461
11.6152349725348
23.8457670857101
13.6718288424552
23.5739751294463
9.03330011023013
11.8503227189279
17.1819188895194
11.6428566115346
11.5340733036705
20.4838647421269
16.462612366265
7.3648609050936
18.010949034942
19.0567157452884
20.6724154966613
8.6720931502366
20.1174964638708
7.42526633455115
16.3233606411035
16.050642587287
15.0006018403
7.09282275138389
8.33687797502375
19.4046550761562
22.2506931279162
20.9752885366405
18.4072019473341
23.5499398059379
18.470866392445
19.1139906030342
9.38538801417507
8.5175171922109
19.4448507677405
11.0797997588179
9.78810068803441
20.965337132364
16.5484696653606
15.7695812784472
17.413202379287
12.0649165590046
11.5920357252463
17.864650347417
6.94087662476186
8.13587328939234
20.2791107429361
10.0838448316195
8.34959400562011
13.3523463534404
6.94907621155914
24.148999113596
9.79827975680104
22.7478998464356
21.5331446337891
20.5157819403976
21.5380625202997
16.5204657194586
13.9568774847226
13.0224900255538
20.8720188264044
7.88235322028745
17.3509728172887
20.1648712437184
15.488927106894
24.1491511060677
19.2369221428964
10.965470049613
24.0469022462657
9.12762319304012
9.6209177219619
14.2074835190672
22.2492636387767
18.9712731444436
16.9161372066553
16.112552315917
13.6724555524876
7.19068041157359
15.6225323494504
18.6899361569825
10.3015447289154
18.6526893582359
23.5488704590333
20.382846604573
17.7356124913331
18.716570971257
10.9631352030992
17.7488452396917
10.1286107967638
19.5210025737239
16.465542112555
19.5304602833507
23.4386992222616
12.3099513419555
20.7057769898581
20.5601731715197
17.1734876784662
6.94199815605566
12.5825872896902
10.4669777909861
7.6466367014651
20.332103344653
7.62895174525177
10.3618639342352
9.04126542343174
19.9114285653685
15.9648580289644
7.36655726375971
21.1962331606637
11.2665116765209
21.261083249408
15.8562288567319
18.4197015655983
12.499615911934
8.50284000146648
13.0080464528454
22.0787952989836
18.2378108366993
11.9019435077035
10.4591228035592
9.12367747994584
13.0987712980455
16.0302433975801
22.133577576455
16.2645207838661
9.09477111775645
13.8436836392696
22.537241930074
16.3552084753377
19.031385897227
24.1317640364251
8.55085735773524
10.6195472286367
24.043005928625
11.181049761914
18.7341619664842
20.6970688437697
11.3237084887755
20.6069140729612
12.9060116066687
23.7588061775732
22.3120854106506
12.5790789548307
13.5511514957357
18.2505649295775
23.9423557513755
7.17074152454652
15.1149271969963
15.3845439596861
14.8018425824572
9.06909491120837
21.8720499743336
18.2605756191474
20.3701042078824
10.9989258480421
23.818675961999
12.9025957670114
19.9808531170148
19.9946901087362
21.3837847919478
12.103989105713
13.6444496618666
17.6714445310618
8.61798641709872
20.1522444536002
17.4062435675665
21.3566486284652
12.6664999917744
16.5730711477268
16.8952722453007
10.4540809021619
11.710881649794
7.81045976383432
12.593236065223
7.16981873604053
21.5995893476547
7.01856950992889
23.6494358206381
18.9015191322266
15.8342842011337
21.4904198390819
15.2679463846422
23.847835923841
10.4695843026929
18.1526657648891
10.0649125010935
10.8234838018973
18.3690185831267
11.172892884213
14.9998548214287
10.544788306837
12.7320595767957
7.32221750429495
17.024913927558
10.0627440371628
10.9442459059168
18.6229829133118
11.37754563499
9.66222684350515
8.66224751658442
21.9768980441896
10.84951577983
8.66659598771653
17.031575664996
15.3460696551429
14.4733923079163
16.4754989757437
8.87432364349447
9.3539182645482
16.9135688543127
17.4161687264404
23.6102143419803
18.6038622924888
11.5798491237228
23.1960860841047
10.9878789951693
7.08557150955134
18.0605138842232
24.1355196266332
6.96905303234559
10.6116029115931
11.6664654110085
18.633910729982
22.3088940676944
23.9060248977686
13.418129066063
13.0184058316391
20.8805871327339
13.6275127353052
16.8363141433847
12.7959438974745
9.34689170118956
19.5977443273522
15.1035227929071
16.9484131898885
8.15071920250766
11.3082039868138
21.5558199591443
8.09743814272796
9.32509911328885
21.0555936693523
7.8342722230881
19.912811313514
6.94243497958376
8.24147634363726
20.9595051998469
24.1298451483127
16.5376581779633
18.5576209278186
20.3481107426424
18.6192850909073
11.4704394405007
13.3291049986928
9.35900009052353
8.42511910573869
19.8192599320746
23.6464871475642
19.1128555225323
23.8115839239212
12.025422333463
18.3792032022248
9.79229535388965
7.60917900487572
10.1451996531454
14.6126503547099
22.5665609927644
14.4538114363173
7.04968807182576
14.8460358060553
17.8456288257042
22.6599679135504
7.73112429783862
10.5777830404946
16.9142542240033
24.0940778226319
12.7744223043041
11.9236338685778
11.1703584388887
7.43963059946831
11.5156168641972
11.759585236745
21.5492032756432
23.7858390007651
11.8599674670547
24.1239341864535
12.9290250742431
16.5893378522101
9.57570893128401
16.7479941025584
20.807594168535
21.6253507081102
14.3276188783745
16.9853076987818
7.25669624608273
21.4928503742595
21.6020690029044
17.0656396213025
14.5660007719706
9.99191547846429
19.3509460516121
13.1041528679638
9.04833313128773
12.8665593745564
16.9800794104915
13.7865720000828
15.2206701075223
11.9627612644319
15.9260691619431
21.4745759675153
17.210493885273
11.4920797143627
15.3611838327394
7.43174877074158
22.9478843633592
14.149270964975
12.8413711395066
8.06748788309043
7.24203812222145
11.6575691632933
23.1843344124946
13.6025815478892
16.868402313098
7.03057741085574
19.3251630359432
17.2738747670492
23.3254945792157
12.0413831907253
14.4099695097989
7.50127316822717
23.7673781090934
13.9959549025859
23.7129044440221
21.670652556498
23.9937446604518
10.9002339385426
18.632002421235
21.9999048568423
18.0967173328745
14.6881791984239
12.0894354985291
7.15564762863396
23.9900235254096
10.8010751459939
19.80663168174
15.1876640082499
17.6388308924586
17.6572453305391
13.9196557789482
23.4238909473774
7.70965520917999
19.3668099291735
12.0936149806973
18.4201829113994
21.4446110278183
14.963061663531
9.60451328228089
7.07273630165385
23.7375753435409
9.76561471048411
11.7353390313966
19.260735086688
11.1989122824253
17.5388438026539
18.8918708678351
14.9552851575619
20.0651565688264
12.3061918740854
21.0262936442745
17.706054624126
13.2468804889035
10.6430441253508
10.0232531447467
23.8699064931499
7.07853752966383
8.19656215639365
17.7974059138143
17.6151762387095
13.0121028859457
11.0956043614044
20.545244127093
22.9189449293348
13.4854360959504
17.3243211717342
23.8481575101794
14.1033567872866
22.3361330372197
23.4336124790153
22.10669541284
15.8157764997484
11.6810045715466
20.4183021648234
22.4898220277282
22.8689566840476
17.0714631234294
17.0647287234007
16.3197517284136
17.4306398051437
16.4061183111494
14.3080532218979
11.6709620122488
16.353972073616
21.9868917473839
7.06402940353817
6.96429725798898
8.47044167860135
8.21560191962265
14.7118327755992
21.3725377173136
22.4633827165258
17.9090248058896
7.98152343616183
18.0198357489782
17.6307505915093
14.4873125988823
15.4384480349158
21.1036626458601
18.6970142585554
7.26868418645057
7.51088662547331
18.2499116950784
11.8369231903708
11.2732096234716
11.8881194718178
17.8611560073358
13.7186845249002
17.1231588467864
12.4664835539658
6.94847181102903
20.9312968491524
21.0496749636713
15.3661428791488
17.9652714674792
7.66161169886094
20.1706830204667
6.98195710624868
22.7202451051344
19.8488738665679
7.8363491776291
10.4412034925412
23.1521465448229
23.5477273833005
9.68637957145866
20.5059993832417
22.3692605797716
20.4233381551513
12.1000521158128
11.175717509885
15.1154316469226
22.6865286932122
15.394812001488
13.4890723749185
24.1492481653794
23.907758463702
22.8288265432523
13.4128039629114
22.4586757318376
19.1680883979274
11.0897872861905
7.75471503398964
8.9694884093136
13.7054279527172
12.2321551700178
10.7923935033586
20.0375165749
13.1718315571953
8.54517533087801
23.1922763588592
14.7474313849067
9.80270590524268
18.2301374804314
19.9765479523008
19.20344495548
7.70291525748075
19.9362583917491
19.9387112012774
22.6320656504768
13.4476910810551
10.4688781869981
16.9624327597239
9.30402710450987
10.8727475918624
17.398688672859
20.1483336054343
9.50339065209028
10.6412624316851
11.6532775770393
22.187399852718
19.2211403595107
15.4662238996025
17.4820511733984
20.8521262024279
16.5292933573708
12.0468345608421
7.06492975173802
7.48452775434768
17.4523138162241
20.2410850196993
15.473904715022
24.1402681147637
20.8343852307828
12.1125439219416
20.9552828495308
18.1115702454571
9.71023367068073
7.79662031314842
19.8173860180665
23.8245190824512
24.1096828991981
11.1984212869249
7.25015997527242
17.589893978896
8.88251184814359
6.97569167124909
15.2025556745774
12.6135438125571
16.8857365844945
7.50518014489239
9.48422607993947
15.7454267470898
8.1556952898859
7.29988848389951
14.1117627923999
9.9478567824832
16.4060014367645
9.0981631180386
22.8402942508477
12.2859764522389
19.8616866615505
10.044275770395
9.07034017355321
8.03196882288772
8.84488747772509
13.6125044747478
11.4661736013448
7.56047647437751
18.9705905092668
20.7679028363776
9.9113582410629
13.2587767552159
16.8528473982664
19.4806595160174
9.42613367386661
23.2880335339414
17.8413337589656
11.4124054715654
22.335776744791
19.2800510016677
21.8914892247952
12.7912154485696
23.5789454677464
17.1080893471869
17.2504802129504
7.05870265094683
23.1855420672747
12.861073911002
10.2716710020693
12.981985934314
6.99144902890032
17.2692975571697
23.9777807747395
7.08279536064837
19.6925953572113
21.4431691551397
9.78506021528883
18.8418601079005
20.3174245540265
7.36059018994964
19.1890655545136
11.984726738024
22.2874877201653
14.8612867742927
11.9625508564149
8.2275376953437
22.994442955224
23.9373888394261
12.7588522476311
11.8181708227544
14.9624825934046
8.3498982669946
23.0326168525869
20.7063388353905
11.1284577898672
13.9829345298192
11.8507328923869
7.56201590724484
7.22598553019035
15.3486234588028
7.05800703922114
22.4212645417256
7.28409781277047
8.62162685529479
9.66985346243543
16.9081372751226
9.8162264010595
13.7708391667813
18.0877106519578
19.4743064625245
19.0295917891418
14.7827261912335
23.9289474381886
18.2685747645847
11.6536541677111
8.21935428437958
10.2128622589627
18.2384228762728
13.320607587778
16.5935074972059
21.6537156110385
23.6619128526035
17.6270933931414
17.3903631785284
7.74777560807871
7.2788242082785
17.7983961146559
10.6660166688374
22.0767328855123
23.1257444987735
17.0629322646644
7.44079954379069
21.9578554363402
14.7490804165661
13.2868628528303
13.3271784565892
17.6718428307643
21.7167760114561
6.96578918311944
12.6200236155571
22.8234138232111
22.0232684570925
19.0400265700654
7.65723574432794
21.1894629575386
7.74707458756342
19.6617034041234
7.23612837257395
13.6479443338148
7.57119942116851
14.165156368255
7.17066805102068
23.1339102494532
14.0399484401147
23.9373925389176
23.1573305992233
9.00877707298155
7.0343986325834
23.6098851053477
24.146400050454
11.9993242193635
23.7421842580656
7.48573147420706
9.91751907092948
10.5133204419013
12.6242535093053
9.64192415348058
6.95029783093005
19.3458897427582
12.7386218899362
11.8886948445448
9.51897715063057
21.8716776415395
19.6552568571795
17.3703931371271
22.6904239835617
7.75796978295667
7.98829965180405
17.8373278435279
14.8111638418431
21.0951754324644
23.856140712717
22.3746024614574
10.575128592709
17.9802197618263
14.6466707645159
7.95416126017653
19.1372743884215
12.729177775204
8.04942677994851
23.9463455853308
11.1038563648207
9.27104928512756
17.3756239591591
22.5187320972343
12.294003585882
19.7935476666014
17.1832896421336
8.85519970740909
13.3546062710396
15.3726609803595
10.1118607220763
10.7841473165646
17.9942269966284
6.95273324916218
20.4237722511033
22.5735702874264
22.4370900696068
9.22666069469409
7.91111955210755
16.3673607336342
16.701423721966
11.1216259374482
8.66457473051702
13.6660815610019
7.41753141471373
15.170577871286
22.3969016381283
16.7414452914047
9.54100554827541
17.9805534781545
10.362816721343
17.4380605453211
9.35030380983333
15.1215295072233
11.9997052569939
20.2197619858899
8.15694259258056
6.99687732922239
16.54282503916
18.0547740254189
18.7608351500217
19.6181906614895
10.7534330553496
14.1278836969225
16.204721520316
18.034051257408
16.9790975616135
16.2081945762992
25.6016203302572
12.2899510083434
15.1420761535672
14.2513319073437
8.35388837961484
16.4222381283748
20.0885746144987
10.2371036702857
6.94036108002632
20.9930632849186
9.26831667558312
9.85085325411214
11.4710920539384
23.5160727162336
12.8687299900674
6.97560709714616
22.6974001531461
23.9334676270893
22.8077548419273
22.5379749042927
14.7909742715991
16.8096754401124
6.94283897762151
22.4597037522977
7.65710273429747
7.03547386056933
10.369094132267
10.5506809040219
14.5126811215183
20.3031821204623
7.04882807248701
15.9551656851152
24.0293516592468
12.471822195173
18.6182147383281
10.0625476008115
6.98138375119047
19.5282930440787
13.6086244968282
18.6259819360456
9.16884426099364
10.4593712267328
11.9924221293606
20.3734315898677
9.1440803179979
20.6243733510718
7.0393287790778
13.3420858086921
7.97424602753574
16.8086323474787
13.0591934955485
18.2637405515732
7.04445224769468
7.36362068124265
23.6320779014202
17.8696575597216
15.4732741870086
24.1442542179442
23.9257639514801
8.3240596550625
17.5665245446524
15.3567850528923
9.23379826857232
22.7112248196598
21.0024544101263
15.6028142389633
15.0996736263297
11.1802781519411
17.3859842330364
16.4067900247767
16.0852665853893
8.29002538383741
23.6484013684603
22.307949818034
12.3614801992033
9.32502268708856
23.905750596952
17.2801538581908
9.11599539682893
12.5326901237495
12.0254292985074
9.83805253493007
17.2380995150484
7.24842368334452
18.4331634009627
15.6316725787776
7.59838467880177
17.3870672199133
11.1731485035206
13.6394685010626
23.4740631769824
14.8077305591131
22.1771745769987
11.4175441907565
12.6992064316328
20.984329843763
13.2246444598381
20.9520799974568
20.5409713418106
13.0482774221155
21.668440241896
15.9308382478742
21.1902554327166
11.0350005656956
13.7388801681406
17.003865206292
23.5950700695456
18.2674808175182
14.8409075968547
22.4186815540824
16.8203508318283
12.1602804785858
16.9833682644965
19.8391973667254
13.2435835851525
23.8834383072086
18.8868290085494
18.0914408218637
21.3440102056825
7.09127028420368
7.4304347996747
13.9328535859925
23.3554314520715
11.6073680084576
7.6225514788574
9.17162705892736
21.7050593739518
23.3696466224523
22.6632789905119
15.2944030797448
10.4708920334469
19.5371548901839
19.2860543974874
13.4128628834428
13.273380826888
20.0469149739579
9.00913755726864
13.9417128183624
18.9152388796214
15.9174987281211
18.3875801115113
11.6303413902421
19.2401293292014
13.7025595222216
10.6526855533431
24.0540439901544
21.5566659118394
13.218879630046
22.0025903450308
7.55713840727805
18.8440266974312
8.00204521258933
10.4660691013116
6.97871231881941
6.99933265514179
12.8604718086453
9.0588868853182
14.2255984303046
19.3467448890762
13.3806588548474
10.2832084506403
16.1588961909051
19.9131319559826
9.7586268387597
16.7831202972671
7.68889662137123
7.40198221108686
9.81615520104915
13.65735848981
23.747320702993
17.6470722086682
23.200020913173
10.526075353332
23.4673612473484
7.06137466679984
18.8381785657468
19.8421111796377
15.3822955363319
11.3377376331991
12.4247947869861
23.9979314323719
11.0025849875678
24.1452508060662
10.2590579729232
22.8281932953523
20.1818367290437
10.545584344481
12.0067397231001
8.76956210712471
6.99838806970279
22.1380740751702
14.8810098462849
9.68637325962668
12.4416953627374
16.2455903354126
9.38986313048814
13.2641501922523
6.99006671832969
16.0458306101631
8.73954946963896
20.9442092774784
17.5982441913991
20.7125375110063
16.2416751383011
13.9048312846497
20.7690917588615
17.7408897998672
9.00272554339862
13.9599815898186
22.6156429956124
16.2916331101747
8.47061109621762
20.5021298507921
15.4442315292647
21.5653024730833
14.9241520480172
7.28837956116922
14.3655418276488
17.0710810771146
18.1573676799104
12.5709465899044
24.0172956984471
13.7563899066085
11.3604707066554
19.6867054020622
23.9555533560542
9.79199111887694
12.0926532204427
18.1153620511872
15.562455636882
13.6464276913384
8.58887263458722
9.92769694338294
7.81739464189713
15.0510229947923
11.2746222306134
16.3427683662755
22.6870693830618
17.9073521730172
12.1370836747082
21.9948171671994
11.4805120768962
14.541408704848
22.5096715490271
24.1154082610342
8.15596800491106
13.8379906031892
17.8072440688165
17.6242144634784
12.9343394958673
7.95528390611066
14.7848766314425
13.9285320040442
15.5463955084064
15.3374232913887
11.1471102521301
17.1580575979977
17.9887130365336
20.7620627605098
15.7513952119236
13.8074283189346
9.06362731465116
20.1741938986171
15.1671525920176
23.5031455779687
16.5274844589151
20.6857790498066
14.5146207947579
16.1177685824524
20.2169491403449
22.3268540258119
16.7381918875901
11.5423524110717
21.9697891779302
10.1635425219303
18.2502231225377
8.15385637097083
19.600901750361
8.8126814665828
21.0853657282518
10.7607391310596
23.8819540247891
12.2078783913414
23.0368892813496
20.6080879431737
13.3280578832179
13.3643252929115
13.0063630728338
18.19113361448
18.3732110754021
20.6230191572864
22.6602723323329
10.1390636284665
8.30203935589099
9.70612849219326
15.7273918999608
12.0426184117919
20.8530885260402
16.7180252532367
13.6416405919231
22.6403348288078
11.4693954526451
19.7353412720817
12.921868606502
23.1124664227697
10.99856487263
12.1749179564824
15.6990276802206
13.5896508393477
20.8973987517936
18.4888067364927
15.5004710442107
15.7044695649664
24.0548236786814
22.4570146450879
18.2391558981536
21.4598486202635
8.8378973184079
22.9453995188067
14.5099370488168
14.1891845683682
17.1668749630605
16.2613252276779
9.57142590692912
13.5934050816177
22.0838270963075
17.2648853601143
7.98977110590464
10.7712628824746
7.81283286275671
10.9406438626395
16.163095561311
17.7845940258552
15.4038082721266
10.9895949927545
24.1008173955851
13.516509125967
18.1942930610056
8.06897203741607
22.5055603450707
13.7058517752418
15.2077020619747
21.7459154708811
20.7750328887664
11.6619841164392
21.4079753666343
6.96093269380387
11.6285073442322
24.0699147465691
13.6651022108745
7.6589645175123
12.4432785079887
16.7177385024047
19.69515156059
12.0744599314267
14.2261843981213
8.52222652267399
21.8043818436836
17.4457755660314
7.37678337165791
19.7190065976289
7.41636677031905
23.8768006981988
19.2335080317641
14.195055577992
9.78181775216836
8.41723970711119
21.280960606573
14.500728764919
12.2928114558186
18.4799143357633
7.74727561975422
7.68208207659426
12.7799812353109
8.24465003643598
11.6510117321587
7.77090470236297
14.8715987351335
13.0854673735489
9.7513995194755
6.96114990685377
9.60879113075987
18.8343186030346
7.2544318489862
21.2338191708392
20.9362586246856
16.7531478717724
24.1489170010448
10.511815237042
10.6428164408927
13.0582791637197
20.8088877185287
10.3239014744726
9.75079080625443
14.0263681460874
18.6000188534228
19.8112989868314
13.7082475872106
9.37659634359798
7.03696631566151
12.3678626625988
8.88319202120547
13.9767932087375
13.8967917547303
15.5351347262569
8.09997618701039
7.95380143039717
6.9762558390753
13.785484013352
16.9282135214235
15.6859442357903
20.4830139067673
19.8989410532835
10.4534739436431
20.1937324455397
7.04921790356244
17.1640848759744
8.01354437949537
13.5557895941144
11.866001651613
7.46562141695447
22.8872075967695
17.8896310778177
13.2871522039896
7.19620645183281
9.25346633756108
20.0578809262712
9.236023599357
12.1060851477224
7.08352288920554
11.1654202989049
7.58605225627447
9.92843421108759
7.60852423473348
13.0498889714259
16.9162610712788
7.02297054162404
12.3566163714163
20.0617716180725
13.6440711941089
14.6352777149711
9.89271958605075
8.76674208305954
20.6074998945448
21.8779725955512
22.9399665046354
9.41113849621739
10.7737967913988
14.7338643746555
6.94169874014237
19.721089371407
11.8173352064203
7.38081080824546
22.27300676391
23.6152610846753
9.55678274101155
23.9634695762466
21.6830902808388
21.5871870221835
8.1420609352923
12.513005441209
11.9088773309295
9.4068625151894
21.4210832309382
9.25649716641092
17.7606639415063
7.67873846101184
24.0151493846015
7.02444981836062
17.4763123794919
18.535365298315
11.5716416517734
14.3456997674218
17.4555533199195
17.2320782345801
8.091182616976
13.4544876908194
15.4718900370097
17.7495871550981
14.9019593401051
21.6513000634181
13.0733367682013
11.9453420550188
8.83325750270725
11.1612663787626
8.72094358663705
19.9117055333386
22.3344839028186
13.6580312671361
20.4106681590751
8.40859402180395
11.8215043426852
15.0250478586029
12.3081222616494
11.7237399603978
10.8298255165981
12.7004432430732
10.7744416152529
8.87122104094364
23.6642193956843
13.1703130840705
15.0300130290515
10.7222664277518
9.17806588845843
8.48050962877459
7.15698451635072
19.5870634228634
21.5393374389112
10.9849071903254
6.9791592270223
19.3457010627107
19.7661368015755
22.6553371306969
21.7828780308616
21.9577000999362
9.7550301558047
8.37166832474454
21.8331547319769
12.2097821954366
9.79746209391951
23.3548007389779
22.9914544201475
21.8475569987859
15.3160294977207
12.2511150311466
13.8826680333835
13.6065626539015
17.1853889312997
21.9639652943341
7.89087570438185
13.5383646555344
17.4990281491817
17.4872222326795
18.3943557255522
10.6865943906938
15.3016965249053
18.2358095535016
12.7937797544068
9.38091396312171
19.2269334092496
6.94124408697622
14.2565811891707
10.2630731854152
7.65231057662025
18.5639297454895
11.2241069007946
20.4500513341169
7.81003760272106
14.4205994650923
6.94671533216314
7.73737529894296
11.6746732476166
20.9379082778498
19.6345425850874
9.97008796189915
7.10813260731755
8.99607101750055
8.01494687028551
7.91508254090906
20.735176097253
14.937518429045
9.24018657409785
12.9620739088469
19.1080586973473
8.67290588597715
23.5423806405912
16.4010307887168
20.8806036440833
10.9677698754995
12.8964616940305
23.1429959470083
23.636496771266
23.5972684640235
13.8823620993247
18.1144820288555
10.8253524371567
19.2282604818148
12.2769360103904
8.0374005684893
16.8822474038712
22.3528428213908
11.1451262021663
7.50722847875535
21.1786501952167
8.0783909222424
19.5007930586224
18.4181602749391
10.6493091098352
21.0351309882295
9.09555458147091
7.26976919226479
7.06959761430459
11.9143739481607
22.7686869308842
6.98286630833429
10.8985436136581
19.0075627012144
19.5686743988649
23.3617654011599
14.3491541725906
6.94862774914409
22.7341161698313
11.0207433339784
12.5838082454021
10.0381806931616
7.51778273640415
20.417567140933
15.4816473789215
11.9078304455865
23.6530771809232
24.1418121377795
22.0986505960174
18.0351659902314
10.8868965854901
17.9936991923974
12.3497988351799
14.0929758874619
8.40938563425942
12.2472210163135
15.2789810242875
14.6949319791073
11.534898746808
7.21491580900378
9.37019837992402
12.8035776379264
6.99232928745358
12.9274835620523
19.9771293704637
23.3272073455562
9.9480118391532
22.9680197938251
10.8644650302096
18.1777729895165
9.80766225787234
15.0455888760359
16.5466269766796
19.8666462001155
21.0763013555688
18.8404597865895
8.23973866654974
18.0017167193367
17.2763069603926
13.6423152701445
10.3735065973375
13.5311902785993
7.47176612907594
15.9338570704394
10.9616440141445
15.2146320594212
24.0768494370896
11.6869789418973
14.6911213655891
20.2647695586668
23.7488072722707
16.229667852466
13.9425549162492
13.1235892109206
6.96505256012746
22.1167862451268
16.2037734707932
17.5700508702335
13.0222395944353
8.78846273395106
16.8869564277303
15.199720574433
12.052601601538
15.1780038216081
14.3620642836612
8.89672418479893
7.37204415964086
9.29995716806499
13.7029525107238
22.1502313061479
23.0558455610642
9.3694831488852
8.43246833411802
19.2883438548252
12.2516353597782
18.9482099091073
18.1058153520992
17.6808993072552
7.01771937977847
7.15246617208537
13.7190615440463
14.8259632714698
9.20562123518799
16.9867815582126
20.3009663327323
11.935583677777
10.8823698998556
15.321017292871
15.138358131481
11.5321168869593
19.5838307523317
8.45900406757622
10.9416291250909
23.2300942429436
9.73969945429411
13.6162173742653
8.80721933130187
22.1355886965239
17.4996361609921
18.2811583302893
21.4670305773562
19.1249113634239
11.6879546061534
21.8952266053512
8.55375519612536
17.5050113948615
8.89363757640301
12.878699327888
14.2479292863741
17.2644563078201
14.3584986800833
13.4262082950846
21.0376886750967
17.2501348800542
8.12868368986222
10.0070393088892
7.15687673626503
14.4755346007056
22.6218567413164
11.6772373063007
19.0206885049075
7.77136420056287
15.9479414354173
21.7797559333345
6.96986286217864
17.4040813943086
18.113892837554
20.9277753070439
24.041740186716
13.0785639161581
20.7823222277234
11.8194322923598
18.1995364246941
20.202730812834
14.4016973309919
12.2907568170698
7.39351359392461
21.2410613413373
23.1205152231384
7.30909198498798
16.623347739858
19.6880232480623
12.4998775750574
9.48945424093682
22.9927178073702
21.5396274366366
11.6288860347065
14.2206793323601
21.6064005641347
14.4473490541056
17.3224746149105
23.4868764085491
22.7902306906442
16.1999326343767
20.8035335259271
18.9002921135128
23.5335983324655
7.78349837337123
20.4566181236275
18.0934868642027
18.587914425348
20.7921058779507
7.31640664768239
15.8058937753268
8.47547177329654
12.6122924320136
23.0518574154638
16.3236663397177
11.0587191965841
7.12913689554961
17.0719816287816
7.75332802735209
8.4459511394993
17.1420173758079
21.4362148056044
7.80468688141881
17.3886088287435
23.1300042471299
20.2231798406393
10.97486408952
13.100305420469
22.0320972266499
9.06396535448243
17.5393728769253
19.0937844617457
21.1195219537707
18.1662887896919
13.1343308617815
18.6351437885467
23.6111082054496
21.96427125851
13.6698946107255
12.5857781681147
19.3368203160073
16.2407461467011
17.7608638308384
14.1210522820796
16.7843398652092
16.8535758039251
12.7756100003105
17.6620671143395
18.9950312535494
12.7515457795536
18.8048567563922
8.88852865529032
16.395918296411
11.8326190471231
18.8932975580678
7.15487978977161
11.1539309844835
23.226344235437
13.6052263572148
11.8044622318019
6.983108478637
14.2588005340074
7.00443179895544
21.9286684858775
8.89822454745982
19.9499608844714
22.3540019988908
8.70639203804648
13.3410907655963
11.1605090481672
7.16055218911764
23.8424313923751
14.2266702947949
11.8277227294939
8.75516896367803
7.4186846127459
19.4794937419244
11.631242426707
21.7472775892802
15.8623097488418
7.41521119713317
8.20842183968931
14.2260600513561
6.94727422788112
13.3177894626215
19.8359624567739
14.9787044516873
9.32303101184802
13.4990152395567
8.35036928808369
19.5485115555387
7.28824570606971
9.45998018172363
21.4358005886543
17.8994215022013
7.11341852497625
23.8383098919297
21.8854596713926
21.7303205325055
12.4678676301874
17.8673457919317
13.4514596837354
23.594250616692
13.451923870341
23.6163067432857
16.1789543149976
24.1023573506639
14.3766895163007
17.949539869978
21.6689027144299
11.8394251738066
9.54438408508197
9.34272324173073
20.3401525259512
17.4923204241051
16.3548830219973
8.72343860481702
17.188609059805
6.94068642049353
13.6528805796571
8.64754767932132
16.2716708815011
9.98596993106409
13.7105893737792
16.3682088767995
21.8288710357837
18.2492393330885
18.0564643594082
14.0847991294348
23.3134123801265
7.40408369359513
15.3390994474164
12.7773684025967
22.6791426973053
8.11208362045578
10.0799125376781
9.25820757093801
17.9018367544828
9.13331207099181
16.2808435057233
8.8825118744268
21.2194111035523
7.92016600041233
16.2341058082348
17.2288168167551
18.9351412824741
23.1423912912091
17.9477367428409
6.95480935735089
12.7564979236367
12.7362810873916
17.2763896457803
17.5103870188656
13.4660250252698
10.3592313615128
24.0146864457524
11.2474810992661
15.3668319787664
10.453844806851
12.6756638170483
11.9403694016945
9.25454885090664
14.7554677620826
10.1926760600234
13.3667028518164
10.2562566187023
6.96531665795746
16.7526974685266
12.3149260719823
7.21662740818485
19.4892265567883
20.141026966636
7.23157015495653
23.5698787260293
23.5102411117626
9.82103955378833
13.6151094168426
10.7528363748943
12.408998113142
7.99013304218454
18.064445919
16.0760822553411
9.65754480054393
21.7978633149116
8.83890263860918
11.742575177536
7.9273312977311
21.8091728311197
15.3421659704941
9.67877308885583
12.3869511708004
18.0711365544738
17.3691624605464
7.08163576789727
15.2655294034603
14.7008500237922
20.0534884728823
9.60729658594547
17.763773391312
9.31614973417711
21.9616371869072
12.4760564184607
18.1140554597452
15.8700967665841
18.6621123933856
11.156407010071
17.7539057055148
24.1045864265886
11.4680057063456
22.6350719207089
7.26061906263818
18.9168005057523
13.3824389549335
8.80040499388849
8.69570884381681
13.5963932229985
19.0743727713945
20.6229651245663
23.5065451818498
14.8432654933004
20.7203332676118
11.0389987569403
16.9482261639366
11.5497890269469
23.5101667875581
23.3005076339954
19.3298903102911
13.6638669607543
14.148589248145
9.46516228916209
10.4212219278221
23.5458703079663
23.4280421556415
10.6289273180234
15.390265798587
10.3370050780883
7.65669678485512
19.2581102664158
8.88029308926172
19.1962663483416
21.0141431606637
18.3104056096947
8.4790285728762
11.665802426821
15.3891863311304
8.54608754493643
19.6229651265808
9.86725297588012
16.1779548672585
7.18870954068108
22.9834794053923
7.61455134322314
22.0839118497857
10.3481581629085
11.0368533099544
6.9425214997703
12.8461565667284
7.31596989846187
16.258927481589
9.17093322578841
15.9870311462531
20.4967075112911
11.7459077247842
12.4353091371278
18.0180574652626
7.48586657907489
13.4526509421262
14.9740443587848
7.70768339047699
19.5012679622347
21.0754342994026
21.4059936767966
10.2447030172248
21.5651443280984
13.3093952430369
18.4264927999329
7.72936008641394
10.7248620542229
8.7021197107585
18.2439545691854
7.41789448748484
7.04568037643525
18.3371196679194
21.4383771808741
10.5116167842252
6.95025522007763
7.03574288032428
12.6435861118371
22.6675219892499
23.5745097206006
19.0740913981422
12.2932272893248
18.0632898453462
19.2325404069621
8.36096145613961
10.2055664990017
24.0475730323273
13.2202542344231
17.5453672686635
11.4662467700639
17.15799431477
12.6809094385128
8.85062780032841
11.2757602780993
24.1347186981239
7.38300746196198
11.2708753226345
7.19378462705467
16.584859084216
19.8818273335273
16.6921567888693
15.2563707086466
20.5220002190715
17.0013635588418
16.098261716935
18.4493580820424
11.1401406690137
21.8258190676696
20.2739297408144
24.1471187222255
14.0446653279613
12.6459762007118
20.8640581486904
11.3833786440548
18.9353319149431
8.50803832517085
6.94289669928446
19.7046425469242
9.31138740090323
10.7933645208443
17.4718513156633
13.0655259539981
10.5196221148078
23.2861466774973
21.9855837413416
8.19379249078267
18.9955081873107
11.139165386897
23.1042794522704
7.02328757664891
6.98235330234871
21.4336657257039
14.6999825354068
23.9540050848348
15.4560020618797
10.2778464416018
23.9852202028023
9.4218545787005
22.804623361737
23.5637094755882
19.7282411254773
12.7066987496362
9.08940557353524
11.677938960508
23.0629479025449
7.12648623455408
14.1846579267031
14.5081333489596
11.6343808493008
15.5318868757976
8.33244133427044
18.0039769499894
17.8230739635272
23.592482392314
13.5433389065215
11.3505792152009
14.2115531595509
12.7163063192959
19.4545810454548
21.8809404685607
11.1192091885922
22.5860197377684
8.04066964730022
7.14723076237873
16.0177919004707
23.2058341568606
10.4305979414758
9.56416185408143
11.0331843334203
13.3839463793548
19.1223344869261
9.31977257906971
7.61939836550598
11.2457895007783
9.38167867620196
11.5331237424384
10.2332626082972
6.99742739781591
13.819312868749
18.0957523918371
17.39994235959
8.23114570553039
20.4422511063244
12.2115006457745
14.1630781629405
13.103291216022
10.4375839889173
10.6530055743773
8.16400918389687
12.2117712987305
10.8761731731832
18.0400760706245
16.0420695166296
14.4949346906524
14.1603671353749
21.5884830598776
16.7682617261236
14.3395916407824
19.5621200327662
23.6005350440944
6.94257051743429
22.4627967999084
15.7280525542138
21.1026313872222
16.1234346250135
7.33097724585937
7.39969750196694
11.5353764034861
22.3252707248003
24.0834613528407
18.7736499148356
8.12181401936229
14.1616117908761
11.8003834984156
15.5646945996319
9.20954591151246
14.5949231301412
19.3223956828229
13.5170249497992
22.5350114764543
11.3356049834993
14.0604540787523
19.122369557339
23.7038644038918
10.5050874506298
15.7980718113385
16.07076064603
11.3628442790358
12.3325603568022
10.6087845431906
16.164640431625
17.7584174583121
16.408921449604
24.031232959445
22.7902324042862
8.44421806427185
22.7035607138949
8.95573065253309
6.96855052501633
9.85496080274152
7.46122687092799
14.5818057877404
16.886437880563
17.6058163175786
17.7994382484065
13.1865352224645
21.1045158239216
10.1204485512358
24.144339880548
8.69169790763008
9.5946687371876
9.40155620269241
7.16695351447711
11.0223060650289
13.0821515456195
14.891828205029
10.5460913498828
8.70024904814748
20.4228330571754
9.68354296079485
7.55970600522059
18.7826877769362
19.7559616093143
11.7213132464171
9.70566580430242
11.1724779315024
16.5359919430588
15.2745434108462
13.503099116264
13.1298577075913
12.80907517841
7.45579176450386
8.03646070663948
8.96982907176072
15.2087849765698
16.1581011225227
9.4218362941677
23.735886448057
12.3113924753364
9.17711485103331
20.890631800542
10.3100683413573
14.8394027593142
18.5527628925844
8.83439253838042
6.94051067007968
10.4687164604801
7.80074312337968
14.9707684346605
17.7482801895702
8.45033118874549
16.8101355175263
6.98312129676539
18.3951446310811
14.6242825361436
7.38567990721098
13.0727140752524
10.3451870907618
16.7247480304155
15.1702532723569
6.94527107426885
7.41384918079022
7.33769104074064
11.0158135792116
20.035457265089
10.3762364239376
10.1155588406972
20.5713366677899
19.3693148415315
7.66487487074867
12.4456216025568
15.1432178061804
21.2483731870559
20.3230741243282
7.17189946540472
23.7373700011564
22.8914778461369
23.1902445266751
11.8628014426512
14.6516652674965
12.1723644055466
8.19535878309843
21.441803126592
12.1088284295714
22.6963430120942
16.7257335382628
10.1802275561963
17.0963873296805
20.2985657574178
10.6263922665145
9.61746767836191
12.714256832843
21.3524768288048
13.2938086565207
20.894251757118
23.8077515746982
10.0204125503668
11.2802364925948
7.07524130824803
11.2736595034614
18.8684519973384
7.29260061861171
13.62734274334
14.0627642614939
12.2467712405388
17.8690968559409
9.5906702242113
23.4870480581572
7.24515181584925
24.0200808507662
22.3530172790911
11.8231747830123
7.51058409244189
18.3601662061039
21.8602220536441
17.9328017499016
21.8109910767859
23.9693162032264
18.2019718114474
8.80779468619619
9.69525032169826
21.2611726381909
6.95695322412622
20.9053938268761
23.9940227972715
22.8947152914125
14.3940371868543
23.7363827840716
7.15131822858093
14.8360047624947
16.763474139079
18.2146073734209
21.9665715597212
7.50678817051185
22.5331581733465
15.0931094997471
12.6351249933732
16.3959359880209
10.4696478616867
13.284758039736
10.6583803131257
12.6993882507032
20.2837298129955
7.04400829920119
21.8912716749232
9.77869911948875
10.5799465854397
23.6396109605482
20.6645239653922
13.6971617655714
23.7827098425544
11.2910195881197
9.91559411894108
16.4552031230202
16.8896055606736
23.9115246534372
13.9818404911138
13.7683938590923
10.2308991536813
10.893023169267
9.52462942992274
12.0688092775551
20.8577803208114
20.8947360863082
15.2301423990918
6.94013838842341
16.676208412843
18.578075367266
13.7661605578638
14.0994603512764
7.10823307810433
12.7698662735209
17.1053534895539
23.6825980357699
17.671213420267
18.4313588179033
16.9898629862351
22.7028549572163
9.07060406889887
23.51441948019
8.79504343944939
11.6274398545277
7.26817203242242
9.34768843955451
7.973537190475
8.54824969976833
11.8301766204722
20.9113866610625
6.96679354665469
14.480416436631
8.56836181072456
20.6131725143101
14.9174776408117
19.6597443896555
16.7473968830392
15.5502331459698
8.02547850857336
22.8242800378629
7.87120032015699
14.7369002172355
16.7260600759104
16.1463539891288
8.74234132789707
9.87658609489198
11.1082162860696
21.8974546424683
22.4187202225926
14.3013738167118
16.6232571756852
19.5147349805252
11.7552053761911
19.1021098898433
17.4647891650424
10.1954247283862
13.0850708719125
11.6630322558414
8.82404690637611
13.0909381120398
16.4639038880052
15.0845248914011
20.7793602897007
22.8615377870381
8.09619494420641
10.6452442012796
13.7543768637794
14.9114676454093
12.7816830563596
11.2754184122197
18.3649087460608
12.6535902000672
9.42223027480535
13.681377958571
11.161733669041
16.9748527684538
14.7536184723877
14.7272885582594
14.5905094483665
16.0125475675316
9.03169814441384
6.94034681534534
13.742189587913
21.257162454107
15.4708215923627
16.3897235020347
16.3955169807053
15.7316851554248
23.5505910653311
13.2307219856578
17.1450628118886
21.5197234699344
24.1391244560469
11.4571281907959
13.2476791406889
15.741280806747
23.513280671423
15.8128494890138
12.2749447971766
14.9483131750816
16.4931053546601
18.0288325907724
16.5484722098348
14.6602787355089
17.6355681985793
13.2611290101775
24.1286957271919
7.46668406690788
15.966523907544
8.26231633385561
10.8152174505686
6.98799533848254
18.5310843678923
22.5895151463363
12.1229009964011
13.7007910200866
18.5566881457744
14.4632156702001
9.46524617604448
14.9011504096627
17.1170536423285
24.1414861044911
14.5762243943641
21.8226167824925
6.97531644325699
11.4078776939147
7.83122089384229
10.9468099752273
24.1476201184294
10.9078545091269
13.9422701859387
11.2821865340256
14.4368315028603
23.8580090416957
7.62819249853221
13.8488806225677
24.1278656004177
20.7933033800029
17.38383360756
10.7949086955771
9.1128010915735
10.0631580048928
17.5731672099305
19.1384952077894
18.1910998255261
7.31812091481055
8.57546114397682
18.6913463119031
7.37539114538277
12.21193049923
14.5012425493709
8.60886764860203
21.1637405932083
7.58685640410529
14.7750979919435
7.29813735884015
17.9773719620896
23.5265569950655
21.4929265854509
9.95402766447306
24.1420958953899
15.2561163817236
17.4716591867223
10.0737277901691
7.94656954337229
8.27461616050156
18.1555829523852
10.9204705304327
15.5896499185313
7.43324633214301
7.37089873951217
15.3429556068859
20.3109153641326
14.9474986503164
11.7053204593317
22.2413270411314
13.626780024076
11.0245088069065
8.76651155342631
10.5631116123377
17.8532157464633
8.49914356637734
11.8645145898137
10.7987860208331
15.878586742603
19.9200875152915
7.97259777851532
20.5167067036684
13.4927818518977
13.3361066206116
9.79259282544531
22.7679841213184
15.387934207147
22.2350767703159
9.83083980348072
7.55822921415628
6.94389051586509
11.346241109618
10.2249987293379
18.2168885151861
8.25206865300478
9.04470487551065
19.4708087021986
21.0156912291548
17.3696717961213
16.5354361313282
7.07643260486204
15.7411986302333
17.1693359757374
18.8634446743195
23.2609345878705
13.2110450344593
16.567679558359
14.7600081626243
7.0453925572065
7.70303150639882
17.6078849542285
10.6027007848885
15.691866451993
13.0452601027392
7.56044088494624
11.4082685522915
7.68356488780611
8.49957559828034
16.0676448659235
8.524125386005
21.4783856494476
16.2855598310174
19.466696694363
13.8136226585764
21.9334494402965
20.4048806129759
12.1922992725176
7.03890684218232
13.7036501750644
17.9038591693033
16.7310156658936
11.3715544340333
13.2058833090378
20.0475641227211
22.8676419884435
14.7298477361459
24.0078501030579
14.5276019536775
8.53023299525015
16.4534990669995
17.7794349714647
20.3196106026476
15.8789334407443
8.36878080551091
9.08585557027303
6.98660003264012
21.9993093412876
11.5280635785715
17.6144774833199
16.6194190845219
8.37228467290527
18.0949714949225
17.6025805567291
24.138634320614
10.1648682320353
17.9924645563816
17.137118388082
20.0194274058336
8.63060523809819
22.6615583510387
17.1030314868694
23.4639295011342
12.9637597845859
8.45463633408972
7.09217729175643
16.282480615135
13.0837601931457
17.298972833478
11.6085627748981
13.1370317743911
23.7449029022777
24.070586038873
10.556256042439
10.4545897050293
23.8310681710257
8.06099427668999
16.8297210101916
8.85419884192651
11.4039364296434
15.4990944999252
7.59128867687621
9.45529493522909
16.8903004234357
7.28748785576936
6.94038717993791
18.5682452533816
9.12012737178939
12.5207137876486
23.9874658791644
22.4090635698544
12.52677456545
7.06328530760421
14.3186061755676
9.00719358076962
10.0233793715012
7.39965098971025
23.7611656764937
10.5220803201572
21.4681150957524
7.14551993546959
15.8429341980902
12.5891924229121
18.7761195112391
11.3764678909468
14.9942995733039
13.5044042514549
12.8241778601339
23.9393229472331
15.390422487021
8.74294208622346
11.9549076958694
17.6762731555694
8.25050329906319
10.1687269203562
15.7512188464293
20.5377010278757
15.6952123581124
14.6231625023107
18.3908186959278
12.4633171269485
13.3600310977036
21.5437070873256
14.9818383252043
17.3066488553835
13.0590380891893
21.4455181947004
17.2486378434505
10.4433427367844
15.9844497028606
16.9034601006509
21.5799066965546
22.026774473455
13.3404434863297
19.7014204283171
19.2077094731978
9.53939941601785
16.1558955602031
12.040482706231
14.3324196643435
7.97343287976124
20.9049618256738
16.3294543281683
7.21749996065614
8.13380090857689
13.9545390096494
16.9702682914784
12.8358018478798
9.52565848045235
23.8848268671744
13.5977867836468
17.641029993645
18.5747168410751
23.2180786259499
8.46953718764606
22.0731632035661
8.88829874617124
13.3143307741687
17.3962990212842
16.7440279665265
7.64476848239173
12.8525657236797
8.37007985429353
22.9476194498116
16.9584766356762
23.3293974379354
15.776616371777
12.9600745360985
13.0614005228289
20.8494063380501
9.5901871903681
13.8161776058455
6.9816218040296
8.14962914818857
20.9178951878673
7.45386211431435
9.75651927696244
16.5393564278337
15.513964063718
9.36423862605791
19.1940746587993
13.7693992476455
13.6713284302097
11.9047847034425
8.89580257207992
16.6935451696173
16.8715616745723
15.3692966957672
7.23802399766153
8.3684122925431
17.5085399618913
14.361285140222
22.6733859946546
11.5497326422626
8.36627898495989
18.1242963758261
13.8116103665276
23.0811251579351
22.7192891793313
11.114138517167
17.3980876441265
16.8384780812349
12.1190372442835
15.5978400438039
7.93460044350536
11.1688598084753
16.707130461608
16.6381799323085
22.0531402085602
11.9206693871087
22.4209478528071
19.8693784032344
10.5484516748701
7.74565005055812
11.9483871864062
13.1048083842337
20.7622317301442
15.3855993057369
7.36896726018663
10.03692196843
13.738127201502
20.5880843843692
18.5866213090618
23.8124238237796
10.3074462803602
18.2411180574237
18.1578208171893
10.2700301071017
23.7259422410488
19.5969425058839
17.8693710604455
7.85248102028444
13.5837686521057
14.7086322204338
12.1770863841113
21.7880161334124
13.0661994177917
21.7967669459454
20.3723340500472
16.711646273195
10.2826247539386
11.438506325822
15.6764278544214
22.74531817369
11.9200314717308
19.0401172730196
13.7121480983257
20.9313027104288
8.80126089165502
21.6218887771773
10.1305116433143
13.5303652090701
23.2635599074097
22.3317396551442
16.09627004269
24.1076199225467
17.6458250882868
12.0239438011481
10.6398565920666
22.7373397775745
14.4420407023246
11.5578706749546
24.0203692608951
16.4111202224694
12.8148624353387
15.4399038305422
11.1118759425042
7.39758596935327
11.1809887397148
8.74859514254527
16.0960445111086
20.2542445218431
7.17088480640384
19.8281224894104
12.2877758638485
9.56082869251992
17.6613793215039
16.8101180235662
19.0568838543988
7.35212225814717
15.2582867564486
12.6001603098734
14.6659698335103
10.1561468067571
14.1895344875875
18.3289092270431
16.8535998950131
7.15080301080498
8.97468274335198
10.7217298073211
11.2291234757881
17.7501655149438
16.2730806995563
7.4951796490952
7.09362359642198
11.6700749112213
21.2716279052808
17.8626627209306
20.4658449102619
11.8860479173886
15.7998289971665
20.8345708863169
15.2458714367336
17.7970958875369
13.8879543216918
14.4986788475241
21.4467866965491
23.2419158191823
12.5534822610524
8.47232321811852
20.4169852374806
13.8031757952224
16.4886696883641
12.236060938178
10.1532363031035
9.75813786750845
12.0948327602331
16.3333792386162
18.7883824237751
11.0541033564179
16.4975054435499
13.081693866085
17.4499120149914
18.2767493091846
13.4660354905638
17.6035634401861
21.8684794908677
15.8265813250382
9.92507584750813
12.8238013010308
18.551261205062
16.3148890280404
10.3539016021733
22.685898084634
7.58745190270855
8.39707863773835
11.8412019008427
21.5445123359857
9.73068679924163
19.1385054180033
23.5772111057583
7.14738204290559
15.1605009559646
8.93082080467643
7.27491475972607
20.7475432761003
21.7958019998118
10.0962608491376
10.3625772930835
24.0083655856986
11.5227090564844
17.2995242833907
21.4096780304938
17.3660769499786
24.0766588989727
23.3706200958591
11.3134873023039
11.4627576918564
10.4054591862633
14.4903158517511
12.5615623141654
15.8950380657277
18.5968273305671
9.59090197525784
18.116022672404
21.1058767520244
16.9742022785752
16.6912868329478
9.39080741145598
22.8717749281461
23.751042270057
21.2007764512613
8.54611298111601
17.7664186614739
19.1077121043767
15.3074946145068
20.9563170090335
16.3989688664057
16.0736910232661
21.6697404917995
10.3147800611331
20.1251742618804
11.6526529359939
7.94346262679115
21.4680860661336
16.2337465503558
19.4001232393732
7.36432498233197
12.2669407858271
9.26135594531754
24.1416243159548
22.5976812303468
21.7018055247217
12.6237125927128
15.618161088305
15.427405257889
14.2344333405917
7.31123865957382
10.0403928326295
19.7543965795198
24.1232336261751
9.49999352391686
24.1476276063615
24.0568254542289
17.0596978857592
12.4577944077811
16.1079450392149
23.3145916724075
17.3101659329385
18.6749467246535
6.98721247446277
7.25110887787109
18.6625748207959
18.0848643597564
21.0402085227042
13.5070979554172
19.8151443566304
12.5113457698051
21.9246981517922
21.3534930614152
9.42187722103283
15.165243360702
14.1096645322475
9.82000035413896
16.9655408606324
13.474099387937
7.1272166312676
18.1677295081493
12.1634379082488
21.3704428281721
21.5045296694666
11.1552018668951
11.4872652638463
13.0573220806065
16.7521288569431
10.8601260598192
12.3839749019945
6.94347078204335
24.1472387483856
13.2321526131011
10.3975912031513
8.21132113420854
24.0235714793245
23.9020919274371
15.2270073331435
14.4494748918644
13.2468533337199
21.5132774369857
8.80768891562825
15.5909320652045
23.0663805131411
17.2340588666204
15.4920206837229
11.5459514843767
23.6201291393757
24.1284883561286
14.6221234808856
13.0511305241317
15.2484599774828
8.6713533954412
23.8857840332269
22.3944591126083
20.6709453528374
11.5760183617329
19.0627996341035
20.9872922830472
22.4235765677119
23.6855412515042
8.65873343352896
8.56669451007264
15.7373835026451
9.78865273952814
10.3918398047584
7.3639291750977
7.04833093569123
16.2302164332394
14.7615695584474
6.97353085819042
19.9184432205232
14.4820592344468
23.3114790482249
21.0487529882234
9.96141249276406
12.9642266661412
17.454642441317
23.7924961019236
16.886598228047
15.8854835583682
19.8235001851166
9.61452115848281
9.78429935859146
23.3655801765011
7.28446309485703
13.8194429764642
20.9440777272141
20.6880404471012
19.6413505720751
21.5533797121297
19.0325290370476
7.07244735665575
7.21903831850059
13.6997642250832
8.72650571521667
22.9357590784038
15.2101144251528
7.75898383270635
9.74129738775306
19.7480282469874
7.97684454327388
9.19165722504349
20.1854635250389
17.955150740663
8.27503429163366
6.97250138617817
17.1837222161608
18.012250304387
16.5115525474629
22.4587512139667
10.5003764175885
14.0144602177568
21.829558858009
14.3668389528054
21.0708494052577
16.8423664188443
15.2629523502349
7.21988135548014
13.7292600021233
9.74835247467485
10.6170481188343
18.9073351894394
9.91455670923623
8.7450797628759
22.6721304072903
12.7120285668967
22.4521695423967
17.9766414027037
7.87229374199703
23.7176639928064
9.92334265563489
23.4416208225685
23.836281005284
15.3525137598988
23.6177034623465
10.7761043862418
7.57447124041411
15.6464344065064
18.4600099065732
14.7943556746509
16.0770265014216
22.3022208001267
7.78229874492112
19.6284164349506
10.3691847542793
21.4577926652208
20.9740096552336
7.77999116659318
12.3206696314862
11.0192110383887
8.10622740780614
12.4694764240862
15.4066432147296
19.0823329522701
16.6822907455104
22.0184082102321
8.28062797337791
23.4233122141879
12.7674588765723
11.613421941293
10.3202418232151
14.8442643579936
10.8495755105211
6.96361670549883
18.8319488840028
10.86059829156
21.2843962690699
18.7444624444696
12.1135649069504
7.14440928405938
11.6312375232285
24.0930102704185
22.3053848141778
9.80197958220247
15.4898005585986
13.6853157941912
12.0057887205518
23.5266674030427
9.85061007369407
7.10681919128851
18.2163319159899
23.4856099203548
16.1644531696456
15.3273580998085
13.2616709404849
20.1167130474809
14.208387577489
18.3981333934007
11.274376464285
9.47646855213353
12.1192268381232
11.2843776305049
15.887410205201
17.3894626989385
11.764899128986
19.5235118412607
23.1407947342477
8.12353408017783
9.73019432515177
12.1217962738363
16.885645245463
13.0635095826469
20.5742037607181
10.6092792457423
7.31916439089791
8.2162403671622
24.0446278143636
24.1332727390133
10.2586593863165
10.0962969431012
16.6143865103216
12.5137018462377
12.5641487038476
13.4511283393289
23.9547472299561
11.422769798273
17.6606189151617
14.2499736744204
14.6559629290066
19.0028334953889
7.89260095626719
7.87560130058122
17.3874433007665
9.96674615625453
13.78576583055
10.8485041982751
22.7554199946089
16.333881010829
22.5308853132071
14.8847849549994
23.4958822929339
18.8153872358973
9.4700823254158
9.059125131464
11.5945322044741
7.15378472125709
15.3295495477213
22.3335397390253
19.5989938570023
7.93985877725907
23.4203468067503
8.72745308756168
22.6885787754534
11.6990075653512
21.9974126381447
22.7615794492529
13.0399565473019
7.10514366529643
20.2943613473674
20.6152569983288
11.5485493404349
8.64968298358997
8.11735772732053
6.94188675974625
14.2554836404153
14.890649749295
12.2963401007624
21.7192459066837
7.18862799046494
14.7410757856576
8.434928486793
11.2601778585092
8.97871381598153
13.5055407802885
16.3618674729177
9.03811973547991
22.0749088455742
23.1381513717215
22.230826832764
9.02061103188244
15.7508739126201
7.95393683172927
13.8318092298299
10.3247404058849
7.33444286995385
18.6736194505274
14.8146089137963
7.64365076588695
14.595561387595
20.5133839469038
20.6875433615881
17.9003857220897
7.99956257708843
14.2880592151881
10.4260858635016
14.1515023914071
21.9847683688296
16.3604162965005
6.97819410371749
19.9143339846786
18.4965906698156
22.9434665843277
16.6990817187965
6.94013630898919
22.4699289142492
14.6731428453518
15.3369758488948
8.63565292409137
22.7290537299018
7.06765517993743
15.707252495457
8.23458092564896
7.27337019864217
8.72850528354879
20.2014760648952
16.1054848987099
7.73508680353645
17.8861213114068
14.997899487848
21.9304099272286
20.3255455456086
23.5036511178906
8.79035228123521
14.2408023652086
12.913042845233
8.20993709248241
7.3733171783592
8.73023601462003
23.1597150569368
22.9865043964355
22.7905437196735
9.06708971105457
8.0444776594907
8.43895421466467
8.49891428166245
22.2710507281593
20.425192490398
22.7527235652338
20.8866537611123
11.2801422482395
21.6526734904698
12.7841893467625
10.1602791276731
11.1888202002082
6.98624400456146
7.96680310639913
19.5141872478149
21.3819572579633
18.1079142766206
12.8179417652847
14.4876667014465
13.7473364684574
10.9278390219267
17.0642244496855
11.0177817259515
8.70822110369826
19.3552226624078
6.94439796655816
7.74769266226423
7.2638983836673
12.6864800705323
9.44304045723111
15.3125432163682
11.4108443705391
22.0127243936148
11.6613222663945
21.3924986137128
9.59738383977737
11.5096977678266
13.7137454741792
9.47188536569547
18.8102941275114
19.2217706068876
19.1340700666395
16.3016933846028
14.405892019899
9.86412059033744
18.6227715668334
23.7589377791607
22.3613943177566
7.25047939112522
23.9116329908829
7.4316911288907
7.79759395252641
13.8670794581388
14.1144117112368
10.8359930649032
16.7108653603291
10.5408329335485
7.15008175311805
17.9749001853563
22.0915996388173
8.70386468081616
17.6958078524384
9.36920853847587
21.352933940976
15.1291577718789
22.2341361571394
7.00872180944181
16.3435438794459
7.4885900784744
9.34014913769265
7.83185716671304
10.5387471621849
7.73459293735006
12.6583054125847
9.09163206924421
6.94884483411415
7.28766195976159
11.5606680054087
20.7866917225402
14.8781805907255
16.3086324713737
20.730237008823
21.4245215907819
17.4718802896018
18.8923039966376
8.42099098806166
20.5274466137058
14.691417871954
17.4529968213129
24.1336954613799
19.6650258761151
9.4855117065618
14.4861902047022
17.5893381336871
14.4506663893037
11.0000952964384
16.8730046749154
11.2826170971776
18.7652559008882
17.2561632657095
23.6831485136691
12.2902088516279
10.1925664429069
17.0614306487088
8.81004555652172
11.7505930951333
16.1369703585992
8.76743291902243
19.090688511578
13.9106537957878
7.20150726914289
10.3444270430918
7.10719503759337
16.921616288588
17.5472457380512
18.1968567807892
19.8942254174456
23.4147015312751
14.9356282121766
18.4817193413912
18.6073804728291
16.2294928186661
24.1490097387221
7.10086626191822
12.0737527956541
9.2417665925581
24.0675134733545
23.001315934082
11.3735720232397
15.2624884452051
9.62773074446143
12.016799373141
14.8475053502824
16.3139687495693
16.9845761901093
14.257993189518
18.6289840610707
22.7212770046238
6.94461500870784
12.5617198818726
8.17966918250288
17.2900503621944
18.9560457737653
12.5967245983401
10.0295926676378
9.80235151813784
7.32988719968527
24.0659366280764
12.0576689299232
23.7174064831635
7.42463039705553
7.73550858026728
13.9644425760475
6.98671710390479
23.8939613353916
7.02868702793697
8.83889887263066
16.5562281840444
10.7183259858321
11.3662878206218
15.855474681361
17.4115862063933
23.4726224008197
17.3052456796066
15.3472293614546
11.5723008291646
12.4467007289077
13.3100624162144
21.8035586188293
10.032488536899
12.4163986254545
14.6938036610481
10.311477763768
21.0745761557016
8.84528865352852
10.6165396058071
7.49185929645607
11.5067153807571
21.1135237023072
11.5239571561399
10.8347084700761
14.2977310634701
19.2920724850149
22.746410215247
22.7408152723556
7.83030910931723
6.94269460041064
13.5388254319698
12.3031620262963
12.9556268343499
9.31798680928398
19.1272212174975
7.0282509297153
7.66323746107779
19.6027517161287
14.9295675361552
9.72099670081088
9.24894632049037
20.8982616687004
13.308392979678
19.017001706135
23.7582464941742
21.8041179314195
17.915231666372
21.2597592428524
18.9493350803528
19.2685144835828
24.1317861834706
17.5222736000039
15.1947161423967
13.5269292361142
24.1287390344376
12.566646436215
8.26386396939897
11.6773953058563
20.3246803256142
16.0548724750107
23.4422816115382
20.984260908285
12.2803326305823
18.5318402934351
18.8291012391976
13.4026902784003
22.4405014237371
9.59804371673958
16.987845283279
22.6632243081228
7.0369538421616
13.1400248811124
18.4043021643037
11.6743068388559
18.3904170998408
19.3280401261523
6.95239172956585
8.12408422687165
14.6484348680633
23.8337701857615
7.0245704061278
22.8707819029007
22.6808409983001
7.15455574928689
9.85121772748917
14.2953881171138
8.34121743606892
21.3766723864302
14.8769289844771
9.96651099098326
24.0757458721832
12.3251688521044
20.2145814696881
11.7606338122193
15.3091607126478
19.2456957011859
7.79892695415685
19.9487966075116
8.19003096801341
23.8670890981795
14.2999604133195
18.1936059688653
17.9708027871576
16.4934238858601
15.46813593363
17.3899591076859
8.23993835736629
22.7556006631288
23.5438256311105
23.9108018835972
10.1859485757508
18.6027516215471
9.24495492935297
7.32682770041725
15.0033810905259
22.8138384958428
23.2808901662498
12.0257817126457
17.2097842193347
15.5177215747745
7.28065152657145
14.9966576358373
17.4794217506827
16.9413684472908
24.1060751256459
13.8803681196988
7.03875672963915
16.1225849471545
12.1603899394425
23.8424309491169
7.23340997504969
14.9666789310592
8.13015171352129
11.9191265883226
18.0519133775052
13.122152275151
7.82945959901756
7.30152628397285
8.39190896329884
22.9954515266776
6.94103728908602
12.4222614570038
7.17585111280822
17.8243681056446
18.2452304641808
11.0622121822752
9.84168905555323
19.8733510513408
12.6257637144815
8.28772223767959
8.02296478771901
22.658612772169
8.94069705837305
12.4445440178791
12.103538142971
20.4396306138189
12.716298243921
21.1364810325263
14.0510937840456
23.1182524931921
7.32142164219935
7.43839905332839
10.3852300150853
13.6405154411636
12.6780622385764
21.0410607127207
10.7533026884486
7.5999217675751
18.318833998072
20.9512282283405
9.80825693204028
9.29211040351128
22.6222798705836
20.6630516229387
23.8046969797708
15.8778317240852
14.0541231234398
22.7509951605399
17.61533033112
16.6003606086361
21.6757093988433
23.3187515222907
7.13702087641631
22.5799206784807
22.3522415549815
15.9472681107986
23.8166020934403
14.7454182767188
7.37828928586425
12.6909494891858
15.4032795046746
19.796476786944
11.9536850672361
7.58335872592636
13.9433815386996
10.1352876434311
7.10922010083156
11.411777331181
19.7611715552767
19.0877670444193
8.94999336998691
10.4479584330636
10.3895679260039
12.5176720021982
12.6494320536859
19.9298447791612
11.0503281069673
20.1328105045928
19.7978405570286
24.1387822541406
20.3265436425302
21.5758273475484
8.0440768812585
23.5764151168826
18.9336252891901
16.7303321509865
10.6270356880677
12.5703682004951
16.3341757615941
14.3320688286044
8.99845989023655
8.51708037664168
7.76847174408345
7.51487404030476
13.1092826000442
23.6072466259013
9.54153320883145
23.7017437310745
6.96733022493776
11.6292111500988
11.4412992516186
11.6249245899243
23.6052403223274
10.4805622896464
16.6633495923615
8.290672296652
6.95374712913113
18.30115949312
9.03762435974687
20.481463864375
16.8165110449468
8.42705454198968
24.1337944286899
14.2746434797187
21.5551357459022
9.30713324143849
16.0064185968644
12.0455237805069
16.2141299647183
10.7602469975856
14.6514230243408
18.6322012536631
20.0089630874122
20.9011055646383
14.0896906443033
17.4824287191976
12.8599494717421
21.5592283784005
17.7309872806071
19.7246908764013
10.3298554348666
15.9659304159974
22.9690904842807
22.6734015779232
15.9121990565914
15.636162626062
15.2710129953995
21.0207410365514
17.5350604132073
21.2023061529358
7.25993258978933
14.3792046350603
22.5688998806536
12.873475357649
7.51548827897113
17.1565266389037
20.1878780727325
9.25068444112422
10.526495919392
7.72259756725671
7.00893680062532
14.8148733827761
11.8474962272045
14.1668352766283
18.332275547463
19.788613071083
8.81615648972225
13.3701693100377
10.7967075806759
17.9781519102724
11.0193665912962
8.53089994891508
12.2663478132447
18.0459240439926
21.1820667810137
22.7322103465252
18.2974199308246
16.7532620019995
23.4380596774479
12.3639112137185
10.3372521492553
20.4019913688723
7.70265619818923
19.3731205138841
24.0964259478469
22.6538248820841
14.3299843165632
13.7193593517689
21.2320805618077
19.3117961434882
8.13375689169928
7.02830068135581
12.1237028202734
23.7519108137764
14.4134403063754
17.2582487521631
20.2400606979321
8.55320073647131
11.8004804728125
10.5338915505121
19.1660288455907
12.8979303333836
23.4993362863061
14.0471703328786
17.4469644817447
21.348362115536
19.7266620543435
23.7545743882577
20.3572945845655
9.37012444363482
6.98991495487699
7.87685656415003
8.47089381527146
24.1359034808426
15.749309230518
9.13002459203384
15.9100281563018
21.3023167197606
10.7153673464726
12.291071971682
14.1877403461765
22.4922238372134
20.5482869200237
17.5811234029521
10.2687522773327
23.4591659984191
22.801316143916
12.5106846071366
11.7796132212124
12.8662673837662
23.8033577330706
15.3976541452265
23.1578774396245
18.1903153444648
16.8653612436316
19.9682195873703
24.0386549074952
13.3735375606402
16.7887401445384
16.1737629385654
17.8204362763374
7.15344392502044
7.12170977348067
21.1426914967067
20.9695801264026
17.9314569217816
14.0057847619575
17.7099950219314
18.309934020353
14.8711405140609
20.6380944201798
19.0414255342665
9.52596454127599
12.30197195913
8.27759147634282
10.5809186776545
15.9990214693258
19.6125667600341
20.3467562745524
16.4610949855812
9.52704158321595
13.2641481042467
7.67719358234993
23.6715121732381
19.4920453656417
21.7847571265465
11.9406573338655
15.6108266854867
7.71194567391133
17.3582452895447
17.2360297142469
7.00630543940347
16.1477769499381
23.5346666612522
20.7429943312415
13.1932977916162
17.1348396494856
16.1437402026873
17.6115956854361
17.2580428911212
9.76553237310046
8.99265526795702
16.7479631299513
12.1141696680738
7.55375290048561
9.34609520779732
14.5312604921069
17.7245913945482
21.1251879744669
14.1099246923006
9.67323544213734
13.9014909665547
21.3504921788844
19.5189823765219
10.5409488525036
7.14646349841617
18.2088641628574
20.2073179221561
13.202777254227
8.47693784049051
11.1584356323482
23.5790235754679
13.4311847760406
8.05846800937002
14.0416493722677
18.4569010978746
21.3729608124376
7.02135353742204
6.97743949518181
14.8538495397339
12.2390587259258
17.0269096501522
20.0522172145875
20.9428711552686
15.3215858664603
16.8401920887206
11.7932197725141
17.1949630375859
7.72371909896991
14.2771387814676
23.3126652973316
21.9635935790338
9.94025789643894
19.3769955824497
7.84660422522166
18.8023763619809
8.50567107898313
23.8245215700215
10.7290292228971
23.3312450968871
21.709506287437
17.9751084040344
16.7253441581781
12.3412026978106
21.8290436272921
12.8621523587024
14.271896671623
7.92585571410043
7.86589656444143
22.1020644390803
8.80511002764419
14.6929529913418
18.7742674077986
22.1643624236361
21.5931044218431
23.330293025686
20.9697493871779
17.0760830440421
8.32963508377309
10.3365374916106
11.9982875050841
20.5410723220866
14.1773944385174
11.7638206410449
22.1539130236291
7.63691381606975
17.0786577740859
22.6237082536374
12.8607563272593
17.7394105847144
16.9062438996875
16.0697440061475
21.4353772695012
15.2034173068544
16.4002945107871
8.30155432318521
18.9851038723702
9.51913754850943
7.53393592867962
8.85608497109146
9.08019134855595
24.1219385851535
10.9197684959723
9.89900361831487
11.1268798409473
15.5519199654039
8.25762678989942
15.9561007555136
7.58539008228443
18.2159117470613
13.1756814395981
13.129337022752
7.13958369084536
16.7532351384568
8.99313080625245
10.4455765195776
20.1034865807055
10.3376241649352
10.2997015653829
20.667831023546
10.3832753261947
20.5085140460945
18.123225390132
12.6055560893095
13.4573876503828
7.95951465028846
11.769028134382
6.98214272152451
18.544602346296
8.81542421000552
18.1138038063122
23.8119758209712
6.94526401020836
21.6788362903275
20.8952315292712
9.73496189086342
18.2177376936352
10.9337634885334
11.4315006605176
8.50366952634565
16.7041398785906
16.4021412709159
7.01351337194031
10.1079496180027
12.7290965844667
15.0108718762476
24.1158771112453
10.0858167827621
11.4442077354949
6.98199851662745
13.4130681430365
10.4730863539045
7.36824998125851
7.07582040713492
23.6266901376739
12.5733749122963
8.09182440566424
10.0987433765847
16.3475630211571
23.9728738899643
7.0091918777935
13.8519616128323
7.31622846033017
20.3154899652032
7.49515565552556
11.7852621855919
22.7804893783166
8.12472190831568
17.9139379922709
11.3082051130058
18.9899748068697
19.1471740339355
15.9166418545549
13.6225133533015
11.8220726539726
14.6820820142277
16.1264898572735
12.8289525300365
10.9943518841941
21.0250211810737
17.2173825228455
7.14373122650665
12.6062183747699
13.9134152024433
23.5265857442571
16.7923323934218
17.4047650700287
20.9213145244955
14.6428664922378
20.4993046576737
7.56518817912085
13.6865453144067
9.17223769923935
16.8297162802067
13.6844008577964
10.3780769550422
13.9724979498875
17.7977167257719
18.4898774499058
22.5796056804652
13.1715102193775
14.2199487429885
17.9776366356879
7.14182949783987
14.4412870531185
14.0651195860256
21.639755992357
13.3278327682917
21.8153965333593
9.42021664481637
21.0604228131909
13.1481839798245
9.3228617481477
18.1820747372542
7.20112045492391
21.1659252654425
20.6462033304719
20.4351887289036
11.496606260765
18.4897051027812
18.7776193983429
9.15952870157277
22.5720171868429
6.97145920522495
15.1378979581813
18.6942541006751
13.8057088202892
13.679367653991
11.710277747577
9.64676468145658
14.4496767658394
15.2035880953371
12.1163452894802
20.0454739214851
12.6462436350887
20.1094400722631
16.4993679143773
12.7592461821979
17.7882185760817
22.8713729383683
11.4408656441594
13.5101266942347
23.8514975211329
20.1518750790216
14.4286150559047
9.43845224474926
20.1319035451473
7.63660871017906
16.8100196004187
7.56343118806229
9.17577788977331
21.8997199627807
23.2812935754142
7.97366996720915
6.96657266097378
22.5345901183596
8.32996675679994
14.1832677347202
10.0970021583792
7.30244892699043
13.7137194141195
9.75948422627857
13.3071809356153
11.8914687430611
9.74897612104448
11.0706110671978
22.8046638890493
16.5065377733358
12.7818045010141
14.4417226343839
15.0352377851435
20.3525649078482
20.3896392262374
8.94315958369535
15.8097143162932
7.25632940370734
10.3688828435129
9.17551508945261
12.4947874605944
14.4431788465869
17.866971028039
9.3445073249504
7.96750876322422
17.4212486016385
18.1865377269533
20.6894413752834
11.548113440587
11.1696403019711
11.4839424718334
7.8269082801355
19.324092953769
20.4155111409782
12.8417237878594
23.4997125433506
22.9402772264745
24.1430932114534
10.3797812350575
7.36874735583165
20.3564166128277
16.4707338422045
23.8909200364628
18.6524002458568
11.0100106821193
16.5731294796408
22.8501769365468
20.8672551349176
14.9177628270163
8.14790361804309
11.4971326076353
9.09686361138476
17.8555707023203
11.9629309249996
10.7484290734706
11.7754496410739
18.090208379364
17.3352739102839
21.6049244839645
12.7994082545332
10.2914302442796
8.7715442221886
15.1474227061021
18.0221732608312
8.52240703901181
20.9680445287026
13.7298823179466
18.5199724463366
20.1139085047003
19.1373336236046
7.60546803497058
12.8105214638611
8.2510457177565
7.43115872998193
10.8721239376009
15.6962185513583
12.5461470395656
10.7678088230427
13.3650558261788
14.2852927644368
7.08113151397519
22.3370214254759
12.3212837593567
17.7095544644366
8.30999694116504
17.8036643685831
19.1899300135101
18.7689563811812
7.57103023294922
20.9300236674367
19.4446660663304
23.1364077180485
13.2698197386189
17.4903313355452
16.8101999882412
23.4402309835768
10.0333650455851
18.2553060135719
9.71048807064228
24.1299951793773
7.70317895669687
10.0333586647832
19.552673309394
12.6254042344601
10.4497032721427
24.0049638700498
18.5737400557561
15.389138447074
10.9008773143112
12.0437135495384
7.80531753489143
14.0951070488009
12.4018520237628
19.1850775041802
21.424884892261
18.4320408573405
18.5684690747133
21.9390293940385
13.8036013884602
23.1922989216339
10.8765046855333
23.8980456294079
15.6260888852801
18.7762748329052
20.0436413674994
8.76690909200248
21.8626832327258
19.4522240514315
14.0841061873113
14.6483243077803
23.3304009854328
18.5014324647798
9.223931647748
21.3347846900134
19.9587016577142
9.82219859791523
19.0693641291768
21.426994958257
19.0427115185733
12.9597398667268
11.7460217401547
14.4810026630626
14.2522495019118
16.4935836559666
9.21988847275228
12.5448416597429
22.673852653957
12.8988398320596
10.3924273504784
18.5214873023322
9.22905749573636
16.8577600361426
15.1778130272642
17.0730054423222
15.5109131324666
14.1873754934417
8.9011506601626
16.1923748825947
11.9695433677304
19.7900161540662
16.9760397440336
20.6465733409734
6.94302830939346
8.38646914793393
23.9309734275953
8.65281587392225
7.08771025501199
16.7386967469865
14.5974202868867
17.3146123301801
18.2067790856889
20.6971197816333
8.79234586686791
12.893243315865
23.7832592702702
11.8922732330216
23.8899643827011
20.9079669933537
11.1560943930458
14.2547903902496
18.239052583563
24.1328508583669
21.7848125553567
9.49599540632883
14.1353158903928
14.1145692634222
18.3862892631362
24.1400570390535
17.9758122826892
10.1815512260458
17.6103788562753
10.6310004862565
19.557854374304
12.9932267598563
17.2440051293276
7.6580821417876
21.5781538779356
18.8621069653844
9.96698257971979
8.52488617751399
17.8901316270801
8.39094583818914
16.6061403186478
16.9947255306541
19.8621474522421
8.42256652203915
17.7753034120538
12.2946087468249
11.6707918170855
10.1717561939653
17.9606965852419
7.05888421991831
16.7664254217991
7.33292910092528
8.94457506124009
8.02161438448586
18.3956058623607
12.5782023471163
14.0577489271628
11.7707220826661
12.0465161290736
11.480240791733
14.0663981155482
13.4452690878653
16.4382212542612
13.8483773101927
16.6472984770095
23.56831479231
18.0139912168775
8.71313142328966
7.15345236611011
12.486455677684
9.28790229827808
11.4568114604555
22.0007628013409
12.8528776347415
9.71146334438744
16.3994843997635
9.13580063251472
7.56708634846893
15.7075829497646
7.29318214332132
9.67645073591596
17.3294458743487
24.0750142215285
14.4758139043231
18.1485939899709
7.70642441492724
13.7802982428095
13.5820620843738
20.4247187665662
10.0636705624939
20.0100913933037
14.7360773997762
8.22673926971569
19.8058823599182
12.6326026203215
13.5088291453577
18.6934139287905
14.469107355059
13.8912310432341
21.2717570423269
10.7388647789472
7.81412061565071
13.7518069083878
20.6606484407164
21.6104817874981
16.7043850657933
20.4784054651272
24.107335596562
7.05350672354309
10.16900029242
19.6643562992608
24.0619807561632
9.39282042729444
13.4611102737752
10.2571188467001
6.94012865134893
12.859135956677
11.5553741135501
16.9020242774655
7.02504129412106
15.3422173536835
10.3053912141263
8.17720145393996
23.6562918875377
15.0992423307355
23.1158169551266
7.60660966393363
12.0766047465993
9.3072155047966
8.06911208422429
7.76573366193744
19.0428417753379
16.4276006238225
16.9716986899012
17.3855619371192
7.34061951228899
9.10046752408271
8.48141404633424
7.46602737759247
19.9572752859544
24.047440472823
7.02844270072593
15.9070357710135
16.7800475477589
9.32798385877864
8.36652247507196
11.8785299226147
17.7929062534328
14.3270789412923
9.51856617338291
16.9482757524793
7.19157483939212
22.7218085730109
10.6507646738205
12.5007882061493
18.875188462089
8.62910885854611
6.96765899644772
17.8052984946617
18.8515658246887
7.10832624006801
16.9403486128162
7.43687474026436
14.9213871698183
12.2956812247258
15.3361494479723
20.3372492010289
16.837577867845
14.1440666606105
8.85232500047919
16.9191686080824
16.2372557122874
16.5927344481349
16.0888304650383
7.64648644566949
23.6248013291834
12.3552350107159
16.6475933582787
13.0497350668254
12.8047223331749
18.6772214148192
20.4431395155172
20.0216017452968
20.593563346049
11.1975313987104
19.2160586483495
8.22254381419874
19.159571062187
17.4050991212268
24.0905738535138
10.6281969494701
14.3800014462766
15.6361627152721
16.4312666995736
20.1793980791424
8.57710276404164
10.823107339674
8.90422561719066
23.5447768295564
11.1307430344831
23.202787588217
8.29514508290009
22.2490266668627
23.9462492562305
11.1864973774151
12.5203016789293
6.94839870192081
14.3247968722384
16.2516705219506
17.2334670678764
7.87250931796401
12.1024381768626
15.51128554863
17.3948900925185
14.6988292528861
18.7637269192572
23.1079882340281
19.9052657372374
17.2518166646375
12.1135050365543
24.0976829894772
11.5709568220888
17.2627931805194
20.2141563007534
20.558369714656
13.2062300805469
20.3873758722688
19.221306280264
21.9164555510553
21.3852750415937
7.20920062751008
11.2894927296392
18.2518100289983
20.3891686097813
21.8454770311526
13.4725421879438
20.0828545463382
8.8833405097571
11.1110815399739
12.6913639799666
17.7956048258396
22.22711095116
18.2931913682594
23.3954347960272
7.07582659990418
12.5677815200261
12.0215327114987
10.1821051796328
6.98045900913219
17.538064655303
8.98564531449958
14.5448026565363
22.4023073263959
10.1199543364323
24.150162151454
16.0202633413729
7.32151471272678
13.6930068949185
7.61929081242237
12.9179162845334
23.3518917391005
14.6221337753927
9.57514021982031
6.95613682334593
8.60226207659411
10.4492040465186
14.222981556102
13.4069076192415
18.6097889269836
14.5118873431345
10.3893462328997
23.7947273320784
14.899402020836
14.0385807498083
18.2303326583182
10.0478843289434
14.2198572117986
17.9166360145291
9.85027686858744
16.682260797821
17.2189072088218
11.341380261216
6.98483547837888
8.63184822865459
7.54175653557141
15.5876312680839
14.9758114905563
16.7744993149677
11.8930752513453
20.6988072141183
7.03947116190888
14.3613500273445
24.1494065917161
18.2266743874814
20.1912262472401
15.9065721089471
8.84653670573944
7.0224774429606
24.0278235680075
13.0684319051386
21.2938731309526
17.9513231768751
16.473622767692
18.8824323019312
15.1483797432258
7.27435629072827
20.3928082649582
10.6773477585945
8.14315512439451
23.0764670710592
8.28008686307632
11.9598728883839
18.5566849953771
15.6284492865375
17.7195688514904
22.102957253768
9.36653943501332
23.9365724027452
9.86874443283925
24.1296012253955
10.8433044032247
14.7324060931858
21.1447344670272
7.19197201037201
8.03766951049264
22.646407620789
21.7199695620361
17.5710212093272
16.248396113265
20.0475263247207
7.13681855679192
22.0776334410727
22.7795486836811
12.9155719283184
14.8720199489848
17.1978108957194
20.8706265925717
12.8136112157697
6.94016971623734
7.82805253374132
22.690560555789
16.2132304966271
19.0063194704228
9.95008771389033
20.4202494669736
23.9142598579148
21.3108049303577
17.6942976790078
20.0187852906805
10.784734401654
15.8594896458467
13.0451903893263
19.642503009328
17.3560702137348
10.8994628494607
8.19766834137533
20.3671568975841
19.0514751232207
15.4230498826833
14.2474021166603
21.1908095283879
19.7314572512005
23.6894321803705
12.5868733090737
23.9787304989783
8.20008586177444
12.1001401284378
20.1209618664662
24.0792021646608
16.5086416878848
8.24951221442614
21.4598463033416
8.63841458476267
18.1344872356374
16.2738222968108
8.33292647842648
11.8672397942541
12.1445321281743
21.0926782759962
19.2688996246068
16.0935416474265
13.8862494398306
18.538020207833
13.896143320458
22.2109297865121
11.9228761037999
11.4455042642179
6.94662126512507
9.99650226216838
17.931618811245
18.4261410513858
20.4650763742474
24.1265077478673
10.1488505660281
15.9293847353099
23.5521710941156
12.2765289410677
15.7330452213667
22.6099233167127
12.5448444414084
9.15470225018047
9.15573124665886
13.499788995305
16.0877035457279
20.1470399371066
8.20032383584768
10.0360959200684
10.6080004049835
11.5665707462539
24.1378716431178
17.0479125742328
15.468422657763
23.5155672867592
13.1047927874399
19.8831120360571
11.4395854047767
12.0081774922329
9.07442495993217
8.14415809161988
17.0467924421947
23.6605387675869
21.5998639784538
17.9224050759269
8.68746929636032
11.7936474533916
7.39684133386241
17.8017939114601
22.078567843586
10.3434841860498
12.1618016047201
19.7182261529357
16.8409216041555
16.8225446581328
22.6070583893377
6.94293857992467
23.991009786435
7.46752395664066
16.7009601728415
16.7220215627722
24.1426940703448
18.8430572665021
8.17987036077579
12.009286601912
9.1307128509931
19.0613988742792
13.5459112902642
20.5258068512589
20.2801091195771
8.08055774414344
20.4361995651195
7.56326135688776
20.3028746457777
8.0766205562272
18.3324522193993
14.6523241625198
18.1622817066941
17.4765109134817
16.1784524540806
23.997183923343
17.4497666117115
8.78729331213563
7.16782164911112
16.5475561595754
13.6197883832001
23.3334492005554
24.0011326132088
24.0601359504187
20.8415005009432
9.01361941607161
11.3057417183066
14.3006848883295
10.3217371288333
17.0842631171957
17.7097526034621
7.03106782782317
9.535714308892
18.8400076350416
17.727392242081
11.8340049096692
24.0994666011941
12.2671017218847
13.0163124042896
9.99186367998822
17.7585489192315
14.0937979319438
18.2921748256962
6.96482540933596
12.429575398519
7.03512954501454
6.9468689561734
16.7549129470843
18.5773752006257
14.468680804847
9.93281418906125
9.07050587001831
21.8445965339696
7.13449904272513
23.519506565395
10.2661316355932
8.6901076500936
20.7291475576216
12.7416025599852
14.9305010854362
13.5917919441781
20.4034364143381
8.13479540909637
13.744544478407
15.825338335342
14.8032842387375
16.0350906909905
24.1172819391418
14.8649352916089
17.2969722938684
22.9080544088891
7.57154936569906
12.1077596914667
23.3227635648644
8.03068324242934
10.9045401584174
11.7869319553079
16.7704598092508
13.9431536865595
23.6327783215334
8.28188393968153
16.8601924134712
18.7243282345462
7.57180829929168
10.6826052175644
14.4236132042775
14.700224680616
10.1495276941675
13.9387952285644
19.1339714020884
7.86478414473233
21.1735556062526
7.4049192858634
16.7840372480333
24.0821395510613
23.6681486117138
20.4581424348358
11.5087469216304
13.7327821790057
12.7623293923239
22.840610441793
8.97730240083499
8.49208185793574
6.94821748213572
12.3939529143026
15.0353550831796
19.9934552596759
14.6652490167923
22.4376085528435
8.06645158358997
12.4941671241328
11.971636928849
24.1480451238645
10.3777824202799
9.08828542869942
10.0938866147705
18.384828325847
22.4287245525515
18.8601788044074
19.5029478983492
22.3077790319679
15.5532457291737
24.119899657383
6.94204092029436
7.21805825680122
17.8894867283268
18.6484680266738
17.4787772438751
9.85906156511255
22.6481143294958
10.8987883343821
12.4347927445342
8.5770195094309
19.6246872403393
7.21075239743915
13.7443801802524
18.5770244524321
20.8900157972546
14.1228228822266
19.1407735593045
8.24033435016326
17.8205925911235
7.85320589245777
8.53766425014186
16.8788357812296
16.2485156668012
17.8339515345967
9.60838037231375
12.688613905538
7.99205531332987
12.927399311828
15.4724117221056
7.15049409984351
9.99137312914075
14.4360093947048
10.1115440374196
6.94726853715842
10.2014773377445
9.26759015479986
13.4855900596459
19.2459285491214
13.1608976900961
15.4699603815416
19.9906536992061
19.6803878539226
21.6996513477601
24.1368023909786
8.13610953795079
11.142834032357
17.1350869144791
19.1327991614597
13.7796506267804
15.2635544402464
10.6091360645623
13.5455969616615
7.15918835147117
12.7398173864491
13.2648473382665
9.83708850036639
9.12258145435356
21.3018063029524
8.67619968752331
14.2981255386545
10.7852662043635
15.8552719123946
17.6099152247081
11.0058807587974
8.67898020594102
15.6116171081209
23.6105783832524
6.95602636500427
13.066665750636
12.7566940991954
18.0115105891463
19.9545338035575
14.4095024299197
14.9995537226433
9.9461998744286
21.3049851006705
21.9533398608037
8.08729189318008
21.5280467337238
18.0168485259868
20.7354460799023
6.95281149437995
7.17196829609528
23.9648254824912
20.0365841329891
15.9209168297412
12.9990302554992
12.9612950850688
15.4853591014973
15.1846326155669
15.7996198241737
20.8436259497088
7.18139654536063
7.05551054623876
13.7355357103342
22.8563578618461
19.4602839701681
15.9960817447035
12.270467072025
8.4118238425273
9.6777412916492
23.3505304808725
7.11548097268073
11.6705754511768
24.104726366912
17.2063210187639
11.9845390063122
9.3787981422679
13.3138711652559
10.5793337320431
16.0375162328023
22.9586500765188
9.64884125920415
23.2474790333658
22.4962733508064
16.580258545004
20.5529473932579
15.3174640209178
23.1238510251188
22.2532409958229
21.5516513938272
20.1702701551428
8.98609978699837
11.2911262801669
19.8753518380038
20.6811348652534
13.1535178931037
23.3804192073244
13.0891331270222
15.4725274595184
19.9759811560641
11.8113472294545
22.8494537694742
17.7884167397362
17.9850721233635
15.9125054533101
22.807400430297
7.02062512625588
22.5740163893582
18.1347682128
18.7913017739241
18.5562581375215
24.0849600824225
14.5955598101872
19.7764992099775
10.0564874548381
7.64637436522054
16.2398280113684
18.8371704780863
11.5771789142849
9.97954385111056
19.5841253454645
7.03762983205552
16.6499403647897
13.1159914359538
16.68288823751
7.14385948234246
17.11717478886
21.3157566136544
19.1038021911196
7.91193590514445
21.7911499634001
11.2128610173912
7.19371486680913
24.0638422062129
11.783111555266
12.9904686478828
21.3002637113528
13.7198244507464
13.8852646365909
8.08496352494097
12.6328065572314
13.3078663095093
16.5238344199628
22.8800246819973
21.0464897661686
12.1042926886598
14.6204162201368
14.7145293099668
13.5193566595817
7.11788814813112
24.1232233443535
22.5814989971529
22.7631190230973
7.4896944799185
14.9322510628622
11.1978070464588
21.3345227268981
20.4025274077461
23.8439090985941
21.9855623958219
12.6652059531867
12.9745387883646
17.807241149399
16.226068272893
18.1313856878041
18.5318885837522
7.20859988274775
7.27005095524454
24.0324772998134
13.1228719578067
15.9505053364516
8.32133462820623
19.3611346913255
11.3265312008942
9.85631582812367
7.04381689012881
7.26505357034759
15.4905797063342
7.08112792650869
10.9091961388822
11.4181381087473
11.6942264031291
13.4705972305874
14.2755486583982
20.231820913848
17.3514306808661
22.1121561121526
11.8587902663577
21.5271222475136
22.7582766349965
10.5076408137533
6.98055416314595
16.7482347055158
18.5565593487454
12.8572448054341
9.9179879513699
17.9255422857641
10.8149477943223
17.3758677833785
17.9714676027271
21.9032647257713
24.1485228578321
11.2444687341392
9.29745157423079
18.005580126483
7.91104181384741
17.781434996292
17.8839286028122
18.9679973553072
7.30863018732846
14.975225340959
17.0094549588396
20.9664897291019
21.7412699177886
12.8704801524949
9.90057512890282
11.1151138750454
21.2831948194764
18.4370865366513
22.7131262826744
22.4604079121887
18.5330573293243
22.767776112523
21.0594992949377
8.20562492552952
8.92478110892234
12.7681904955353
17.8215971484437
23.6820880287739
23.6458961132084
16.9974583757652
15.0211038104495
8.70187918651934
22.6609121456703
7.13591652187686
14.8411847169967
10.533058672414
8.43600836397596
10.2814801653617
13.1072793268205
9.46878187592586
7.13595353013094
16.1182976432565
16.1615519400171
10.6024860865657
6.94270939184851
24.131081662163
13.1314853257738
23.776514623553
7.886934306683
11.8211683637471
7.37339632906088
21.8478234834652
11.7308550822547
18.374744827711
12.5102775319676
10.6754427463622
17.3553100915281
15.6270775655151
10.3972425078957
15.0973912333931
23.8357703903698
21.8008972044257
21.9568020834731
11.934044314346
22.9044491309615
11.7239178810681
24.087169033755
18.6176359690634
10.5263955032978
15.3418392122505
19.0696330709418
20.053918613197
11.2811514053701
17.6882936311326
18.2054025150837
11.6882950798697
13.9770572896941
21.0074621210346
7.04502549422733
13.1771471738412
21.7166482874477
18.8737459463333
12.6142529841532
17.5912000651309
22.23012184777
22.4363125136213
7.08314334498438
23.5999491528602
18.0357210781397
8.07941716118926
13.0642915317538
7.27717103970292
21.3248296819294
19.6034293904015
9.57772244711916
10.0817408779776
12.746865107487
12.3047624252323
23.7570532660819
23.2314398431667
7.49310000231549
11.837180118527
24.0787989996065
13.0328510879499
13.3352963462279
13.958175703101
19.4736767204393
7.28706320818939
7.21884960273207
13.9202149042751
23.0779714789545
8.58965569841133
24.1399259240439
16.9866355202372
13.0686632845935
23.8283817268134
12.6990028937983
19.0438465360131
8.71841852994269
8.83134451227932
18.0354411396124
12.659113377144
7.26461424436535
7.26052328933509
7.03696953825869
7.02049261307362
19.3968807826833
13.0861903891624
9.2382748386532
13.5643446405144
23.8364492448503
18.951266083362
17.881002514313
14.8388858952681
10.995018336209
8.29540684277057
10.0078317271504
9.4432962143617
8.43996411189615
15.2174427385388
8.86284716892162
21.5580917711677
11.7587006992439
8.04157476791531
7.56931479169057
23.9109549673045
17.9439927442029
20.9545974869593
13.7777756806148
10.2905854683004
14.8131885842025
20.0939500259732
20.8628668720743
6.94084139725131
14.3453166558675
11.2077415217087
12.8313356457912
13.9702279133556
14.8583910257086
8.9068539696043
12.3937412564669
7.01157886964663
18.8491989076197
14.7926929741592
15.9571965859433
18.177342706324
15.817743693081
23.4184832350053
18.0336792157452
20.0270340079011
22.1958412660706
9.39904370720829
7.95106750823581
7.55107751168617
11.7725860652348
9.78860966062859
9.12326711201344
10.7332299592248
18.5272599488593
19.1814630712306
21.3772184130294
15.2402490167544
18.3865240903762
19.7164673947867
22.9939144924258
21.6776195672327
11.3599303095534
8.31448699992988
14.8655478856931
13.6665802287468
17.2153294129392
17.0181489724198
19.1434054524488
16.3536152777527
7.90665945840849
17.3284542993152
20.1548481467357
21.4765273666204
10.1581465793673
8.16554421329212
16.7231603663826
14.976208763863
9.44523080410617
7.06668394086986
8.84867092556408
10.147917278462
23.6384803356315
17.9075053822788
15.9516002875081
7.26557962962299
17.3886271240638
10.3060630506495
18.6513485962849
13.3297930005843
14.1952042597474
24.1180025778292
9.31538117440914
6.95434903385628
16.7432131689636
13.0182290313898
7.42938400369105
6.94391657132329
15.2858767165297
20.7999324691141
20.6356118047026
19.7832983662966
15.1323911408845
13.666301122613
8.52021482121454
7.91701185762395
8.70733567665816
18.6385646688914
21.5453008706931
18.6232760857873
19.7316244427959
8.88084784787268
14.9001032627944
14.6095581496133
14.3538431424148
7.50948137476889
14.137030057576
12.8585957393195
20.5748153085441
7.8982482851477
8.20533689795627
17.4190149869638
19.0602909586168
23.8828381962977
21.9160927284886
22.8452186203764
12.6586438051382
10.2355800675676
9.35700481161305
18.2399934744124
10.2673745572898
23.247749849861
7.84187602646266
13.0454411156908
17.434448939352
14.1104645125361
7.18719453870345
23.7822170556085
8.84225857745266
16.8306080409625
12.3876530205768
12.325374407972
15.4950416217826
15.1290850396454
9.50185159518568
9.23739213728855
8.98294350943767
12.6088735323087
11.440038146209
7.22018350548511
17.7285948507714
16.6773390841066
14.936513136055
15.8447805149353
15.9155142387076
7.59803215643496
24.0701484222913
24.1090601519955
6.99774237710183
18.5979032653788
22.148756923312
10.9741462712999
11.7788041525453
11.5502266896282
17.4369891296332
13.5774795195227
21.6949219314771
11.682829788671
15.5840079827559
19.1008064823086
21.8781619682962
9.12600010715439
22.2797886077359
16.2810291711492
19.2818100277778
12.8585392474415
9.62970636449949
14.2568856439544
11.0222044899643
11.9910600937084
20.0721419479267
17.2912765033497
7.66022945458473
9.77613499112965
7.60726155624859
22.2182883002619
11.4554778028246
12.1963878633432
9.78090562209897
7.60606750295727
18.3943610545911
7.00778399852121
24.0055294245745
15.4546545508661
15.5647042896668
16.0820196349461
9.43974684195874
11.6483047330882
19.6921005389406
7.8090830446682
14.527333186668
16.0190978824505
13.1824912149834
9.10808371253435
14.7957536766355
12.7726033547136
10.7426889414363
11.9592353575785
22.4788664773041
15.6803366695024
15.7313743997071
11.7370883209802
11.3893249128075
21.8329273250129
17.8705086883528
24.1119461185547
12.3657136921856
22.155562764595
17.2823937870177
12.1214128473202
17.1377025937875
22.4012483128347
12.6323639594007
15.1185773835746
23.9979791119053
7.04336600305998
12.8864959616205
23.8983698245458
21.4223427207938
22.6683791749733
15.1990114531421
17.7645638099916
11.4914236627025
9.78533416632626
7.03611629656798
13.7500909628484
7.02976503936242
16.6682161804496
7.27532826751491
9.8111148143187
7.72511550221852
17.4331114908394
11.1161788948912
21.9371531969495
7.70967829464242
18.7647920277125
20.4658580115547
14.4605609354218
9.19508450691954
20.5513755966687
19.3075686023492
22.0029312524278
16.1227885784608
21.2221810885536
13.1838307641241
21.5301707279765
14.5706311430345
19.8985064790734
24.1209846447555
18.5813126571867
21.1070354896846
8.2636145223949
14.2523888511631
15.2309366066028
13.7730647799781
10.1437534089617
19.5608654632371
12.5460034052441
7.04143183950361
14.324591406861
21.2252178616496
20.5227984271275
18.1173231618612
13.9993048231305
9.09294654180686
10.1548824084862
23.9155241757515
14.3974474674063
9.27474161343464
11.2703261008519
10.6369399430293
11.008084319962
13.5282442704806
18.2267538729497
9.87252169951306
24.149617722787
9.91032543970694
8.95505407640703
13.762304483131
12.8838705269273
12.3859220813899
21.0213988985376
9.87529288119389
19.344333951104
19.4693988003456
8.11613833409164
20.2492679836685
10.1282638860333
9.93094310205179
19.0590434899371
9.8874846864244
11.353192733394
21.7895188665281
13.9028175317131
20.3279631716231
6.95961123196666
20.6655521270729
17.0628416486764
18.074159766033
22.873541202675
15.9394610879128
18.8581342408423
13.9935521230025
21.8391259770016
19.2064354860839
17.6528556040089
9.16530559865376
16.4716306162038
9.22726343661378
14.8051165365012
19.2285274340446
20.9684170250427
23.0613473949372
10.136521836987
21.5767646536455
15.1501690275291
21.5568273821296
11.3751435403472
22.1540067939831
10.1916452002852
12.6243319027771
16.7292950846495
7.20634757623282
23.8992015129242
13.2027535084792
23.0106503656867
13.6309726729548
12.2119406672048
13.4901092903261
9.97785227879676
16.4569742556708
17.144143252422
11.5749479704132
20.3678847618899
17.0825017441527
10.8026267986888
16.6603143190218
12.0124050580328
22.1392707476824
13.7538839614116
14.5857155866794
16.4601421479574
8.34595928320348
17.1279224058754
19.2715822670959
8.30006673183185
15.2890411783748
14.6022459017585
10.845037150241
10.4116646367126
19.8553041960469
17.2726877554677
24.1369473124792
6.94368526177144
22.7750688479096
8.90112866504978
21.9450252739311
7.22617080075959
13.2419664238834
16.1071203528328
23.99036590677
11.5129785184359
18.6581991946228
18.5194268249242
10.4548555460867
13.6307137326515
7.83711284763249
7.6789383131179
19.3059544162905
22.5805810904496
6.99506002762249
6.95216475776041
11.3813803734476
15.4696463231555
12.1666105557868
10.4204393249019
8.23066493435641
7.35284696355041
9.33420433519571
14.5034952590677
12.3380191628547
6.96872268273194
6.95035569763732
16.8441109049307
15.1862368596593
21.7857948292083
24.1198205012371
16.5719313215135
11.0656325968667
17.1263859064605
18.0307744083427
11.5767232326515
18.2377865513567
22.3938859809667
7.15246897483675
6.94619478134793
11.7348233686903
14.3448659779341
23.3759601641591
21.5869627428208
11.1574865796856
15.5697024348981
11.0871322306375
11.1665350981889
16.5817193414571
7.62881749842361
12.1086941202795
21.7458937374748
19.4185330477201
15.9931390266507
19.2031263062702
10.721847432064
8.55224126292886
22.4628613346765
22.868111222182
18.3314207102311
9.60275792278052
17.8564483258423
22.7042231900619
13.5988804392801
12.7712964323578
23.084809935346
19.0340253071798
20.0061680512696
20.5101552742642
7.92103899075662
14.1414775360234
23.9154544082026
24.1018147308512
16.1910980096054
8.33147079224321
12.0024942439768
7.13700903342135
14.2475643914997
16.9195829429115
18.1361329168473
23.4613003957824
20.9797524256569
8.62821483061628
20.3016389391662
14.0916263537583
20.5449630105379
19.2178521635563
12.3326861578661
9.16328777052921
16.7291760289134
13.0470559122191
20.1271888102481
16.5792748150046
14.5130880076164
19.3605778833952
11.2743841791414
24.1408749530519
11.9624520074203
22.8575584601621
16.4542480773481
30.2064650702106
9.66540513034929
22.5570790469048
15.7055559896312
12.8866350174496
23.6446226414824
13.1724696562386
6.95335842379814
8.01788619456211
18.7118138614587
23.1074022850985
17.8876269551628
19.172846182886
14.4722649739686
10.2332900119968
14.4613982193326
6.9511007499525
13.6663291087865
23.0557167880704
12.7299546672304
12.4903630990487
9.78749470008735
15.0416399316166
18.232503580332
21.6560322610955
8.15216813942472
20.4255706726812
17.6052537308479
18.3961788146941
18.672583359223
10.48918018735
14.4806487029674
6.96228405245981
19.9306448126684
16.3514727941554
7.76772072609428
13.2745318507262
7.48270781595975
18.8873458251667
17.2539843284044
18.963361024606
16.4631163314581
19.9441009976246
14.2875089540079
14.5091015506569
24.149817627644
11.2978978444379
16.3738128576008
18.9953425800312
22.0663814128201
8.54366031401651
13.467895538909
9.75229919333675
8.61636033910802
18.2613440531287
14.5300018547253
22.0356734699425
23.8838296944285
13.1650090680844
23.4473816715869
13.9021337972372
11.1823123402532
6.97082423149709
20.8219011336854
17.6701456336647
15.9638859801093
16.8547985423455
18.3570488341884
19.2866823065434
22.8714225391724
16.534337323557
18.701328289966
19.4746455688099
17.1563290372779
18.8310256815808
15.3607199053971
23.208647555442
21.330587259103
11.9123865395581
22.2371352752725
21.1660915099853
8.92378403920078
12.5595333306642
24.0799007555605
12.6980706680379
15.5341445502644
24.0372341099899
7.23093041646572
13.5629575365399
8.10686677154937
19.6617924832383
10.0125275698955
11.0747971606346
17.9054546687668
19.9107148076343
24.0056086780059
20.2398234193782
19.0284133666592
16.6294424810583
7.97233940435025
12.9806356435526
12.4015537496087
7.05426563065519
16.0009460370017
10.0273114441254
23.3226026395531
19.5861166802766
12.4395020185148
12.0345966465892
16.9179595453347
20.7355038727283
18.407335783219
22.8429278974926
13.3478888886589
11.1771831083824
6.9613917247058
16.9533844719592
18.6991709239011
21.9460323374268
20.610158544123
16.3833156632908
18.7388682606663
24.1112806665722
17.5314946432555
10.7892884189745
17.5500847064848
23.5135899662173
11.7387759101061
9.80027283091881
19.6975666039844
8.06876121312186
17.8400532332528
24.0931535811632
7.57579422901027
24.068754184026
7.44350695173631
13.4805343397668
8.12500847367581
18.8217967849419
20.550639776821
17.0349720528716
22.5773724732027
6.94251816980674
14.3932593149969
11.1541335804862
20.5659796095411
14.5700711311647
20.8953938622434
18.1908583373476
13.9609050592799
10.4185933706472
9.56144447615746
7.21805180714892
20.1175245585407
13.1048954769915
20.8708528868246
10.5912961356483
16.230113414152
19.6181885993187
8.03258453590572
9.21793342919312
14.4446494964976
8.21972494656827
13.2464542604772
12.9153762314136
21.0115872208022
20.7211264303558
24.1500631349219
11.0978471474237
21.9763379552737
17.9898106378675
9.61389981237604
22.7022016644538
8.45740797908941
16.312179315142
7.08956631775185
23.4565087582486
12.5563604247661
8.91396243588468
17.4077430841617
8.39013514986788
22.5478567602151
19.3186953043671
13.4163411812951
24.097930685114
23.5675461956632
10.8843112455196
11.5517563716481
19.8932692078329
9.07007903356393
14.5046744006412
9.20506714546536
14.4530482371113
16.9831010991708
20.4293455278778
8.79924692424649
14.7859953522787
12.931035744343
13.1253264548089
24.1219297987417
18.7994843901447
10.3803902069074
12.7270738699116
7.95283983202884
24.0756407976509
7.75358835933225
9.257294243943
23.8450827713353
7.89459345659004
9.28528492679414
23.3727697488741
16.6936325007404
13.4140184056872
13.8006195611513
10.691601224472
16.9558897274564
14.8149086728828
7.47308923868455
19.1973810697471
13.3566811052159
13.9314667060212
16.2636880124695
12.9698964627591
9.83165147207918
20.3443977336219
15.4583753775767
8.21501278317046
22.8442309229743
13.9345215064857
6.9736779881129
14.4652061283107
15.0298798894595
19.9951571469893
13.5225049542244
18.7632867801691
15.9097668355517
21.7240946739001
17.5398788741629
23.020819339264
20.6543586532908
20.5501175464379
9.7493238913851
9.58441678687999
22.1762090673382
18.9031447682581
13.6194979172964
13.6472082353228
15.1109351965737
17.3222284637053
8.33693274817945
11.8247739857895
13.4475596419604
12.6237393112919
12.9749524776807
23.1753087994147
13.3629037185541
16.6081499559375
21.7458813453076
11.5972848472316
17.3199548691588
8.5718921587694
7.70404667333455
12.9534474200047
22.5947880799504
13.5132248584086
18.4482671159802
13.9396241562215
16.2356626091299
12.1392476577719
13.7542384526281
10.9681157508778
21.3160597756595
12.1295814424429
8.70845955775001
9.91534663487585
18.6327475960458
23.1315825982663
8.56343618433736
17.3570170576609
7.2438244849869
12.0268052978215
10.8162309220993
7.49944168121224
11.5398999460679
17.40708326271
14.3288882190182
6.98373310480776
7.83385690227828
22.9768373730762
8.05286009306363
16.0120233264837
12.7546793905881
15.8010687220016
18.7276950489775
11.6199399490809
14.4853433264839
12.8465100056047
9.56725764430846
8.17151829383779
14.8161624422279
7.17432675358741
12.5441026374292
10.8734500139811
13.5353924425122
13.291724206944
23.0292631229407
12.4449897197263
19.4377793468905
10.9008292425245
12.5108379554864
10.2317124458038
9.28781774188889
20.0340956429526
20.9567885540431
11.2993076411768
21.3345505022463
17.4392029145
20.2987414977229
7.20018756487839
11.2780755183433
8.93677703406973
18.0935537607008
19.3647240325699
13.2706018226463
11.4944803950575
16.5542658998343
23.0359527805557
7.03880977323054
22.2813666466045
24.1327932002157
16.8647422772249
12.124772591988
11.9336981004449
21.2173190403113
21.3513108509419
18.0396839494313
11.5743377432194
21.559879119826
8.72600124863165
9.00801308794522
15.2945973926206
18.0446567610924
22.3617134646224
11.2771347986963
22.6988054406803
21.6896458089464
8.28296787374857
12.78180207779
24.1144844279586
11.3834931122034
10.1393670456314
13.5718221677502
21.6869832333718
7.44367250847881
15.7637338888834
19.0808544461546
23.9024802389639
7.51698850290519
15.0229498943209
12.5461932653717
9.59482021163525
9.17664092851369
24.1465278565294
17.7314001575962
19.4054722920388
8.66913151228319
20.6535543907531
21.1603904830475
9.44213463670456
9.09558126921439
21.9225728081687
24.150127388834
8.17927919658471
12.1653667847053
18.6177331030009
14.1212764662555
19.3429948186851
13.4736690690656
15.3465813397555
21.7692589119671
9.72724092396613
14.6394369374837
23.4224495488298
11.5110736382492
17.9604554751015
16.9298237204037
6.9449010647025
17.7307775996763
11.6522123961422
19.7333850643562
19.4117237349393
21.1957506224146
7.06248412619175
10.0693190569883
13.3618394179629
20.0664765978591
21.6041956501535
12.2925490416917
21.9739218586961
7.71442837576497
7.96569499145237
17.5762334361794
8.76017504810352
12.588826208993
19.7984370036726
23.6288946576699
7.77550043972515
15.1740797165383
10.973962390231
20.0474953234092
13.9926251004308
9.56585547901569
13.586932746377
7.89225538957928
17.0221777643441
7.93406808177549
12.3019908657773
22.2569667416996
7.17055064449265
9.38183500303011
20.0933259760626
23.9731515023684
13.3937893229648
17.4304111414286
14.0749580111615
11.6403921355846
19.2167175261435
8.38965480321216
20.0316462211198
12.6454023222278
12.6209315490674
8.54757022310675
17.2660723276511
9.07803451557698
20.5065694996773
22.7546433055722
19.3752804014462
12.8946122129801
15.6548364940004
15.7233603599694
14.5143063746267
16.4073356906718
9.66974842709369
23.9903143515683
23.3560889786451
17.0020875657225
20.5736588817851
11.7154735112532
15.3667782428002
7.60177593785881
22.1801366281566
11.912140673584
11.8206697011851
7.50272489536481
13.9891596665424
9.84526961882252
9.48851670697946
17.304641154093
22.7502039301947
7.19149140555413
13.5558559068527
22.5052880236089
6.94030559965248
19.0855642986802
6.98425090647116
7.31548404723963
16.271630279275
24.1276669669851
7.41232820960068
7.05653714010043
15.5740124984823
9.74672768676921
19.1002252739598
7.59675730488662
14.6408429632605
12.0120795221874
22.3131002823113
10.3935073225353
18.6030753564849
18.0003039634009
7.25763320794749
12.0332389309631
17.8307979626215
7.06014251912821
23.3748608043505
6.94014621864009
10.270493247534
23.120780003751
6.99757447742252
14.7450861390081
11.2900151305776
16.0373013241034
21.9534311593554
14.7302584757741
19.6096733594709
9.96804233129997
20.1498822556801
14.241417991194
22.7951883363496
7.18352388860436
7.02452624591378
9.83647589554732
23.6945417992801
10.1621086099606
14.4802132590896
7.34323688236662
17.2604317150659
18.5763582118014
11.8842395547806
11.5544643429689
6.95909103271402
12.3273047444165
18.2961340769694
15.1245018530166
18.5288514819928
19.4022111301597
15.8968394442946
6.94971262519338
18.9474703814013
22.1075050711546
20.6169109159507
7.73042938611099
12.6487760162422
12.8355311993873
13.9586138748788
21.7313762955059
21.3966126551928
13.7424593805337
7.53269951287808
18.4680026086382
7.20859942194732
19.7046015538377
17.3712375531111
15.0790537534734
14.4308957738435
20.1157248219605
20.0694283441582
7.18756805032418
14.8124972790747
18.0165131197646
24.0843163041945
9.00661948235499
11.0703572927908
9.4143684177319
18.7750197638821
18.990550369557
17.5217212553657
10.544496836749
11.4539482177405
17.6202349961697
7.11955993354187
17.4079543819078
16.0752884842075
13.2932646373097
19.7355775678809
18.3168688499849
9.80952924290488
11.4699125586113
18.9089759563962
7.02228476993886
13.1295663399509
18.4781918461094
20.9697247915026
13.3676321764131
20.7195060709065
14.7023162939058
12.2544974006085
15.3150626569273
11.1947965723853
14.8797432643317
16.1180082861425
7.20368873642029
17.825334830796
18.6518844609354
7.15874722743744
7.25806870150588
12.0171046140501
9.95371457462038
16.6112594166657
18.4881232412919
9.83044614673047
19.9514396092387
10.7548710644229
16.8885863976187
21.9547123800361
22.7497233316269
24.0673463067109
23.9267364976627
23.9527371292215
13.4736584719674
15.2891371035885
19.5343050993249
7.65312917544103
10.900965418059
23.1724146297754
16.4884120943363
13.2697098599227
12.2736456962654
22.6869331116843
13.7491199769164
15.9640151311886
12.1649867742752
10.4147007444976
16.5089730637287
23.8572866630717
6.94262247132235
23.637713314232
9.73496742972883
9.48266443091983
11.2524265364584
19.3791399440659
15.8383449875707
14.9453132200583
7.005230996267
12.0453893832659
11.9629613804159
10.4373703173974
15.4126419616379
14.3720691113132
17.3325871107563
18.8763409488904
17.0943820142746
12.5950856785259
10.7571261121744
15.4869865359013
8.96216551420215
14.5686534951264
6.99059084426134
18.0483210141624
15.7587948303672
14.7555546637602
22.2551080013459
10.6513338809913
17.6519345612558
24.0696261847349
22.4861434029306
18.9782677658195
19.6828987025988
13.3178844612596
22.6915546042764
16.3587822142473
21.3292872516175
12.9620624305552
6.95564966755894
19.5504634413555
12.6668424689549
13.0781720983663
19.3503488400668
13.9036417969496
19.889374338721
8.07952489840635
12.1424968844685
12.4384714679078
21.2295424513181
23.9561220572824
19.4762936315063
6.94038584891038
14.8185235116938
10.4662794239849
9.06533778577709
19.33710751955
15.8492192470806
16.6522346141747
13.4780815748783
13.1494427960338
23.6404612494228
18.5406832264874
11.8444565809246
18.476408107987
15.4446832509649
24.0894332996374
7.79670782166038
21.4436601354157
23.1970901180743
7.23677702791313
10.2602978466392
7.02269638437057
20.8370595821369
22.3862449439649
18.2876021154759
22.7650838785724
15.6558285568165
18.0237240749292
19.1998452256022
7.91862698288855
13.7755456542872
11.7974841510544
9.26062523273366
14.2461781940598
7.92017642373294
12.3875958122715
14.2018871933456
20.2363403600467
10.4144661191678
12.9866654594998
13.9528275198932
15.7415762431889
17.4705941983058
9.82747482139227
8.2178136013876
19.5757146024963
14.821326890594
21.8224787897639
10.5945080884092
19.4338726760574
10.7344029426611
11.2002570033555
12.981313074984
23.3194476306254
7.80781439531001
7.61285608792978
19.4395467703378
10.3653490354645
9.78516610588227
9.92845549915512
20.00285968146
6.94034643519491
13.813377691683
16.8970671949418
10.4697838452183
23.6102461535183
11.7539772889734
22.6214796837527
14.7211838919238
11.0819811555127
11.2163856379635
22.7600008865785
17.8537188439959
17.3795131996314
9.26868723137417
12.6287618594726
19.5074172300776
13.7951765767665
13.5982367063581
20.6586417543298
7.19550552547275
24.15017500404
6.94103225799135
18.5196014801702
15.739797218148
16.725970023532
11.1743324509348
12.5310875704022
23.9563442821478
6.98139964211037
9.04049929720932
22.0683187162014
8.02974458564833
11.4357890623426
6.98227181448665
18.4911232918388
11.7800471261272
15.7122321116946
10.2187222417112
21.5366358765016
23.8532147549997
11.7055763584106
21.1780079614187
7.14209938675528
10.2547011518273
7.86025215243403
11.5509939793079
9.88285451414691
20.669497470869
6.94308736023347
7.05678681685281
7.59338039770919
20.8207320665437
17.8272962838059
19.2410947236873
10.5853421349939
14.7426077472196
18.0633389454612
17.7140483124696
9.15643273789166
16.5619218418403
17.3209069980792
8.59052942804515
21.2987339858281
23.2129379444176
9.63831365466211
13.5817190724754
9.00332987432381
21.4741954238265
14.4386435773507
23.0471424874039
13.2512203619131
19.328128867631
13.8061109183095
7.43035661308001
22.246599177513
20.3954589170078
22.0836478092299
8.79271884761337
22.6105328820419
17.5300091018263
12.0114261373641
9.18165339394344
16.6715051551221
20.6102479768441
7.42319143551379
15.3553925773743
19.3640097952574
16.5434196546152
24.1217429241908
19.6778252003374
22.4220047792454
9.47684660773013
15.1867174767234
6.98208737884797
7.4079336019266
19.6819921482377
18.6449754369383
14.6171443561353
22.7059429104816
14.5660998073437
6.95848986083153
24.1125291854857
11.2228965198809
6.9860501528815
19.0010732472213
8.49484681823385
18.956209255842
19.9984161545352
21.4001399677134
21.311087385944
17.7087838914173
18.5103525090758
22.9446188742495
19.1377624333899
17.3072763590836
16.9485614201348
11.8799020383842
13.6602408496026
22.7715507325829
12.7330975164887
22.4245974653667
7.18520992709093
21.0787255350844
16.7742989049813
8.59627742912772
11.8052406536108
24.0730356184367
6.99967940683141
22.7639888127829
7.5893783921492
7.17373929266636
23.0096633941772
12.0157955462368
11.6389638839641
21.665539859097
6.94110047890697
19.6495783092866
14.5293686168153
19.5051290098736
7.73712920515306
13.9017661338372
23.002937586384
9.19635316541862
19.6720377758044
19.767275210341
9.50483455870694
17.1721330996964
15.2922855610042
15.2985561756884
8.97830982966763
22.9218359342724
23.1883772849288
20.008773290021
9.49829504968484
22.4267222507958
13.1891159273877
10.2001646161838
7.33130636302264
22.9661301926601
8.1642560461131
19.8715657526182
8.01848158309263
20.2593220617059
22.9611097520086
18.566306925631
20.4007044535871
9.3563196968218
15.0439249140587
24.0889710237095
16.9377904758661
17.1203831348338
12.1330554600914
11.8304626912971
18.4315841136241
7.42667637364842
8.42104448397713
9.60393759992395
23.2193375086336
23.409657961497
21.0172962851296
9.90024612044107
11.5599758114334
10.368993015815
20.5212155274633
22.9413376877781
19.4695852761756
20.0754494308255
18.3139735956719
11.1449824534552
8.72950216396268
7.56971121612896
10.330298267525
12.5542668985864
20.5905869725969
24.013309353939
16.2077845236869
24.0473430423631
22.1879389672187
11.3623012243576
8.38478427210874
15.0103067032552
17.8569387146286
21.8867376119778
12.8063650865223
8.3556180524359
9.84879580796729
16.2594028255063
19.478140622227
20.3280766987819
6.98227783910308
10.8159196949058
7.71815812109328
8.79301767092002
10.634265363477
19.9786123971726
6.95993323654433
17.2053503104818
6.94013780627543
18.0503285482463
8.70975170783229
9.00839764966543
13.3434658023808
23.4765518520695
24.1114249647425
13.0228655136073
12.0968187109837
24.1147831467128
12.887096492552
13.0551103413307
23.8169798138405
19.7011884479396
17.2148794937542
12.3095566023557
7.84949321279515
12.6360761049764
13.9783993715897
7.67847922059096
19.5148542946103
10.6970033581452
12.9136106085694
19.827342760174
17.5011045538197
10.2057276002954
20.1008115136499
13.6614552057612
21.8918364175705
8.65468665816491
21.3394897377479
7.07759566541428
13.2653012275416
7.08855771281782
21.2151003411856
11.9802137172178
13.5997448191043
12.06490624249
12.553255298662
15.8663994016528
22.9667795546164
23.9319559966603
21.4311069496027
11.8363316377007
10.8638345265641
17.8647412626067
15.1847709906337
20.8993158567525
20.66806647341
9.72598092340885
23.4719016289485
12.1987013651513
9.58416752548035
22.6434311411981
19.1346823244263
21.9137466353839
9.6420687181335
17.1394315067241
23.980963987394
21.2444455501517
9.40553970516033
9.30473600534517
6.9881276329988
21.5556166477796
20.9486273185605
19.8765575323565
13.4042529594372
20.2659545983962
7.51627602803587
18.6881085706745
21.1485117102773
17.3888692591858
11.9275078282984
13.6382043369398
22.5729436464699
15.7097047721732
15.7660018813717
24.0173055008056
9.2445158241602
7.80290441344107
16.7312965104997
22.8093660043286
16.8288567466562
14.1631380744594
16.1277331985399
24.0086902037659
22.9151203232791
23.7366701305855
10.199543156574
14.3086440518132
11.0383863666097
15.0149441717448
11.091669282107
14.0530827550666
13.8718747104803
21.2691852310937
19.8237116509512
9.76966822168557
6.948070263726
12.992654799446
21.7230367966636
8.32369651029051
8.17896814140478
24.1406367319222
11.4948850766039
12.1118836797983
7.80114939186622
22.3980409122745
20.9139915595116
13.2744224095337
9.11704378116246
7.08904276271155
14.3235825538823
14.0275081443957
12.386636393973
23.9052397990422
15.9639881044696
8.00671990757136
7.93424263943244
7.78379938746944
8.6795943460024
21.8027240518543
12.5744698252138
8.71486793523603
14.2236046717118
23.2408530687522
13.4159239889219
19.8074457706056
22.9885818686355
10.5371300832638
15.9946464168804
11.6077682141144
18.9048332997393
20.1358526336628
11.0198338125909
12.1507189009233
16.0696199093165
7.90327691585265
6.9413716230107
20.9934194395603
17.1162615634013
14.1428037628092
14.5942321081628
7.14985382611107
21.347047859456
12.2574620968187
22.7620435649145
11.5199733574319
10.0520436198764
18.5339412976281
13.6887425857623
21.4319502290839
16.7129079897715
13.6668178731415
22.3538726907705
15.454621801322
17.3334911836954
17.1966712408353
22.8008534872602
8.09835993560838
22.2930044254731
9.49925993685996
10.6834114431495
9.38457911361571
21.5297731561239
24.1150094889817
17.9052962879294
10.4415098592758
22.0922689525353
13.3239170961752
11.946591307083
15.8995571895783
20.1775766326996
14.8286152989901
22.467000489009
7.767437056526
20.4515781686614
19.152588375615
13.1803774731605
10.0770636145446
13.9784345449947
16.452783246661
22.1799416396595
16.5225636545809
11.8780260626787
15.8335957852943
7.59706550834458
19.8644846649128
23.035704461721
14.7949720799769
8.33219071061834
18.4806426252287
11.4920679628433
24.044032279677
21.3890553284072
8.55934628055075
11.0269018828341
7.68773745484138
22.8335980067088
18.4524213371707
17.3091980132389
7.63295877151665
10.2168172492765
12.187010125238
14.9599146910239
16.0835433711291
15.2503151582649
12.6028245730378
17.6553215122762
7.65733837069634
12.6030282695792
17.8820784607798
10.674831826161
14.6358783979847
7.60890182016568
12.7640900020288
13.9470096538221
20.054634552092
7.84921383671468
17.9003650102585
7.81293554235546
12.2414406877834
15.9320393458668
18.6818318094391
21.4774953384964
13.4068093883153
8.02427934774776
24.0798909435093
20.392371717576
13.7947321422354
20.0765441985154
9.97409722112643
13.0050164683536
14.2135422686204
19.8445500520836
16.9547832381487
16.1994922199822
16.4376219323139
21.8919598454779
15.2009399095165
20.8159106617291
9.85478038720078
6.95138784582725
21.7258457769514
14.9462143866724
9.89936507457683
7.17043127150343
23.4003200424505
7.0039536136636
21.107972131298
15.9213172814331
17.0727974006348
8.38818774965607
9.59919861588816
13.4631169094321
7.70981663373054
12.3778534364239
13.2950319473941
22.4012867763535
21.4612438932648
10.6368301685075
19.0649547200747
22.3951767980287
11.7204008253457
18.5208897514473
8.10991866702681
17.3943896961367
18.7838161153582
11.9701158927931
18.743811248335
18.059469954849
20.8302102330912
17.1631984609692
24.0550719521449
7.25708243913246
11.8371433520431
21.9673196272313
13.3818483192146
16.1024860204266
6.94137550951219
10.3066834037692
14.3475635067237
15.92408807212
17.3835737926148
8.15288043233499
10.0792944408573
8.61412675903691
21.365191626263
16.6274233562978
9.92297260740746
13.7471186199927
17.7063130549729
10.8928808880489
19.4445063425364
19.2439160537979
9.93306253867388
11.3400032202151
7.69686118501135
22.3344595970809
18.3167507481728
21.6518608349384
9.92172917458505
7.86467833743564
15.3196156677718
12.717853395182
19.2900099226271
15.2168558179171
18.2526570413762
15.5181186665978
20.1824250488264
17.9973971023233
16.9713977797544
20.5514690336124
7.00547794706848
7.63392873035558
17.2245581534466
15.5934178214485
18.1442767849751
11.7348993967463
19.941533937441
18.7750317339601
15.4290383775236
21.3625827692887
14.025212976963
12.8053817555236
17.2837593369071
11.5298601623098
20.5110468845284
16.7245080548846
15.351827051222
23.0599075369242
9.82932969488848
12.1983003950385
11.9233957654912
7.70866941518228
12.0502392671983
7.12313166771804
14.6264226392533
10.5888355821458
13.4171752582438
13.4710857668847
24.0393516646676
14.6435341848891
9.05345198517568
18.5671096144322
18.0140407514869
14.0930768664098
22.9285885271266
11.5072212946542
21.3768551138466
19.0801251463924
13.8896118084967
13.5537272094484
19.3118303988895
13.7811218334493
7.42537626635945
9.69209239741463
11.4512716197412
19.4191660231753
8.66735596030352
11.7951700454584
22.0683755388114
7.0414610470961
12.0007394442537
12.0348468244938
18.9530652937974
12.709746369251
8.48525591648063
7.35813271514631
10.3447938322493
17.661384702168
16.9747837079403
10.0321385815734
8.2261845039413
23.81778167764
15.5314036232446
13.4204964543986
10.3945854169205
11.0508850301111
22.8784326139303
11.5367078552868
21.5421233742644
23.9614532516484
19.6798842007518
7.94465069639562
17.4484462509979
12.8794059793136
14.1042554763575
19.1880724179742
13.4465023863991
19.8412180656646
15.8647323578102
23.9381893107418
11.2061869478785
11.438852209776
11.7987912139539
17.194405053989
20.5426837128398
8.15289336627574
11.4549208749289
9.28040673737682
20.994047714689
12.1394380882379
19.8313553303389
21.4193816919634
20.6101847911824
9.76430869587476
13.8623655858191
21.3062113446364
11.3974281638183
13.7333353176654
10.6402247576007
9.17982433676968
17.1272228710707
13.713165589788
6.94445107066131
24.0271195848254
20.8892263606243
15.4692267043553
17.5805394979052
12.6329832567836
7.18305285803752
14.1616101820929
7.85749492712989
21.319099110529
14.7056857391492
11.7321036171967
10.2614971559337
11.482416575175
12.707782408674
12.8599778149551
9.47662736445227
24.0547624145425
8.72037877451773
16.6542543461642
7.3114604958436
19.8924763093239
21.5098704391929
6.94198172515969
12.8563412743968
15.19924842156
15.8459951612408
15.7372510639724
10.7733656188706
23.3132078973696
6.97885563109755
7.58752953287884
7.42946414621977
20.2209771100403
13.6406903639126
17.4040936822163
22.7251765419802
13.2381808528532
11.5132102346875
9.69990253977424
11.8709699611959
19.2297642044891
13.9872006953364
20.9497708522952
10.8039326781557
18.2909598013997
15.7951889409098
23.8191419716981
18.1290795487016
15.9342404726509
8.49160237076723
8.79804600825682
7.04558183622091
14.060299742946
13.5900240784537
13.8750601204628
9.12498043451612
7.25643322917263
7.68868517725964
14.5501329560757
15.4078285334509
23.71900395183
12.6583489441665
13.35066021718
19.2000248144348
23.9088785872513
13.2134516037704
16.9822575379905
15.2655355032241
20.1074958742723
17.2642905064391
15.181469447827
22.5760455472657
8.55871489848602
6.96729461578368
14.1298657956378
16.5658146474397
6.94031355037862
18.0938368884466
11.6027550440752
20.9921614745426
9.53495604950221
17.4024680641978
22.6483223939104
13.394210272956
14.46909081945
24.1483273251795
8.68760745135039
8.3175753959539
23.0465784477031
13.3411597373818
21.3876852810477
20.4060421220777
7.13029492606847
8.35202111026293
12.120492240445
15.0244453314635
14.7328574941447
16.8791504694925
6.96165636864764
15.5164690615044
13.9572194819797
15.1337604757027
7.083994782953
7.91660215979256
24.0812737234972
10.9892878981034
19.8696299354034
9.06659932772487
12.3610751013775
22.4109691321076
23.552310847812
6.94428025662311
13.8015393599282
7.43873891433279
12.9134321652552
18.4283586346288
7.21572700994958
11.9332317030781
18.98978798935
23.7510479196575
6.94037799493324
14.8575860795968
8.61727194466073
16.9301030750584
7.38985956488234
8.30964006253059
9.07324765927507
14.460187182945
16.2817671802518
15.05507161868
8.31155279059889
18.0958466332612
7.40603899180547
16.4062387632988
18.2461002465773
17.806110213088
19.2962355220967
19.0526259038539
18.9798364245321
11.0364009509911
18.0443925165758
8.47536499983204
12.6360686808701
23.3656330260228
24.0642748992874
23.0123757743094
12.9307053325262
11.2231608090316
23.9462678337044
21.0609136757443
12.7828435969919
19.4517315912768
6.96887943247745
8.73586287686089
7.19755480459866
14.3953227607422
16.7221745545346
23.9898667039922
12.205383532402
8.27179451411113
16.7382517103992
24.1253112045329
24.0848899068467
7.70818028745155
8.29492706609912
18.2444524841549
16.570099122838
17.1173716719234
21.3481682475456
18.0421342166229
24.1434928622674
14.8233685305297
18.9533269338016
21.5736358843423
14.459980848041
12.8905598853249
13.3749629192388
23.8292433506726
19.5767902084689
22.8652148964052
23.0652696448223
21.6387412142269
12.7113796925374
23.4139323474529
9.15959453517135
17.0396731195687
16.0531706762902
22.1722006271508
16.4094798454002
22.909217161028
16.9980045911042
18.0799138245334
9.41431872999306
12.4019768080893
7.35366667589827
8.28031305672099
14.9994773759762
14.9407286472875
24.1055156289958
12.6553147680589
16.3519624631076
18.722402262803
20.2456299168704
23.1300974819237
16.0161108196857
22.5454001699666
15.6758526047302
14.8944858815711
16.0228769218007
19.6436953790411
13.6641276667254
23.8956911460949
11.3207657169062
12.6525383046533
16.3484822198733
24.1401474835934
7.00497352288905
8.04074173613974
8.50690122229307
8.88370338085138
24.138040328259
11.9127776972078
9.43173894477388
14.1072317064776
15.5006568755955
8.112460745408
16.1588150118805
10.4680284396883
15.9521553224792
9.27737809347008
22.7648663569459
22.9989375804788
23.2829402681524
24.1404832613628
8.76566039451094
23.8454119600847
10.5151828307238
17.9557127001544
17.0068329752586
19.8914154236709
22.6032844069534
21.5239094258305
12.2572098977259
9.51749483741297
8.65570914221434
18.2237503231041
16.4223485858697
15.3345645591446
16.1604522222932
23.4485594202672
21.0782542047665
9.1431483455475
7.17407712707757
19.8963316809547
20.2814054355579
6.945333649234
16.3735964457821
11.3254380011754
9.5690168076006
19.007766238288
17.6650387163119
11.31715451068
21.3925323463257
17.2155884776476
20.1230384940642
16.4999680117982
9.0434452694974
13.6940723690772
22.8539783502784
20.953746797567
23.9534674930844
10.7832267412888
14.1593950537138
15.0900675064165
14.4482321795462
18.094083005291
22.3447024380287
17.3611033968183
16.0597131765831
9.53140370053482
7.71159785552786
9.63499680488018
13.7353563055235
18.559582380471
8.92357866040146
7.819264999556
19.8802881158665
15.6818944779611
18.4078851504225
9.49029352632217
20.0365585472113
11.0861098015165
9.46525325140583
22.5406810493337
19.5322637517777
7.92220472148493
17.9098667815039
19.6434067887272
8.65947494152389
23.7614953341664
9.88723496128214
8.96176618669158
14.7230367685004
11.330138745141
20.2065143331744
11.2066254369009
21.4832093204559
8.19174737610421
22.7311379176408
7.31493015779451
15.7823750194248
13.6452287297372
11.27237748031
15.7854554726289
17.9323932564092
20.7280910634325
15.8103175331898
12.2618255863367
9.32983622331045
13.6141815898427
22.1572667980816
15.7729639756053
9.92317167146559
12.7807862429788
11.2446649973766
16.7277704405978
20.7349965417131
14.9918269670653
14.2879489416514
13.1744428127311
15.4466018618503
15.8041575593361
23.9691370111338
12.5934707942433
24.032870458575
23.1151995009998
24.1092173168598
14.3383865432072
19.0101142878294
15.4669694369392
9.41884999479901
19.722550662093
21.7680576249871
15.8608468678678
8.41520702627411
6.99442421956218
12.9144760251782
11.5743303489857
14.6522709293781
24.0796910003202
22.9883976430015
21.1400578335071
23.9405197173465
9.06164787231309
10.2877818393415
12.9232289818726
20.1603356833753
8.92981115024903
11.1971796667435
7.94266618277743
20.5214058934274
23.4029865193938
13.91383654577
22.7020136975705
7.02586460980997
7.72825926569297
23.1230413797612
15.9317341668171
16.5536473011719
20.9413605127416
23.9712040347825
10.5443742455104
9.00821067662401
11.9891740078399
17.2064736438756
14.6409996632012
19.834491458552
23.6972996353451
19.3084301774505
15.990042392906
21.1443110794298
23.7970889079321
13.9573980801093
14.443299557926
21.8465838950639
19.8062216756135
18.0611750972551
18.3154817865793
7.14025113422619
23.8000619423444
11.2055301991699
9.31247734368614
13.151803211544
16.8808048048696
24.0779045854098
22.7129492337667
9.62363663134732
18.5009120514944
8.39734538434653
15.2742176886926
18.0376723191585
8.60257443546715
18.5420072414061
14.6109781795975
10.0961603926774
9.98302491925631
13.3221546313524
13.5855634253868
21.775032232822
19.9176732475604
20.3755791989349
12.4843020572147
19.1582761346781
17.5471280871154
18.1456119731967
11.985483733143
9.29628566071048
12.281007363956
13.5012877044034
7.8215137589906
16.2637294172876
12.2260719824021
15.3318566504825
11.9315652953745
14.3469896196397
12.5549950675568
15.2372475510989
24.1500027183036
19.9414784963588
17.2442259672981
14.3830793078392
11.0501887683072
13.4919073887524
13.8748302794324
15.1976102948473
19.583568189773
17.6629495367243
6.9494297539123
15.4319754185468
10.8214636998202
14.1732438491745
14.6245525604605
19.7822303172937
15.2759793396708
7.6223313938064
24.132373926086
15.9451300945152
9.56171017512552
17.1459710356244
22.8376319526375
11.8741994577956
7.20291480441343
14.528126799065
10.6061865651006
17.8683380276489
10.8649026759163
19.3184960055105
15.345020275767
7.3681597117463
19.9616729808141
14.5253241245017
18.0726812246777
17.9142479877888
21.1357681580501
8.27770595691442
19.8723405743529
17.5530995960988
17.6710910359613
22.4180914167226
6.96575660554524
23.522202393201
23.6082956202578
12.0770830024699
17.1719328830934
22.1744670875482
22.6355979235901
21.9752961903637
16.0351587213653
10.9574356122945
8.94038837869295
18.6040060482577
21.5203497201123
14.9605460468602
17.7493256174245
16.812896255726
17.9865677251838
17.7295410528538
14.6316643075805
12.1795889555938
17.7440437238662
12.505483099337
12.6065521042901
9.41611253501958
14.9269622399906
23.9176852431393
7.37012789372819
22.1674246962642
17.5876724209099
9.90050578272034
8.23510446198946
18.5108480369285
12.9973180931275
7.12769604085839
13.3763645861592
10.9366282513807
23.5470599592848
21.4261742969728
18.9850171308664
11.7529089856026
11.2504906816985
12.2889244824637
15.4664267871387
18.2688808574101
11.7673049573134
12.1888261962186
21.5744085919393
16.9713625493825
22.5422713040579
21.7549919309671
18.3992315350799
20.8204106286565
20.5693058099363
11.2001826193871
23.5000292968645
20.1492533298088
22.8607690314251
13.7774765111221
7.16364347441953
19.4647068047055
16.1427325148342
20.199522373389
16.6663104543921
17.4417071178704
12.0759550530554
20.2076506522538
20.2167218578716
9.70636022884537
11.9947135055554
16.8841637109216
22.2775868733661
8.10932700890393
12.8762113246758
6.94167674391781
13.0543736100969
14.7962800281613
7.14563882347105
21.9299006742271
10.8148960167157
12.5992971299119
21.8273690943182
18.9266106722741
14.9764166777207
18.2808062728615
7.31479446836375
22.4247758014142
17.3010534512253
16.3889030457964
15.2718420669602
9.03365484107171
20.4412618753992
20.61063878211
13.675309546599
8.6618847291213
17.8051201912735
15.3355026928297
17.2938558696735
7.29938167076689
11.08877000647
15.9229457038586
12.5437107744098
12.9474329095879
8.89897960466626
14.2228960336608
16.4121046093503
18.7306097539281
11.847429575922
15.8520274924375
11.7049950125913
16.5564118467693
18.7430598710298
24.1484482228792
10.4835623653611
11.8290726033478
17.5974094234163
24.0136200471464
19.0234025472322
15.636346534978
8.36646665231601
9.01766532545972
10.0630609136348
22.0296161962521
17.4898008880347
18.9402386094829
19.9434291523145
24.1362545477314
22.8721216768247
10.8453108949788
24.083117582935
9.52292150720065
20.5467599862234
19.6918860204079
18.8259179026857
22.9205568200744
17.0107800056433
14.4507530067611
15.3697475759004
19.6252236144707
13.079589170898
9.78601636622788
11.3151040297547
7.89504512369414
22.7798966418344
9.21660865548072
22.386555714598
22.7423033906515
19.180883946269
8.02110938939305
21.6179559977194
7.25413674728
20.1609327941141
22.6637288735419
18.4925389200043
18.3554804912087
10.8805212426948
24.0765022683976
20.960892938915
23.9172668782063
8.5526974988591
20.9078560097654
7.78587570543657
7.58705002996692
14.7124016748516
14.2019221285401
14.4236219032157
18.6845614624898
24.1367329626799
11.7221955187067
21.5765526724308
11.0289006398783
12.9734070556612
9.66055940126083
11.3636465846162
16.5395510302907
15.2448016038614
17.0856228370354
20.8014820153005
9.83683853427377
7.21129391512727
18.1075985896313
13.1236678728593
15.3239131967427
23.2304039262344
23.1302630113155
17.4200856355179
7.36036833509541
8.77917285991275
10.8548396151787
20.2094136119936
22.8618451706514
18.5923101181615
21.0208610710457
16.8181976236593
7.14784666212213
8.41951785442955
13.8495198478682
15.2500693640565
21.8336066137905
20.6807555187682
23.34180927636
7.70252723180205
21.8912899502478
14.0328624693709
24.1173178226665
10.7489576247085
15.3652490905248
16.0734551474012
11.1217410692946
11.9174178011349
7.20701679358277
9.41412275680703
12.2792073388847
23.7753714729076
9.88203995200937
23.3194755547934
13.5559988656627
9.75987050225
13.5836481796
7.03227575069093
15.8160347907848
16.4849009848943
7.96250913534304
7.29112015535866
10.5440842838104
16.3852472216478
6.99367594070181
11.592707842006
6.94149959512751
8.16387050816349
7.20131525565817
21.2818361440548
17.2041904601755
23.9979203948084
7.13982694359709
11.213823424077
15.5077540029778
15.2253565598928
19.9639917983954
20.0317605500454
17.7662856350409
17.9183722709812
16.6982885673864
16.0420020420596
21.7337330592648
20.2104069413894
9.84573775738875
14.2565477053505
20.5056948462459
7.00603798447311
18.1994609463885
19.5356436186943
11.4565505761519
16.6670308082036
9.0323794060021
12.086333595953
12.5945056655676
17.809085609572
11.3188359457568
11.3558955883081
14.6476772458456
20.4934843336488
20.6504150431012
11.5202592192865
23.8704736589033
18.9733456619422
10.6124592169069
9.07328621905407
18.0312146267756
17.6049403876956
14.6343106310695
14.6653708726416
18.2334823757841
7.7917595881864
7.54763813112821
23.506113056994
15.9128133411649
18.0498047893739
9.17373343303661
7.62734754993675
11.6768707804928
19.9233730440069
19.4409997943427
18.5256235148293
16.2922296501791
18.8242643616962
8.45217098889634
13.7923872666614
20.8027707869996
14.2498026703745
14.9412169389127
23.9802565916808
21.138949822223
16.5976785393564
10.3131113723406
20.6600373926723
23.0720819610428
9.42135351558002
11.4920186954917
6.96351554024717
19.5649647181916
6.94096315295374
9.93372112996498
7.97691368472222
17.7178417236035
18.2228687034961
16.3678085933831
15.6316118739576
11.353062607866
11.8371762672317
11.8701035057579
21.2542681306856
9.93570109912089
11.4538619509513
10.4528901149391
15.5837870008159
6.94049898726462
17.9663810880328
7.94019706315832
11.2662706944133
9.07956581891339
16.423378584485
18.0033864034539
11.2105988101122
18.292349485305
15.2328490338659
11.8745432146381
12.2794035594994
9.73516661287728
9.9786168121361
18.9996407374674
18.6297920148086
22.3174171718523
14.9771190895185
14.2820109827899
9.69454174050474
11.1998390643911
22.0033843171458
19.4473200849879
9.24089776031635
7.86011902940084
10.0533864271616
10.153986201578
12.0772698850218
14.465861112822
6.94382484607982
24.1345862241586
9.0544552185569
10.5219820355078
6.95264528494269
8.57056567648058
10.6969611388159
8.94074681773272
7.01330389043664
10.7062833741856
9.03656863892105
20.6837290480445
20.6620692776018
16.9412533070139
23.528654786572
16.4312661671008
16.0996908921052
12.8090467721554
12.7798219142873
21.4112440750502
11.4475224840231
18.7792724754044
8.80212782066169
12.2820422565205
18.4474051093429
9.23530209602258
15.7585158553296
23.1572764418404
14.9487354189443
13.8802174922108
18.7180516415403
16.6353371412377
23.8917340987475
11.1703643528084
23.096521142478
14.9023895952826
20.4165903068907
6.94024623707964
15.5186855379295
17.9261859003629
12.2494007664048
19.4162812400208
19.1063249363408
14.8906614402602
20.9866154255896
18.6753002654837
24.0741955619679
10.9563537177561
10.6884146308938
9.16490415047785
20.0325583665071
22.1951557579
11.2068084905922
22.8439135188084
8.3203605688789
6.94373227968932
6.96278679931432
12.041605555887
16.6348966917135
12.8916128698848
7.77577774516303
22.196523960419
10.0466535888895
12.2641745281797
21.0799239770964
14.6396099177428
12.8504340190085
17.0931920051595
8.61099622287514
9.13924444448189
7.26599400821967
11.2198883436177
14.415348157329
21.6666999696255
14.3937114177617
7.92054129798036
14.7807599402542
12.2526115936068
18.0018583556398
17.9823456533567
16.2668748428754
24.1147500201768
15.1687887393096
21.4698431615844
8.02906554420939
15.5224779289243
18.3279284433482
15.5187678278636
18.9326040553382
24.143790273774
8.0030608985299
24.0562377613642
16.8619240638781
12.3352567435283
10.3340024430865
15.8611052949778
18.196640000939
23.382651629322
16.3825051404599
8.69859453858571
7.8019819983464
7.09961591388218
21.5416937003234
10.1226206755355
12.7297885118085
14.7675342080452
22.0613619640836
22.3297588344313
20.2716071487153
19.7883823079344
23.3505807778584
23.0077292696976
8.41426413335522
18.8503812772821
24.1294925968108
12.9591445195183
11.3904544469404
9.19743204388602
22.414665400145
19.170695246062
16.1044274707968
21.3515699672091
9.4639257606125
14.0647287580198
12.4111625047919
15.0855197731818
13.7643548781806
7.3038370275832
17.2413351582418
22.8974453748852
16.277424266333
19.9357268901751
8.69039078882418
20.8021717816705
10.209625859563
12.3848409685362
18.326893319977
20.9506216446304
10.4895454698906
21.1984881571171
17.650139108469
18.0052217584496
11.386404301528
14.5136251073825
18.6289636459785
7.59953457747592
19.6388296388604
11.742663795221
7.20686037553134
11.6548295750213
16.0323354160675
15.0433884825868
12.3397507542231
15.1654479879932
11.0237657623061
16.137958438958
23.16695970199
16.4776045489151
10.9642737181291
7.29432371648382
23.2768980982415
12.032311015095
13.0958574913207
18.0568346620001
17.7212071861676
7.42841252589932
10.680597903832
16.8377797614934
6.94326149889328
14.9396388463386
14.8315847694007
14.6372835267683
17.3428259709262
16.6239690737848
20.85304105314
22.5730772472656
19.072935559966
17.0487103568775
12.3149326956465
6.95749865434802
20.5692649943734
6.97973960030037
10.4108524965703
21.8297154078045
23.5931351542178
7.20010038916725
13.6303893102518
21.874836296109
8.60076644547589
12.9531477252997
16.8914536081157
9.4796657425108
8.35306656742342
18.669508293534
11.3812476920809
13.1118994997263
23.0624806878052
13.7908201489463
12.006849074238
7.07175222779659
13.7297768221335
20.0875900768771
16.8081795656625
17.4415524202729
14.4548143360933
9.39686688067717
15.4613188653012
12.8063456912218
20.6089937244407
23.9186694925486
19.0532895603689
7.81118351716566
8.02124195690635
7.08656500294346
13.5687726471021
22.2580144235778
9.47886560548613
24.0097026622549
7.95566163369379
12.2107667594963
20.4905579092363
11.109168634458
14.4071114109508
16.4349369235008
7.40765329222234
17.3101758888675
11.7233220394788
12.2490539238372
14.3070401245021
20.1409369685142
23.3897376175619
21.6212155922635
21.9692303657477
17.1394993514322
24.059074262433
17.967558939595
12.6612342837184
19.7097960269852
10.8685345018101
8.81667437962085
6.95649198824516
22.1612500613135
8.17698442511677
19.1589653234168
10.4303730374671
13.428939307793
11.7913326925444
8.97682817541891
18.8785696776174
7.04109660876184
19.4829104916551
23.6447570877114
15.7856660545479
10.7758281762182
16.1102820238904
11.6250507894178
21.5550331133662
16.7378613711983
14.6086757271896
11.0414184210728
9.76414968383205
13.6908121267597
19.9927859006782
11.0856288522051
20.837236035511
7.86596467621314
20.1387928574122
14.1589368065755
17.7122015295229
6.97035089435208
9.33910164838704
15.398497615573
24.127344326812
23.9918158536679
23.1746725335816
9.80915906798721
17.6864248529137
8.06253085181343
12.9591734197693
18.193185828241
13.2921226679542
7.15706208465086
20.7543320684341
13.4231664332654
12.5712029567476
12.4691677471914
15.5468765741885
8.18522005615467
19.9650438658898
16.3467048579721
13.9518898360818
11.1511099539592
20.481866366843
17.2081164391852
19.7093697395559
23.1632406858388
15.9272102144241
10.715081177994
9.11491942794374
22.9505128938189
16.7541105214462
11.0657128680153
23.5733164159525
8.77499083117792
23.9233914539917
14.2884185481639
7.96087102829925
10.6065961650325
15.02499826614
19.1244783949006
6.98625309372651
17.6118485472852
18.1034619368476
10.7155396883816
11.1386433288104
17.1662095274449
22.3216947212732
16.5941640756446
17.8089712209753
14.3132365564793
14.7074952197532
7.444643234484
18.0470435536682
10.8939558783141
22.0698891963297
16.0322784280697
21.5360186871781
20.2521381780843
16.4438925755975
15.4293029568924
22.2216296577325
15.4486267267639
7.17337569655964
20.0275242904785
10.0364191408803
15.4997986826498
24.0122021761656
12.7880765388192
15.7474192420012
20.3333484855578
22.8860080920441
20.7465411196182
12.8005723569404
18.9189609910513
11.7045873658598
12.7106171570921
22.9465074120037
15.3245843232748
11.9686047005856
9.50007856990892
14.2492112838515
10.1193608087832
9.12316604589341
13.9388341965372
14.3250519542507
21.8626836737219
16.1977415803774
18.831274397719
18.7501940466646
7.40717176002239
7.02939025193844
9.89608285908276
17.3126883160873
20.3151972085196
7.93399007859695
9.90195702768074
20.4051659327476
14.8810764389774
12.5777378263133
20.6040652439429
13.2968308325423
16.0824792665707
11.4214368516586
10.4869252228491
18.2899422196671
20.7727456874888
7.47509359741534
9.53342372330801
22.3176635395831
10.2516179249711
24.1264288469526
7.45062185813108
18.6062674985359
16.142554686272
17.5692161007424
15.0946872785036
19.4075754032384
13.3378243801314
11.1051135442451
15.465869013823
24.125017680918
16.5631405083426
17.9007393665528
7.05287485108095
13.911825250978
23.6682242179222
20.5086560262183
23.7976270811017
6.97401716551862
9.60732484940353
9.27234122178766
13.9222777841602
12.686821511176
12.826984878948
10.8913488470562
19.2137954061279
18.3310808049715
7.79798033722839
13.3006442477423
23.1254053733317
19.0038928489977
19.9483091716892
10.6137811159913
8.92480033762907
10.4265077605723
24.0738394842083
10.27823404686
10.6582208325219
16.7904937482651
14.8461461884149
10.9090403282798
7.28669260132654
20.2976285662591
13.73907221911
8.35499029069837
12.686838894574
24.1413998693492
9.63636827774107
9.05026704355473
23.7220075603419
10.1963368659875
7.98258554025217
8.76978255136082
22.0377457931595
7.0724243474617
22.510141583043
9.8155586055267
14.2078230429614
8.35552098663996
8.26274185923443
23.3423890028996
6.94753147489226
9.57556690506413
7.49039880470543
12.7473711784001
11.1434684191195
17.679332010739
17.016910108237
14.4925466793919
11.0467360577871
11.4721221143907
23.8351695595063
9.40576478797627
23.0943683760092
24.0294928033812
10.8181185548293
22.856675419838
9.97038002147318
20.6946625340943
16.3602060335768
16.2316422025243
13.7332603491139
6.96682730838408
9.15010069794257
15.3939759676377
19.2261463161876
23.3184743364837
16.0938807337057
12.8950267675125
17.2480656175654
10.3260043699198
19.2313111609607
16.7590247388558
10.5834723438059
18.0943388552326
22.367583223572
11.843046271425
21.4056405855677
20.5161983183181
22.4136157024176
13.3248617351397
20.1924772521769
18.6609273698614
12.766374368305
17.9049072834691
18.5597004387813
10.9950851867728
13.6179989940975
17.1949533442727
9.40322060636503
7.34641965835537
19.7153563783014
18.9626328304986
12.5061029767704
14.9808365679176
16.0164814158403
17.9397176202213
12.9812594292535
20.3524218458972
15.3150242242992
14.0062605983092
16.7028433090771
24.1455009465441
19.7918171024569
22.1740181018474
8.53336922875397
15.6951753930382
10.2420033886684
18.6671148792874
22.6483493038637
17.5133863486436
13.0431704156815
9.26146383391449
8.66339053717131
7.43893684503621
16.5340761752445
8.08209955498836
8.61945290547795
13.5449793010598
8.55217077614028
13.0774702849627
18.4032294989872
15.8331040059473
12.6091433957051
10.8147671963543
12.2885826365078
20.1459960417576
23.3620257558982
14.2356220231676
14.3069851935237
24.1379725672618
14.1064674081734
23.9644204128248
14.8662089409112
11.3278787680908
15.3056295630774
12.0467329751219
24.1465740615205
7.82776127349613
18.846503600235
18.9069649802745
15.3504558332014
23.2388882790162
12.2787746559336
21.2078529840515
20.8995292567867
18.1260779410397
23.4588655883384
19.2262025191386
22.7421876122543
24.1046318765586
9.65371626976736
12.3030559966854
14.6112958877422
12.1318028567573
10.4867505032195
23.5590997276825
12.8501900701011
24.0237368004315
18.7717285418006
22.4339739291374
20.9931182027643
19.9891874954757
7.32845076260939
22.6112390623829
12.7584100703293
18.3387976200202
19.288241169737
23.4024255002539
7.69204296606908
11.5312864399664
23.0520170356796
17.8939824888101
14.5079262114552
8.46981166065034
15.0761999788135
17.1432487356999
16.9618619872534
10.389313158146
21.8033412323049
8.12444017155298
7.81092345489967
16.0805404421937
10.2093718364973
16.99788757422
17.5553793604479
11.0764199895904
8.55973618404406
18.545471729145
20.3011273361715
8.1550948642296
16.1693155455859
13.6547691450479
12.9259339413664
19.1460974796172
13.3070524680954
11.8144387534624
7.00325708131968
7.58917347240944
16.7170752590868
14.6830989004774
17.2755580629085
20.980094149795
20.364352706776
20.2769085576986
19.2277782687182
16.3350155187048
24.1316313997658
10.6734178642413
23.0260625789626
15.8204415958322
11.7173124824782
23.7825953156179
12.2954443823221
16.3025121662709
7.1159553818519
21.1592593944423
20.3125546709532
15.3573319089708
14.0865518439947
24.129240364545
17.4497069964305
18.9637895989758
23.4316679228422
22.8806481882365
18.6897428083337
21.7980665367812
18.593796087212
17.4876704589933
23.1319872008136
15.1699753778493
16.058493891443
21.3047041896144
9.35572402472059
20.6987020472762
12.9334553078602
7.97068436789388
18.0154121322192
15.2804824843578
21.6005913134574
21.7017959905527
9.27316088753906
22.2527416235449
17.2707955158183
13.398434303237
8.12206896457986
7.14626338874305
10.1236180112998
10.8645966411461
19.3752001597724
15.3160747154422
15.60495098222
21.342175726971
13.1305346865091
11.8322499569232
19.2068459577281
15.3068948516406
16.4311840259159
12.5258322162019
14.8906041052043
7.60647442300739
9.43574689437314
17.6426235590656
11.3883056596367
15.4288259131445
23.9036119578534
17.173835535831
7.58366108468096
22.3716041608612
7.38301611297697
16.8910961497794
24.1496940048292
18.432733055503
17.5747317529988
23.3283960967014
19.1087153937678
13.3342524387303
18.4712554668448
7.31444825897988
23.2470179364871
23.7686210989561
8.60877477172171
16.705286691726
24.0689488194517
12.3429990397864
9.37747746408534
17.2554699088008
16.0267974682621
11.7131057856919
18.4179810141939
16.2649048388003
14.0259363842281
19.0238975174999
22.1427436131249
7.67661113123527
9.06203087801293
14.2357217684378
12.9958193713419
13.4342490657528
16.7803229861572
15.729619658706
12.4460006991095
23.0022847436998
8.50596645322406
11.6333023055864
7.20052347726944
24.1185481664165
10.1934140626304
16.0781341674575
18.7545379283904
11.1251759740947
7.14158671909699
18.2550480776453
11.7430383723379
12.8385113501205
22.5111438374634
11.1550211582007
17.7037344399889
10.8715190905158
20.6099720580504
9.13546192889572
14.8740070512238
19.8958658645695
9.25994839501299
24.0642398636983
17.4316186916361
12.3371844777978
12.9984443910964
12.9878963137256
16.0732152559647
14.8202355552049
13.2751216310154
13.2123531430716
22.3330587487113
8.37007455067488
14.1229029399346
14.4356975575931
17.7084667627854
9.92389665786542
16.3350407485206
10.2550385561626
19.2231484232786
21.69255672496
21.6363979336315
19.2219556721134
11.1883250345928
12.4283229481005
19.3545834418566
21.0638827348798
12.4914664668559
6.95776971502571
24.149693125408
23.1804520028796
11.446082058889
23.5080691363109
8.01547770336344
11.4200166302355
14.5708255972785
14.1109334114842
11.1567349618675
17.0222565811412
17.4639692476338
11.0020707463908
23.6693062880251
17.0150814861734
13.0638662462471
16.4092570151598
6.97954103272901
18.9798117682342
19.8939055888266
19.8759733580039
18.1052406839263
12.5643316679093
23.9358696200805
20.4479009182328
13.267959631754
16.8663533584266
17.1667302685943
8.72798364429581
11.6087460835474
14.1800938477043
8.33488023716644
13.4730703303573
21.5807306929879
8.82288868365145
7.67806211381933
20.4842558810603
14.2870843859225
12.8301839496876
12.465482583055
24.1157255008302
11.784077495487
13.8681114641772
10.7006199742874
13.6319099833878
23.1402425549456
20.0611510678032
17.2060244662969
19.9006126519578
13.469795376386
18.4609377893357
13.5306862580479
19.6666080167303
11.4126993899068
9.7939323877952
7.17871348218922
14.3981789391898
11.6141975511533
8.89171187084604
24.149293908537
19.9428032688314
15.9833548951736
16.5142113603293
11.0215974877966
8.00286397260543
16.9073956488892
16.6305088763091
7.25867290428487
16.102666770558
14.3622220363951
20.3918670649475
18.1887706699765
7.75993947024312
11.5210455381058
6.94150587046768
18.4106001523423
8.33249474456066
20.5621617223426
16.6343968786425
8.64718466738456
7.03547926542323
10.8654701976568
7.10760524634009
19.9464031820956
16.4660278444287
18.6182988896553
6.97029045931642
18.4532321929112
19.9409930183337
11.387104143566
7.51368173823875
22.5767036629065
10.5421265268074
22.6941230968794
9.48575993615761
21.7737656572695
8.90837492391936
8.75117115642045
11.863017470284
7.06921302869866
14.2384441564948
24.0039540465559
9.25854170551963
17.7152013838337
14.8973224358637
12.4850637299769
7.04331396328457
16.4639241861592
22.7096141500031
13.3883503370761
9.8994650277461
13.4952332620121
12.5074226263755
23.5373749176653
12.9914933990724
17.1241892202521
17.3487689186919
9.55952235729841
15.1249596897706
9.52756218110053
14.2589321567809
24.0706141220249
9.47726837043914
17.4532094071544
10.6653149342444
17.4844850929254
6.94028762155394
7.6334132908916
6.95102190544636
7.37016176134205
15.7787265905908
7.76950253794673
14.8037739501073
16.4589349343402
15.4144308633645
18.4450843614748
13.2148756197282
17.531401581474
7.04601712734694
22.3123750226815
22.2096062167716
18.6800350888642
23.4508486360333
7.28069247419973
18.0531446192992
7.49591837322976
9.95996627425699
15.0196932097876
11.0146209842985
14.6341702698825
11.0896005831123
11.8203408700933
18.2090897789009
15.5786654418329
16.6320003790168
15.3629139729098
21.319494569296
15.1131078368451
12.7615523606132
9.05452437041543
9.63608638181294
10.836773469569
24.149650628152
7.33962794521631
12.6192613894134
16.5114013657188
10.8974533290247
18.8455644937158
18.6801951561096
8.68358984363442
20.8993511303578
8.32043600217995
16.1207810944699
14.0433996734818
10.0407585969916
11.3496540585596
7.35674062925904
7.03865403576636
11.2532497840206
20.1747490569882
7.02879080761193
13.0818336561419
15.0379555317777
23.1062028591761
22.1376766202582
9.88775603269745
11.4444376613428
9.39873720513002
14.69520920178
20.9084649354903
14.8672172801027
15.2254917321236
16.951663860345
20.770148341196
17.175838364886
19.3141355130454
7.42404766206379
12.4394566611228
23.2710953100119
8.76099771016642
8.93473154300286
7.27744417097002
23.377704075378
24.1172240847795
13.1606025984916
19.0247624832138
7.69409594377025
18.7199422807129
14.1509720280787
12.9187238349122
12.6149945112399
22.6716734026242
20.4048088886562
17.7080002963721
20.6139749541052
17.1187172050242
15.955540285694
11.9952792501222
6.95341261460642
19.9314978526662
23.2884827933513
9.35062211018325
9.10698942755359
15.4945753665109
19.8877537643461
6.97602950027481
10.3989194428968
14.6668583714782
17.2515094355381
13.6096600270371
13.8538602949262
9.13716644005131
23.4917134981427
16.6247491412636
10.3135176446666
12.4648366654766
10.4731213906417
18.4041742399262
7.50350029725629
8.03117931963283
17.2461669641199
15.7412316949272
12.5048972816972
16.254445182958
16.3985776236459
7.07384598642557
7.74425728293759
24.0710641268876
14.2590446427298
19.5543399238579
9.7766239417657
14.5339225119339
17.5746326906944
21.0515145591879
16.8224705059388
17.3547688798007
7.25616717667919
20.8059284693504
20.8850385164174
16.5580115605102
20.7085040648367
7.53814645784744
21.6361655363964
8.10973398492064
14.1001249386273
15.8622404043647
13.5087336822564
8.05980598389045
16.1200752135439
7.0369370491167
20.1462759286323
19.4625291194565
23.4921383822661
14.5747621069325
20.3456311068072
18.5898004255378
7.73042664346221
23.1928999529467
24.039798792899
14.4990966196704
19.5988482509715
14.663037676055
18.4915121708579
12.2465829437766
20.3890434688266
22.7460845783385
15.9154452656278
7.3986936890632
21.5623268304164
13.8524652136168
12.4920369237303
15.0000271128974
17.8154761735861
12.1789771010452
12.7298494146861
19.9855098804922
15.1384416888373
18.3169839639919
15.9563512218935
13.5825120376229
13.1768171742341
10.0437877696747
24.0096004897645
10.5201762924544
20.8753290911544
19.5016230671461
13.2412051431397
9.38884816100622
17.444106494959
7.88309091776914
14.3312673614074
13.488128822838
15.4078347477943
22.1874710639809
12.8589204809893
11.3851708450317
16.1777771211657
6.94977707300039
14.4235845943163
23.9924029833119
9.22664955929423
8.23053060797674
20.6432486393552
15.9863795224837
14.5507592123466
20.7593008394649
15.0578438623264
12.4794113573997
21.9943221951209
16.6355893523637
15.847421718521
15.7853263984741
20.0686483394678
15.4343802963357
11.8632081451119
18.8358410090064
19.6035552733837
8.65486731551583
14.743946721886
11.1970417115951
21.6623766830041
20.8815640813214
16.4463897056753
22.3414123059788
10.3629324679321
23.8801179988098
7.14410316250415
9.30862259932016
10.1638603128711
12.3191667929919
13.2146547177589
13.1024834491355
20.4189198021884
19.7225982791913
21.3227282235831
6.96912600750302
6.96222180027804
12.3099231516943
11.0087813560342
10.3319573215923
7.2260910952972
13.131940376193
13.3938666067993
10.3633493806759
18.6977722344388
20.4400851384826
23.4980427447658
15.3995009605692
20.4272959831447
13.6985589370172
17.0757469651991
7.75057152195871
11.3269673630643
7.6864370422293
23.1542028552769
12.2226700550168
15.8076444887429
18.9543495810572
10.019867734944
15.999447135456
23.6371824276452
11.153958061924
10.8887872787321
7.15066047585735
7.23917207145002
22.0117757415654
20.9824558215276
13.4369807192557
18.748753567906
12.1445223711875
11.5720757507745
16.7609159924343
22.7691092826243
23.0359710841939
20.8257804475874
21.9345130397523
7.30014329385656
24.0041671907585
11.7493513533232
19.1461192941084
7.13573878244407
18.891026994981
12.0677494580874
15.9390163550677
21.8534917085415
9.27717999954708
16.3129568758521
9.74264154416359
10.7427304005355
11.0533143424491
6.95049073913924
7.86149545258759
7.18425248867191
13.0493087487356
13.0584915401888
11.2798823354781
21.4353587316611
13.1779086920564
16.3234125473014
7.4540948735828
20.9491726944587
18.9335839491198
13.2426038484888
10.1464928704319
17.2115021911873
14.206696763966
20.684618889416
10.0789059041973
21.0901434900313
9.22313892358926
19.6637382783004
17.6109171700081
21.1259493627668
10.5263080065006
20.1725921078865
14.6075232906649
9.6914193371591
22.8617550061289
14.3094129036777
11.5994793224836
10.4524635145166
7.25711107683145
20.0184372663022
17.5333708807591
19.7251839627905
18.2467256045843
14.0668464217235
21.0064615663349
16.337860466035
12.9629998577836
11.2166693093619
22.5376888536921
12.3313723492423
15.3065651143882
9.6426300728213
13.2346397419932
24.0610245693421
13.9887455554674
15.6181157300358
21.2101054660628
12.5572021596182
9.05012805826177
13.0646581945487
13.3376763594547
20.1688912242647
16.8040450353695
16.5810525165898
11.6250252768134
21.3468838466416
9.92836549170266
15.2603379649441
13.802548634172
16.3287201981532
7.31957160543755
11.952959445275
8.16453034281181
23.0471688029551
21.2214956037702
19.5799370649222
18.9182872873244
6.98549515223041
11.6665597755425
14.203631042226
22.6236161396979
9.26212102011162
11.9093093666582
21.4511748413019
21.1929830272861
9.85316886028323
8.91517319015262
19.9824995791799
22.1656065950229
22.0874647340432
14.0113947156415
10.5455094361964
16.422269495733
10.6218067135227
13.217570402043
7.56793755774853
19.1956166317772
7.16804937044937
21.6450928133727
13.3025405447786
15.3961207852367
7.0761558413952
22.3855703339195
20.2328234271407
7.0237120664582
12.2117076950862
9.01885265135724
23.0315731961692
7.12324679938525
10.8927509094359
11.6215041063413
9.07629634247003
13.1771210839006
23.4724460245356
7.13641535690809
22.6517211873913
11.6481465568772
9.79893267931571
7.38637577539571
12.511018895583
20.9300965402007
8.40474243857186
21.1631665534882
9.14424557038286
9.92551268899842
15.5908000069756
11.6472689274632
20.6753762851498
14.6598863537854
19.2697362069878
8.97104874879385
9.95608393714712
18.5499370443391
19.2170046586457
11.9152543895754
9.70255454859033
9.90018342013547
13.9426704208675
12.9011579342825
21.7147781478891
11.4932434153386
22.0051256145666
17.0442413734704
24.0831146542228
19.0951307508917
12.9807875789344
20.2580066031631
13.5504687592389
11.0962787951184
18.7436872006329
7.32520280302973
17.9018727897949
17.5603350703005
19.0438615307068
18.195772393763
11.4969486339671
16.3065821508553
7.16857221937016
21.8315415709234
7.26734901610282
10.4870361801635
21.4632837075544
9.78995150736463
12.1152698101255
22.8337673026526
7.03646948422162
21.9309370058997
22.0421180259813
14.3914628774863
22.7895087460396
9.21126993413242
7.34631353466727
23.5711922677347
20.8013478713298
8.81158883135283
8.15152843697035
24.0126895311203
21.2707413265997
21.2649133814535
20.8145326460147
14.8580260570939
18.5221478190426
22.9082608439258
10.0433805813362
19.343263730232
18.9401422493336
20.1079133506723
14.2421969538367
9.71913490014154
21.3061961743222
15.2145466054925
20.9411671715585
12.4926501147116
11.2375535321268
15.291013274963
13.2717849426859
21.3503967438576
8.50263057616958
13.6494663561256
13.6002568850185
14.2172684897665
7.38324986037554
18.6447845823909
24.149715059124
11.0836721782373
17.4053100905842
17.0594011350053
23.7235633115847
15.6853143757815
15.4194199801438
21.4945526295824
14.7736415622044
7.91890225711448
17.707948179965
22.2640494699165
19.1215927737903
17.614801378354
7.59774196854243
7.06539842848664
6.97746633434764
24.025455495621
8.32680619697177
22.9028508212527
8.55415544997939
7.4826439407706
16.3040719424799
17.9255028198606
9.05265195895176
22.8013922517979
9.18003880812409
11.8393856067627
9.65414508711225
17.0303108083527
22.7905514099503
10.2637916050785
12.0161795708425
8.21908793307044
9.34807373376703
19.1676551094289
19.911566245123
8.64669607413688
8.11150425475538
19.9997044863443
13.9282862184656
23.1618649354603
18.0017499164056
7.60633976638336
23.3571993925086
12.2108670226312
9.91029100746364
15.1906780730289
17.852190806753
15.4364658367317
18.3874049158555
15.773805280566
13.5250882219127
21.759142231648
10.1594860484557
17.624914735137
7.02978075679267
7.73338647630176
8.22522863049596
21.8034936065388
21.9918753604689
14.7217565111334
20.1039886986951
16.4615943405647
11.8994854769948
8.69038956589537
22.6626176636994
8.9996290480769
11.655157793897
8.38945319794713
12.4630068724798
9.21739619154462
19.4288610130615
20.9727924137545
18.2596963412909
7.73490932501869
20.4864950858792
14.4338334518277
15.336015896703
20.5227480387547
15.4033764302748
20.9862790057255
24.1002750431064
21.6301476498539
8.77917487149322
13.5274517720836
9.68246706929646
17.4839103280631
23.9497875858679
7.75420861537894
19.1015990328552
23.8937218132781
18.7678131008511
9.73737144542203
18.3483010499413
15.4555220873314
24.0717884344989
13.5830959784301
7.25447275215577
14.0862809373267
16.8796386449696
8.84544675519223
23.9341440205857
7.1400804497332
20.3125602546254
16.1606579069
9.44755871216006
23.9795027072686
17.0038500629351
15.1700566278887
12.8875218008615
15.6159337948699
13.9789811218791
15.5731899312721
14.4658133266614
23.4307723534564
6.94351951236221
17.8287166099781
20.6569063959715
21.4554589618909
21.9904246901759
10.4447299466878
6.97047208067094
14.1554896637033
6.9790719508553
21.5781808267305
9.19206481670382
12.803579633639
13.2375737679992
23.1382863516272
7.38916621866116
12.6436842649243
23.92705762313
11.4571922291805
10.2349952070865
19.2867854404235
15.6953712667967
14.4050705621336
20.0464906714759
7.32140985857336
8.17394920713281
10.0694459452964
21.929306499689
17.3896985825431
16.5683211081141
24.1490302468999
17.0921065183778
24.0123474065429
13.1691174829808
9.77075095778739
8.661007455622
16.1004130826561
19.560236925246
11.3536486410609
17.7183554825244
8.0269565363718
22.7914776117927
15.6331420992978
12.0181194851622
8.93531584499372
12.9541191353198
8.9121805218372
12.502722210389
11.8054255418723
15.1585577900043
9.16318214697169
7.21547452641744
17.8959644359374
15.8190924102165
21.7435385404299
14.993987836455
21.4299147298832
14.174737094547
15.1053698950172
22.1083286802335
8.00997619563422
11.7308463348608
11.5870139849339
9.84480273061924
13.508742415229
6.99693207254025
23.5500020097373
19.5378082105323
16.8124737481224
24.0122797364061
13.2597053674774
24.1296796207297
12.9753201413977
14.2691062142599
7.00008194542753
10.461685623014
14.003211652427
23.4302948838787
10.8433904761128
15.7658525770652
19.2559247220492
17.6080936017695
14.6088914115746
7.52282177211014
13.1435165702381
16.8553544253045
18.633476346587
18.0314448784111
18.185677557627
18.5359589460015
10.4739702026759
6.94076782620101
21.9322083635747
14.1963263017112
17.832974051497
11.2302474965475
18.1811127130913
7.27473293217539
14.322770565895
14.3523453273518
8.56220700260874
7.68796679501214
10.476200646402
20.5834656654376
17.8033912858256
18.38492143712
18.9881903961065
9.19654911769711
16.8922837566417
22.0885862061671
9.62844457679158
9.58580078921267
20.4668204521541
20.6144245581349
17.188978618132
18.4832165767304
14.3297378832678
15.6702607592443
13.7681868387757
11.0733701005121
15.6556211932093
21.5349875246493
9.9481214828446
8.96553379356018
18.827385878467
10.6798571598917
14.0526190352336
19.7343420694648
19.6236012465037
8.42762179732957
10.6795513194231
17.181550640464
19.43959836338
10.4614438712866
24.0912870809137
20.3763765031874
23.605403944294
16.057143627529
13.356044852983
22.0250698194254
23.5174415313463
19.4399427218893
14.924376448391
19.5618729911527
13.7964108826885
10.7324724680059
15.4779586123487
8.67197833015176
7.05532860914724
8.55734118714619
16.5379168469523
17.7740536238903
20.0695821123411
19.2253777726776
20.0072949803136
18.4870931640124
8.87397524937198
10.1498057107647
9.51283966820987
7.14812697460677
16.778212860451
17.6064592502341
11.3091550186548
12.7774285718608
9.38370813832532
7.56662253870719
9.43771070618421
15.59370348356
14.819166337837
15.7637716671137
14.2044298194356
22.0857508163013
14.1175778472379
7.8014291560792
8.86881874647285
7.19575373838481
9.52131828691852
15.9425405949708
15.4639087057768
7.3168920604656
19.4042261093547
23.8408820717088
11.2516731256929
23.5208748013711
13.4978920728746
22.4907558809161
22.8067094752501
17.8437535345368
17.9509375063676
13.4527772150889
18.2972404141268
8.19839698584597
10.2094214460774
9.77663867788671
19.7736793668632
7.06245619403247
7.27808591530886
13.0798830986632
15.7460859668271
7.21341226718515
20.9428413525865
8.67829664977497
12.3349419624099
15.2552859683559
18.665181907906
14.1641596830152
15.8264984716247
21.1705308828477
14.9432546612419
17.4984389040389
19.9497553758929
23.5336549701899
7.71207599885944
16.4173717803187
8.66897611124512
10.4872421807234
12.199792496527
13.8037078951795
7.70246743425222
13.3130071457157
6.95139331072614
12.9098509264744
16.7045000240874
8.77346343283814
8.78583608686243
10.3690215813153
21.0650449060482
22.6592831153994
14.7438129359293
15.0129052650939
22.2016222570677
23.7645811627999
16.5897023583575
10.9217248017787
15.5704487499758
17.0583863564803
8.21473118567035
7.21358278543168
18.5151676951203
9.61838213318719
15.473382177909
24.0481956779762
11.9878503979249
16.4400264958014
12.7627309433576
24.1501803025913
12.4690259491601
15.7554411877604
24.0914291808873
10.6598217164401
15.7460138518167
13.293327638026
11.0800195236734
7.03187174601925
8.76030138865838
20.0529587327312
11.5816887501307
14.3275123549567
14.0846159716093
7.04736625443703
20.2557167444983
8.10705751997571
12.9995088958246
8.90459438706439
10.358263240293
6.98229061281306
11.0150909218232
16.2099654846859
11.0359475367687
12.9868922435361
16.5993637491356
7.83094978510279
13.4202202638715
11.6358700738913
21.5400241252028
15.7509394596107
7.78485865704791
24.1451785784125
10.9584357261829
13.074898360115
9.82299801103591
16.0273627830069
21.5246184662994
13.9804309076452
17.6197105223069
8.52710164029773
12.3993476765212
22.7691714928015
14.9470241665031
14.5224648707575
13.6348617444399
15.7904367652942
22.1184712908544
18.6385431128713
12.8167284122061
20.30738796279
22.7409939043259
19.376688966644
13.0753333378934
14.3992605098902
15.8726620013039
8.62452231122117
20.8672234363724
12.5375707407974
11.2954113206581
23.795019355624
8.51767075689106
13.0443882107748
16.1178297882636
9.222422260659
16.5213306167103
14.6890555465203
8.03621175881621
12.3862465991739
12.5603322045526
11.0798999775804
22.4187973383771
20.1322261610218
18.2169863589119
19.06340848026
21.1618531438522
18.4396619079767
18.7532000629805
6.98908552827141
12.4234488878542
19.7662566843421
17.7014699491788
23.0982095124745
12.333975969038
11.9523591296859
18.2614709493051
16.2114501842266
11.7792471188319
6.94046386845561
7.20818588437807
16.814650688762
6.94654291648907
22.6727311834975
7.46802981858074
9.92780971645113
14.5307904356266
20.9702794155338
16.9005548606355
20.5165070632147
18.4078909741437
17.3410603703571
7.55475032019799
15.7074143552666
19.7495510068117
14.3280430444413
15.7074063721395
12.6233602959608
12.3665809721995
9.77266114041573
11.2819062594985
11.9298064937732
8.40328332261394
12.3145360522231
7.56599000146593
11.9334874926337
8.52098604280729
18.7153561958508
10.6387528102596
17.8105305553558
14.2973575364963
7.08953030996851
7.08854321003794
10.703823453905
9.83273917678135
8.15517707917155
11.0006625076597
15.9165395353092
19.868880658755
15.3480728046625
8.86251671676579
13.8396350015342
9.5835652258637
20.1096827064116
7.27614643217277
10.9997258764718
16.3291766406958
15.7059300301899
20.8511199171583
23.5844653268384
11.4756438582615
11.800502312811
16.2434876344517
8.98264855396797
17.0328052034845
15.3391315282613
11.1937378247422
18.9407696629287
21.7607399270211
16.2269214856174
11.0428009410738
18.9056320615859
14.2437079529552
19.7752167735627
11.7536051996474
11.1022342580401
12.576755933118
13.4166969383846
22.7284973516708
17.9366835935122
16.2022042153334
7.499897132245
9.52906897562874
19.9659019957603
15.9514817393335
7.03204667148446
8.58585666361928
7.56395206778899
21.4992770107319
7.43905527275332
19.7169719956788
16.4188513778772
14.8660855058662
7.53104785434068
23.5232241427677
15.3767474085821
6.97771945468246
21.4244279122292
7.38191146415468
16.4321668250229
8.86133678179716
8.8262979030598
7.58193276625396
15.2104887528261
8.85592562426216
15.9124469204578
23.8002923248482
24.0973606439066
11.2172419942792
20.6775935913725
19.2720316551981
15.6570420248889
11.3799672499712
15.4459959164955
12.4351949337715
10.8795492823581
7.44378788457456
16.8230741896371
16.3622844898004
23.7291431138784
6.99031650690301
16.619163391647
17.5776295501685
18.0679229211803
23.3305336613318
16.6552964180567
18.930011808922
12.2505007134698
7.25336519858982
14.4524909168928
19.4164776322597
17.1201490735613
13.3163027290107
23.7860238689823
9.56822204589979
12.49124161206
15.1858604921145
9.76697846467098
14.9528933960494
14.6860572766496
19.606375865966
15.6404493254295
13.6231969795069
22.0052966600114
16.2138321604097
10.7552174929114
7.17474530212483
14.819167426203
15.9504649027054
23.4599360247138
9.93914911707875
8.25244616514725
13.9062362310083
9.67688353319271
10.459187751413
14.8090735951625
12.7225206976241
15.0727647946966
14.1619942639336
7.47631305945489
11.9248088845432
22.3482220253997
22.6127871378535
12.8023507298005
9.33231238306472
9.6187932170501
22.4797697211259
11.3694612040481
10.1072429510425
11.1557939735071
16.6965749646455
10.5135185438626
20.8908961325574
7.03187506851472
12.4005173226982
16.5679439245984
20.3958476702657
17.8968428683363
21.6357376370279
19.3535867624957
11.7360553692436
22.1276139731748
8.05692440105874
6.9555880041022
9.93659292653141
9.26282884133179
15.6502562331881
19.849689756955
21.5636530668667
20.3355853661541
18.4620486544847
12.1785323762875
9.9971637127909
22.7942344616521
15.23790602691
18.7978599478631
10.730345102936
21.8815445594787
11.1992987726571
23.9739898784582
22.3456129964069
14.2546579672782
15.0558389406855
14.3917674462097
20.2697979280371
10.2131654747818
18.5485457777323
9.75719025605573
8.03140485494515
19.1021835915779
18.9043163792413
13.3199653055399
19.5217524644065
9.39501460576837
17.0226131092927
22.8643868268097
17.6738980417371
10.7081669643693
24.1482699059735
24.093064745253
21.9504800813855
23.0007879934025
18.1177837174673
7.36923494042322
7.37783682224536
14.5464344519678
13.9659065164277
11.263734862086
13.4178553963172
13.7436812332451
19.4686055623067
6.9924538553313
10.041765422992
19.5575455628473
15.9271807332923
23.3595581160982
20.6978932207681
13.5296759977896
17.1210927652701
20.9374372282869
23.8943037944436
10.7992132715468
21.2283146786701
15.636934547136
19.1256423875677
11.2720922406004
22.0280683530941
13.6075064731672
22.9894422989433
6.94038972408249
9.6436805622603
8.14609231057704
13.0971419294793
6.98989233974847
9.20425890483049
12.0120438115441
16.0928490090928
13.094775318346
15.5023793323387
17.5447045195235
11.609052423399
11.0661035427924
6.96705488585809
9.34500205733358
11.1726727057689
12.0703518267566
22.6091654907065
18.4464574124645
13.7340498493364
16.3625976731677
21.1796171049762
15.2175299536603
21.2226619854682
11.5360534290215
14.5275232382641
13.5261939426926
11.0558420540329
24.1206022053832
12.3116339391617
15.0268525802816
7.6072815613661
19.0748013252276
13.350831731423
9.07091050473516
21.2690315932832
23.9357550880929
15.6932584964278
10.633578884746
15.1593463003168
9.82150139340951
20.9945951079063
7.64364710152446
13.9972026623142
6.96172540717915
21.0456886012356
8.88951118789165
12.9790629429371
20.4849720813278
7.28732016197919
16.0383761887374
8.92597683111461
17.2183456982437
16.8491208254852
9.40310175699716
12.3037884431928
21.4907616907497
16.9517309666299
17.5061500250956
14.2838038940821
14.690789859149
10.7141790756332
14.5556050693557
15.8209346410297
19.8854114026056
16.7783328352842
18.7474906790871
22.9991603940846
8.86415449206167
12.1354299363013
6.94319051356392
8.11642509648868
8.35920064995318
9.00426460566385
22.2226893789562
6.94054492027831
21.7560048608549
10.6870132963619
12.6254821672129
7.1851673091842
18.0872202776211
18.2888879282225
13.4636114141505
13.7439817850653
9.41480011625881
9.53903823905754
23.9429646672843
8.1283497972391
22.6806390191332
14.6092977423796
8.19061272499956
19.124195852137
11.20538308962
7.71047206133864
14.7795078954925
13.3994207698999
12.1365462129304
24.0232694395667
18.2811976226621
23.9512014684575
14.1190404965397
13.1381520445889
7.48238582627615
13.4954072535962
6.95366715564656
8.23013560675907
11.7047439263098
18.8745299057574
18.2110923082978
16.8941282273444
6.97371674441967
14.9067418893715
19.5891787102205
8.93523546910835
9.1009796795583
23.996293920543
24.0939672661651
17.9719059006028
9.95980271502839
10.7921677586433
7.00973485981117
21.184887766351
20.7968998656038
19.1841899579256
22.838380412571
8.34390832648359
6.95192622632948
11.7488134496413
13.3566300722574
13.1605525634742
8.06014278041979
21.5748521408611
16.8406145803823
22.1976179936223
9.80217161029917
9.24353639779879
12.8605574747461
13.4183294468758
24.1467407733824
21.6304251878195
9.52858924687243
8.67064722485557
17.0488726846393
16.2723386159344
17.0286108946593
16.3433706935414
8.51748613762657
14.6244398123052
8.46945086123655
13.2755231063957
10.1310508107861
20.9119675887872
12.6146917387228
21.284358999159
21.275012059917
22.8444895993323
9.78900793235235
21.7420987019231
22.283217542778
21.0687991365473
11.1812996396679
22.1435944977857
7.92913779749396
11.212964280227
22.5724943658881
23.7620256694291
8.56509111021323
16.5789701345166
7.16027151348355
12.9110197776802
8.71154257270216
8.63319504204645
23.0034898756373
10.7445147533791
8.18315444598133
9.72686835661318
22.7596482312415
9.93016424115083
19.7099028377825
8.89853674414635
15.4910147978308
8.7753432003508
7.94046038889792
17.3398382122633
7.0582897132931
21.9411019443818
15.0418527734777
7.72983834257442
8.25068821241565
10.203278462018
18.2489446067605
17.7460602123087
19.6082506944073
24.1408520079978
20.4726353131449
12.7857739709343
11.8142396733564
16.414320545584
18.0067703330543
18.9390565671548
18.9157463722424
10.8274634806439
16.101738534501
11.6862212014309
19.3108293480964
13.8020053269887
9.26610813529535
16.1438556431268
8.52576183833908
9.69963724559887
12.6796071861268
12.3002794318405
11.898998471262
23.624364323103
7.24446241296953
14.9539925103333
20.0647519510265
16.9085335147941
23.044958637116
22.884382509806
18.5216383195067
16.704429483518
22.7508240886096
12.6227808130441
18.9368640220701
11.9206781982261
15.3878072827784
11.9547800957836
21.4402863995208
13.1660693021416
17.649295861024
21.1514140163262
17.9358613322286
15.892201312038
13.6779342630808
23.6750724307299
24.0529241828678
14.3532081563934
23.5563851357138
7.74698404009702
10.9544802495132
7.01256066701506
24.1008854853865
11.1865494773927
9.02490199829597
9.89687895472322
20.1177189347951
7.27990252221345
21.1756761090361
17.4523877967685
7.01057008995331
10.5655499016153
23.4173222872542
14.2008706516211
7.38418349998308
20.2663040396586
21.0710955058025
9.96299695238996
21.8801323087842
7.84962334290876
21.1761202674457
10.9603396914369
20.5069276998272
10.5608609276786
11.6293149206539
11.7347408164057
18.4409087261805
14.7196660473006
12.7372443794976
7.19558087566696
23.9048560050815
19.2091608181456
16.7313149263847
19.6080944660785
24.0760535761397
13.3201673190277
14.60854821843
7.36788263479341
20.8995474483303
14.296604715817
17.6859020150069
6.98304253798223
8.5848077167562
18.2692187494751
10.5326901100206
7.30217539117132
11.1554865011317
7.65602898738332
17.03676811874
11.6327504375507
9.36401042949104
14.0213076407615
9.38924280941411
9.70222151417841
23.8374083525444
7.60163467133516
17.4934399918603
8.25700281271885
12.8797543547387
9.65994889383622
21.3064316285699
7.53406933609702
13.1830679031566
15.4454478299834
19.5577779559548
10.6811377086828
7.95632593951905
10.7051884539749
13.7789487515578
13.451850050525
6.96743479521416
14.7782987760903
7.70525108047117
21.2345225091981
19.1881451829775
17.5614545025102
12.2193976143341
12.7556928178883
13.8175029830082
18.503830701263
8.41703841759962
23.1613641138974
13.9019603118055
18.0100925605905
10.4116751799569
12.7182914557788
18.2872397997525
18.8360579347478
20.1436640620807
24.144330296907
18.4382264017705
7.27516538575936
17.2589883326802
18.6095661307265
10.3627895912598
15.131381211909
18.30264175438
22.5043658895576
9.40481482541699
9.55645418542641
17.6166310577397
8.87156809466903
11.1592616184782
18.0668489092763
24.1496001560214
19.0471942823622
6.9534099403261
8.23750612931227
19.9709511616849
23.4148068285314
22.9190068539375
18.6716783442086
7.04646875613101
21.0081981719011
15.6010855420528
9.591704635784
22.8878481432313
23.8240641510971
18.8603295169935
8.85847555355569
9.98928669545909
9.03423030241365
20.5224898771799
15.2777474207965
7.4274107579694
20.554004803474
24.1499744646951
16.1043464937173
14.3512139964176
21.2191097566199
9.6420144690142
10.1743280744507
14.1216085367296
8.93162209906377
16.6413003994568
16.0121521128395
6.9491383058685
15.8124203533649
12.0433391551211
14.826936346891
22.1856725776394
16.7744093633478
20.1552726305108
14.7473432663734
12.7651723563694
18.4309746908582
6.96693623401895
11.7871970379812
9.91041778577646
24.1013120507112
16.5219827085933
13.8397696504535
11.5111309813926
13.01700918434
6.98957391163689
22.050479870152
8.61227009178019
17.2870931053881
20.3945518479993
16.5950463114462
22.180739122621
12.678601223234
15.7208349245025
18.0379133603659
8.38079077867955
16.4754263436045
11.503613550167
9.48266553774872
11.7156451859814
21.4179996175878
10.4463277182283
23.4778140816672
17.3838871757897
7.56449462511616
6.94310447635407
18.7150972940451
18.6773401288348
9.5270862643196
15.4990835225066
11.1232024836257
13.9084046833267
10.1461371060326
14.0601877482219
12.2649884192854
6.94463280662062
15.1818471379543
23.9448742857899
16.0709594912646
20.4453850729481
20.7721969933016
20.4077516524026
13.6498874978969
9.1345084659616
22.4746441038192
11.9923753152057
15.1981030797856
11.4916160358225
23.8318385337098
14.1544155263192
7.14609391694127
22.6929215300152
14.2820070444532
19.5867503670039
9.10487674851403
14.1113085316343
15.3835437905939
8.43809135339573
7.28110227990695
12.1120675108058
8.26976859782126
10.1632443944657
15.9987601421542
19.4544194110025
7.97102969916637
18.6907531506145
11.68702239785
16.4312582840231
16.5990154728699
23.9461086284883
11.2309095940791
18.2386332309702
11.2589173959757
14.737781091364
14.6562165800767
13.7724463712336
9.33477877108376
8.63398166716666
9.76661038462159
23.7286886127629
9.81247694838979
6.94013007158351
20.7169079490624
7.00481519171804
10.6318183244525
7.69059723197443
21.638016775609
14.2617283264051
16.5217437800798
16.3506555771377
15.6092667291005
20.107946527137
10.6491754220702
10.4814335719157
21.5084899084716
21.0173261203273
7.44384017522818
15.31121202369
17.7761312645426
13.1798535628335
14.8501601011139
8.62309319959815
20.0244398716927
10.5534939944937
22.8597483630982
14.1178929679999
9.2739138309148
10.3109815314377
10.8926745244383
10.178124236012
8.64495254293513
20.451067262819
16.4044950869538
14.140590784314
18.367197551
17.8895567587812
20.6013377915772
13.0743898265925
15.5640557670272
21.0534125072964
7.16239151301805
15.3121775174318
17.0431992796592
17.1009426175181
11.4574531497169
14.3019730936957
10.8563596981469
14.8201269348559
17.8502242129426
16.6403133352371
22.878093223979
15.0952214114223
18.7714698713476
7.14208196486813
7.06224695760106
15.5134764072374
22.583606504168
21.0341464830665
16.146997928445
21.5367260520753
10.6381109320291
23.2473320002891
8.66053202465753
21.885371637679
16.9069002165881
14.5038232780389
15.2113872467041
10.450441479305
13.3270145786246
14.4112526917738
21.9255009835019
7.24093346696076
7.86359142807845
23.5914125190283
18.7374331290617
14.5069359365213
19.2980231502777
20.405522712161
16.3394284765077
7.46470646398026
23.3533660581302
9.62639150655733
13.3608153194173
20.1094400051558
15.2809897845888
21.1676662947964
11.6885190519009
20.0317370795133
16.3716391742398
19.2390681673482
9.77054736510449
17.3249895279806
14.7366294682513
7.06369045306839
17.0050550706275
16.0013377832278
7.04892834467342
18.4903375763437
7.58607249615503
20.383005744836
16.3196244053272
21.6273978531622
19.9444038461267
24.0616857441674
7.49414648411403
7.04488746866954
23.3162395819742
20.4554023754981
17.6531499860942
23.9461673125876
22.940914815767
12.4426451526197
7.42714221868637
14.7422047250691
8.24056523805016
11.7207704282319
15.7214459811002
17.7198473278107
8.78165019769714
16.6313621881461
14.0729003172312
15.2693107916598
21.8196286224242
24.0244483416135
11.5335543401851
20.0240362155735
19.0840810850456
8.92925852352507
18.6018944720764
8.52628971051067
19.7868366523543
19.5363720020385
16.404281224408
9.80191605896893
19.7448139796738
15.9430944783761
11.5447093090312
13.2705467450995
20.2339832622859
19.3411655819469
23.4793082198383
14.954168206117
20.3696029728101
10.0551043350103
7.63581763015805
21.4856226302335
20.18444236691
10.4168803032792
7.76335028461911
11.9089229531837
12.8677715437106
23.3004530950242
17.0431626033606
17.4764454784482
20.2908914458655
8.68279867189228
20.4311790030632
12.3712758426006
11.7973127815107
11.6415177725535
15.364420521366
23.7658250828354
13.2572847170826
21.9368258027775
8.13868564543378
12.540446439614
10.4788358475904
20.8814166366985
16.0376823946626
17.4391903784495
20.6756950041339
6.97798457458553
14.8356856502955
12.6508160251245
7.6508774511815
16.6824159573649
14.9956135616108
6.979180171983
23.5366286540462
16.8457160716023
14.391010624821
13.0888440638733
11.4868315441093
19.5133874293275
24.1385480763518
20.5538823444635
14.0938530091237
14.4084578766953
21.9668937886362
18.3147307979269
20.8339007167196
10.7602254428433
9.94391185571065
8.66178740081692
23.189645699564
7.98269504035566
11.295522905067
17.7587910453012
22.5241373645989
18.6104304245123
17.7793716823731
15.8653960294517
16.5972520244451
13.2195731621134
13.7929486838709
9.06046487887841
23.945907276885
23.575270111935
15.2409313721846
20.352623383573
6.96568439309965
9.71833079429127
22.8985700971198
18.2565828238647
17.8195495614594
13.4101976554395
17.7023796121097
15.4022106091066
14.0240711702246
15.9366779515338
11.6046539300879
7.34310009809592
19.4073933188624
11.2489567132908
12.8457725745568
9.93440885682686
7.05941873131792
13.2722851470398
24.0487127381021
8.81601148139886
23.2313464899035
14.7247936827356
22.7135783446073
14.5220464550495
22.142536298082
24.0793765256174
16.2640960190156
10.4363935314043
19.0000854397152
21.8799560626621
13.7029632765651
16.0457944898223
10.2973942359069
10.5842871134682
14.4833136154075
16.1949240857106
15.6537347994956
22.0198005584872
7.16719683848904
16.216766713719
24.1489341672521
23.9055419774473
8.67007371922997
12.167220353121
8.90068760741071
17.1207425030745
19.5590721408768
8.7021387678449
23.8157725252789
9.71690717641728
11.4480789895914
18.3862723892204
7.63522302311216
12.1194245294933
23.2982128089978
7.08234167066552
15.4968395330356
12.9355199475925
11.6908843788241
10.5454559549814
23.2555032048134
8.32306670227828
8.06783321800675
13.1828227496477
11.6729709215455
23.8020396507685
7.41364184168097
16.9112295850899
9.1235696623858
10.8981913418665
18.5429159447288
21.6633033975335
16.2263006235579
11.4275388987065
20.5946542843505
12.102509485517
12.1801846260067
12.9050275058659
10.6651261957841
6.95422816195785
17.4609449395419
7.80314117370418
17.2540709951358
7.11503976720732
11.6203175458886
20.6012668407382
17.909171195257
14.9837472838113
17.7776046520188
9.2975107037532
10.1822051971617
8.5952151978824
23.8178540523156
20.4328905294794
21.3075907860506
19.3214579577346
20.6214781485812
19.3034554464811
17.0256691104644
14.1846767404613
17.0493836871259
17.2499312203074
12.2731042657101
11.8976639409027
11.1041765811346
7.27775429311617
12.5301661168036
11.7706893795636
10.0372593447447
7.81713708930237
13.4246147032286
15.876189681747
7.30613082574933
6.97427895779765
10.5732874797211
10.1334266396316
23.9529413088728
10.845948302016
11.6080039497818
7.15475573580806
23.9526962641588
17.3841370787222
8.96239411702243
8.98322962391042
9.97166725986361
13.2704928747082
17.4341456468746
18.803064068369
24.149380450424
16.4027230682956
19.7647985613187
24.148387890911
7.01364258331954
16.289299093889
20.6443503714873
8.42512644598657
17.2070116154676
9.33326358321639
7.74630614756077
17.1885445144599
20.6221584829643
21.7708888809326
12.9574788912472
20.4216069548741
8.02401720918108
24.1486295016271
11.0483330833864
13.5720576007914
12.1196293771738
7.2348500600269
13.1699961963167
14.6028514565164
19.475692900476
20.9140754025118
8.4266007849347
24.1481096080254
16.6565435584673
16.4299912195924
23.904069424602
21.0420742805981
23.6618527957285
13.5877237670839
23.2360539204138
22.1424494033849
13.6127765376198
22.1646323650059
12.5238867006318
14.3251163371861
9.76052779842114
21.5562118339176
18.6043906273165
14.0210520026407
10.2461768340295
13.2359679834255
8.27761929217026
12.1789141176256
19.2675051597412
15.099324235129
10.9146081309843
22.5235761009184
22.821632634566
12.6707033807281
23.0671856786406
16.9819464254549
19.2700370322538
16.9939618713379
15.9446059488026
19.5990068465511
21.7593296229492
7.96403225565363
15.8720979037538
8.40432142925204
13.9726549004913
19.5870965762578
16.3075740488541
8.52070499630416
11.0110214165491
24.0885432162514
18.5477711321453
23.3560529017578
8.68510389100299
20.421600630756
7.4677431907188
12.0074141426983
12.3404110402911
9.92204881333997
20.9840160214462
10.9658784303516
6.95923639001116
14.2660417598306
23.2494403625706
6.97827911390651
15.9271400314112
18.0708864157408
10.3217328621469
24.1494336183906
15.7896078782525
19.8539786572761
17.8580462625191
16.2260805514934
14.6958148709562
6.94721840413373
17.3334776664253
7.57031317884436
7.70214203564193
12.0089609406652
21.4285890090613
17.3262032975079
11.0753648117706
19.2056754295023
18.7529713595092
14.1385625752324
11.7656077025368
17.6630801981004
11.8288039799949
9.71129607697325
14.1402757959912
13.0765435748519
22.2326315912602
14.0362939156946
23.2002695255503
7.03381181688129
20.746888548134
9.0259284425321
11.3557975069512
20.2052203164977
11.0628663365536
11.2512241693046
13.6432155005908
17.4776402735419
7.72933458806108
23.8048222955163
16.0307149804944
7.44333256301827
7.14438676143311
12.8703558663231
18.6699257070918
11.842242910632
13.9141433672809
9.47489671997328
7.04651110686364
17.3325029122106
24.1494017298265
24.1499602018769
7.77779087898546
15.5582497662497
11.8474162560662
17.1381984020024
13.0046548651501
11.2312356414985
7.55857387429696
7.34886028626645
7.17356568400632
21.2345626861029
22.3089943010794
19.4600749197806
14.660452271231
18.2722692655144
15.7156861157874
11.511266354356
8.04361672894256
15.0511409755433
16.338823994845
20.4743704392498
20.3215130497827
15.2349043350617
24.1033132340217
18.0151775182389
20.5466925983563
23.4574878480577
13.6318792880878
24.1457104406962
21.1396969489722
20.2633023913414
6.9440672182327
13.4275618562721
19.7786897880586
23.5617750412626
23.8786371452132
23.0003723901019
12.19602409664
16.1027294244957
22.313952115239
14.8493216530075
12.9833821768472
7.33492524350892
16.3090615307382
13.5518186685102
8.06162464277205
15.8630822439668
16.3792163936304
14.4023768100878
20.1788790102185
6.94025866564241
11.73607000201
13.2247049999207
14.0982569485089
14.2527980245113
19.3700923062669
13.1942041427663
20.6818032495773
10.0639915386383
18.6812321736432
16.1806067631846
15.6485774307816
6.97182805322201
15.1748197687031
19.360669561143
9.03316117203493
15.2071740460211
12.5712622352154
23.956086635901
11.6360587539362
12.5799152309999
13.2391218835041
9.47150404205146
24.0510746988159
24.0079483406025
14.5205262994259
17.5760955469997
11.7950150380921
18.5623645030924
9.95044843346266
14.709443581013
8.10462808933881
14.7640973629177
21.8261467146811
23.6919077366873
7.85146972367667
9.28630734520513
14.1824645725088
23.5800691443753
16.0828739492359
9.02789233266814
8.66237820416177
10.7273843526878
23.9913936234534
7.24029672734815
12.6010719118388
17.8188425270937
17.9890052405211
17.726074745848
9.72324110493821
9.58563242571052
23.8005006142046
7.32693687174004
11.9213552023736
6.97481566265196
14.7510773274488
11.1715664349893
22.7407360588332
7.06199295524322
7.01998794075967
14.3578928927378
23.4742174436989
21.0724489596101
16.6435494975858
23.7190392079697
16.1168362829973
6.94060569169493
16.0861887047487
20.1702930960564
16.9146502976068
10.1637836532868
17.5511516991944
14.9807556332918
8.51099518722168
6.97556390742875
10.4939003174258
19.342400867423
18.6656178114638
12.02861245743
11.1055127023901
16.1070377251256
11.8571053393869
8.7376619184407
14.210184294791
19.203086316868
7.04046350666272
7.5199907208853
12.9388373902196
18.8037103214295
21.0920453285638
23.5148298654352
14.4188294390039
23.4665096382596
8.50458991661367
24.1164109127841
24.051545472103
18.4682619438966
9.88190820960846
16.581293939254
16.9363317717069
22.7842302782345
11.2596131690046
14.7701636595318
21.4950652161729
14.7895641637685
16.6863593455179
7.16656320334703
7.02176554673265
14.1694180192225
19.8664787508497
19.294836586852
7.39768571280597
7.91906551587007
19.3936663507743
13.2518145002781
16.3943250273875
23.1359564799234
15.6792338189821
22.3049690847929
14.4251204425391
12.7955988666474
7.04478145917046
16.7354396729777
9.53750297738527
20.1163337060781
9.2536432759743
13.6099714626595
11.6116671043575
21.9612419653676
11.5258317385369
15.4971947116196
11.8230283768478
22.7643195202234
16.8068321375322
20.4929667451123
17.7439919514714
22.685062279299
9.95316101201541
11.3403698828017
16.253968689116
17.3492003568716
6.96540645687688
10.2992187849383
20.7423466756562
21.2127474496023
9.88149586872321
12.689707242743
22.8229985485368
19.1690628166289
22.674057628456
11.3426178255139
7.38534750529363
17.6273994902291
13.2525033065461
22.385288912168
11.934495965816
8.92475104574016
22.8216603941552
16.1427646310228
11.0874962269221
22.6341098917507
9.65044645560944
10.4670444014471
18.4253215424127
11.1591028740085
9.07709884377935
13.8996475434802
7.54684692564193
21.9669843077706
7.47768778601121
19.7164796270231
22.8138694952351
7.25716752884972
16.0382368045761
18.6694865814459
22.6631474952757
7.27930560395805
23.1824886734203
18.3519053379082
19.0809880303867
13.4875771062596
13.5163543887445
13.6397672655463
19.9554500091535
17.9403670672433
14.6608288699375
12.7481337401444
20.814804126629
10.3232624851775
8.32411477191626
13.7928298303992
10.4261939902894
22.2826314271099
11.8917653895799
7.12287501814786
19.479325428256
22.0886366519575
20.1198350165243
12.0884509387829
7.73602541400885
9.78304281417917
13.6718137879839
10.3129220645499
23.0481421991709
20.4492818787096
7.34226449982112
10.0308147251827
12.4745160371135
11.2384286515368
16.379769257997
12.7615842426489
14.3247307501395
23.8033425812982
19.8310530544132
19.928020883412
15.7751439021072
8.31063144389813
18.62163632135
10.1024901109416
16.3455922741735
13.776110213988
17.2989680423815
23.2357753320517
15.3664786944262
13.6816229153853
10.3120690080604
17.9617374582743
17.8662826177106
12.7762998339865
22.4307742871753
20.2478003560976
19.2557001012071
17.4365234800426
16.2604868820181
13.3722796782119
7.61988508421284
7.08989687507554
17.5301494071211
14.4793307984112
19.8953352082366
9.70972981461409
11.5776234975668
20.4239483475423
15.8930938967705
12.5828819698889
16.8700158119688
16.6155998409406
15.2307841695818
10.760434056543
23.8792627256664
16.597382731659
15.3912356800225
23.9410682336629
10.9855236088032
14.3394386568054
20.2328058417191
8.79215965806516
7.20743531613091
13.3662981644125
13.2471081204025
15.1826320320913
13.0848055417802
17.1263843078214
18.7005803562149
17.3856294187035
23.5448681792539
18.0543871618813
6.96360605514929
17.1957757500085
24.1252920401057
11.9250389760869
21.1816653683705
17.3025508916126
7.49954715697216
21.6346330522544
8.37093179492968
10.5098614963606
6.94305411916784
14.7837768565978
16.8399022671818
14.3953416821981
16.0574605677552
17.6913848256858
13.9022724143783
14.6138106894873
21.1971365072964
20.691473674418
15.5144292919269
7.64415210438111
16.2140486542031
22.8382851898588
22.4869938536879
14.6756278383734
14.389192798568
7.26641475141
12.8705788968272
13.7586886417356
8.30663054392392
17.7264433120444
17.5988816424148
10.8306943208733
17.8530541492983
18.4965163011593
24.1211829084124
15.4618813146675
21.6495056704981
17.8820007503579
23.8533647713744
13.86843584343
6.98242000244583
13.1715153074792
15.3591455950497
18.5183094586583
11.6704404894717
11.5441482358146
12.4944060404689
13.1877144722557
22.2050519342847
20.6212258986332
17.9148143661222
6.95883827727322
21.262194439314
11.37301728368
12.2477376688106
9.90013704276758
24.1153619603717
14.6372221629186
19.5515789880539
10.4624320927345
24.1405257429654
10.226624397053
20.3651331649139
13.6501289589635
21.577030053634
7.8903259904415
16.5017884940674
20.737602605194
18.6965135753528
12.1104813281524
8.42530517237515
9.19362735149983
22.2493335572462
7.45264082811477
19.388586565018
9.81079789059931
7.20486165236638
15.5464045214442
9.65070971005929
23.5415837989184
8.04484312126371
7.99008826469169
21.7847712807377
8.79424090474611
12.5251160564799
17.232371598187
10.9733815567328
20.6291892350146
13.3537057090109
16.3820135366115
12.0114905398727
16.9622518823349
16.8941087292344
20.4925350207231
7.04865063858898
8.65966042462084
12.8431714436546
9.08148444461087
8.00258042344603
23.609709330739
7.1127749191956
18.0322690348968
21.4143321997492
8.15058733627948
12.1065638799045
17.0584370164647
18.5984231204273
22.1931222438464
23.836265833521
17.2572562020604
10.2863434583746
13.2272408602798
22.2174784361486
8.40686697840004
20.8248600380527
19.6231199371255
13.9070946474498
10.5378193709251
18.1533342442719
13.0429596588054
8.20655907815472
10.643931520231
9.9739715348029
17.7066632925331
8.72648439216351
6.9580725989709
20.8502250776144
7.24992857467271
14.0239214990755
20.0768588101484
12.889457151649
19.2802018823223
8.02654302365604
7.64801679881109
12.4389932647845
18.8178047165463
7.75809213674444
11.5090182141253
10.9103863797432
9.51787471185435
14.1500280803413
8.33873760057829
8.69358217868677
12.1574783926097
12.0404005168917
13.9766946967513
22.3772375938235
12.1838340397252
13.9910085160986
11.7870245737689
9.53279939168003
14.3517716697632
7.77104985990364
14.2177255101561
22.7787147112203
9.36169661006191
22.3849017885968
14.203742001437
17.9124035665052
14.4097609653389
12.364750100962
18.5574746154245
19.8277870961672
15.8514438444851
12.4619944172217
10.9167353397836
6.99158887888455
15.2772871530604
9.37046630257903
20.1090753814902
8.75471593849459
12.795262013688
19.1678369619646
16.8637223503252
12.1372092373467
8.90971084785943
19.707815069346
23.8196165766568
10.0774498055707
14.558152963377
21.2198500038755
11.9851386580425
10.7139325341647
16.779002115257
19.5321998242639
9.32752163757363
21.016662171416
10.4792766420715
23.654078573127
16.6855607750411
15.8259719814938
7.30544632448302
17.7526444738472
11.9822124248291
11.1128661230026
7.87999262147174
18.3912620413121
22.3341141555356
12.8349219464883
10.0327981212058
19.1653474126404
13.0999207191215
20.7911183355868
21.1019309261176
18.1363834014782
23.772606294287
18.9344084218338
14.2291230895698
15.2982647519945
6.94584387666601
22.5238990097164
11.6035580243613
17.3034382783505
17.3319651143431
15.8143943782866
24.0625064017334
20.0572507557826
8.0617909950721
17.4612948279788
18.0815134594377
14.9182603302204
9.12694551809186
23.8862711633759
19.2466526061234
21.6647329548604
7.40334973005447
8.62930926993376
19.1358805192995
15.8528128564512
16.0099889681617
20.3315442688305
10.6068563951717
22.8648060126838
23.9526184733036
18.6519775965392
22.6009715886983
9.64520203364845
17.9709547616661
22.2215129631884
14.5504263765173
12.4045649634075
8.6205926710349
22.3130528386454
10.0846625392607
21.9978716225526
23.704135510531
10.6391492780907
14.4788917532623
7.86761523095822
15.4114316855604
16.9944841358658
10.6531784898606
9.29595551569281
10.3196562152956
10.8764219978602
16.0165468650174
21.2306121176406
17.0561962924929
15.2323308912221
12.0907032966699
13.7096374290082
10.8239983276896
23.5579074693552
17.7898057340686
8.50862719835497
13.1025288519683
9.82660133488679
12.2016812071126
14.7521358418866
15.8174649311596
16.177819895569
12.778552861795
10.0051535454134
24.0023040153995
9.00460916374047
18.1226668636941
18.4554324147702
10.5906253251173
17.5150704379895
7.16423294201149
23.9509421670256
13.9778041561635
17.7813884514344
10.4606657738723
20.9192054405031
21.6282670526609
17.4197726427298
14.2844944543074
23.8814610631944
17.6749617242442
12.6665842399541
23.7715304620409
13.1347131448853
12.4256501320036
22.6038864643456
11.5154338027381
19.4804958713846
20.7993366822747
21.8367469060528
19.8540576826621
10.7452249352402
19.1093455027538
22.6367914791436
10.6046407575656
20.0406512807162
20.5413218849039
20.6411003129209
11.7463644193569
21.6976848582461
9.51600943388786
18.6752761885505
22.2949743736893
22.9652452242532
21.1073617456245
9.86149076635744
20.3845536215287
24.0512248744546
12.0989737952768
16.6351309041786
19.6074669485207
21.1084829101509
21.3235673972307
10.2550261995364
7.55184140624536
21.9891531244595
12.0288199188673
23.9173146599687
8.81662460562756
11.9013198498348
19.1520857179878
21.9603499329913
24.0776829830445
23.1232372788261
7.66252401572322
15.0819631371611
16.6368929209845
11.8213906958454
19.2088315939512
24.0108686148956
22.5898094917031
17.1153858758029
23.2564683031814
17.9299308518624
7.09166863332466
9.13422998356671
19.8613575636325
8.27776005600863
13.2671418632026
20.9752883700245
24.0311892382518
14.4045106347856
24.1500449328909
14.8511233228202
19.3779863144616
11.0933488688325
10.2807827619162
18.1596211398047
11.6979226458092
24.1488606335718
12.2445072921403
10.3046561889594
21.9221830465393
11.4042031368121
13.8788521880889
20.4075534785091
8.77940135959632
24.136973738864
16.0229861291582
9.23214800618439
18.4518328060436
21.6997094044868
18.0828826245965
12.5609400820195
11.2297912335816
18.5193222531707
16.5339604835518
23.6634949800636
11.136101436717
22.7673876965983
9.09907564861239
8.11091934849697
16.4525929337969
21.182507256318
16.1453863894611
21.6816645286208
15.7053490988912
14.5017295805865
7.38218543281676
23.506876735485
6.98298278883928
18.8174940477989
20.6847614402785
13.6662333888384
12.4816119564826
16.6323214943101
23.195831006758
19.3556322755033
18.9929806393239
17.6614143462168
11.2753793163633
6.94135175352353
7.4625383694962
15.6699309272513
22.2825277106655
18.4313498873925
6.96334710126611
20.7317173790293
6.9666686627756
13.6269216241147
8.02019698940845
18.2724859516158
15.0302794342718
16.6002835642951
13.4838747614181
9.07211788782012
20.2576737410914
22.9533258329251
7.16811803313822
7.61825988561431
8.40805244387186
10.4835121590322
19.9749810073979
8.35563307206363
21.041529493991
24.0490555133345
14.5691808687458
16.0003009151084
14.0130007259341
10.3974727906751
21.2359871552803
11.8627041986492
21.2631039517639
16.6198025576959
23.8811170825945
17.7407487443048
14.8748653054599
13.5528734351743
9.89873606072607
20.574400609637
9.70318822814406
11.4923603534564
11.9079582574113
12.4147962669059
7.21421909100318
8.96132428493192
11.7627113717005
23.6548170359692
19.8083125435011
12.4581110268612
18.2837279227981
9.99369803058068
6.94012815455174
10.6708543699965
19.4583276484002
12.2576023357938
20.6455574109272
8.47369049879425
19.9798848223201
22.1526148982889
21.1646136748532
18.522047469676
13.1569995591574
19.1421451381347
9.37139893141479
15.2733946120754
15.423123083911
24.1073274946813
15.7257226925867
11.4945159324644
12.1167938742041
19.7770367122269
10.0868782094742
7.69624779244971
22.6470571588622
7.26501326140191
9.2450293939471
18.3423036535831
6.98057891467763
23.2494336054027
8.00202685997469
12.4404732992244
13.5986428898208
19.102032481551
8.93232822132926
22.6788797841019
12.577518196035
13.1833063878124
16.5191350173615
24.0331441619916
14.2748016152901
16.7887524001953
10.8362797339125
13.0193636265749
18.1219263044208
22.1847366604908
24.1214749126261
16.0781740409269
16.4915702943232
9.74051906718117
11.6468196867071
12.4547545151634
7.44462432751839
13.1721441839901
11.0954327790392
24.1211744438183
15.0133294992808
7.86510868334126
23.2473136612298
17.9574066254615
15.1500758696622
18.1047279001102
18.1872178904241
7.10375715703448
6.98768385259912
12.8511006023924
7.06081814548119
17.2159715617979
13.9341900827191
20.3850134648519
23.1448284462399
7.6636850268275
8.28608213198217
24.1482649540977
21.619168931718
7.28736130849371
6.97739031189522
12.0608935984342
10.7152684146339
8.60503864901741
11.231359264054
16.9997625665642
10.2511782067373
11.8096770582951
13.0173194411879
15.9231272004097
21.3386458826866
10.6048016006543
10.230551792311
24.1498083329933
18.0284899415369
8.10496055779822
17.9712561290829
20.5255171629495
16.7841535372854
16.7121911916185
9.82985873512868
18.9066547659919
7.0909404051313
14.3404137064729
10.9368376343665
7.15289427141007
11.44007613934
8.75049968933599
9.25897008054936
13.6036149395886
7.00923510545871
12.193381816451
8.39104666216335
23.876687661961
8.55854491478084
8.42496710233559
12.0089768641133
13.1771136622688
19.3554377604432
10.5764071412043
8.26840443076604
17.6617506828276
6.9892241791615
18.6311896667702
15.2032314194985
12.2022902687739
15.5310328259257
6.99270068762825
11.5781702854957
15.7093753868309
22.9258463378617
12.570504306145
14.3337026724499
19.2481882671469
17.8970566390208
12.9184255758376
10.5603474284127
15.4349231909516
19.8336703096096
8.143632249943
11.6562994802636
8.86506379974121
18.3637232870237
14.4979225557796
11.9284757955967
21.7249120577923
22.5479675712207
13.6191302788304
13.9765456220793
19.1774192382075
13.2755338387393
13.6309646781192
7.10564665997776
13.2824035891618
17.2980621663124
7.37068728406484
15.387695893039
21.6087465406001
12.3391441639787
16.7838513004192
18.9362134185079
10.9412673405691
20.9118980773577
22.1561700006589
9.45153924262753
9.68067039642805
12.1969989378891
11.5375282694015
22.8637990138083
14.359687973878
11.6593817581847
19.4563749780815
12.8263997899551
19.0217561743774
16.6325728522905
20.983039127504
16.5919755949117
16.2588175931058
12.8541058835302
12.1995603185382
23.944208850262
12.2863657809829
11.8542786092768
19.4078166979547
10.3985901789147
7.31137229375857
16.3671542882126
23.8451658449884
7.00181126231973
12.3847008625669
9.13615647616229
7.0773247334841
16.9484319657905
19.3753984538039
21.2618586887079
15.4650574751885
11.1498348825214
14.5090116402551
22.9458778029868
23.5806078390862
14.0936116680113
12.6520177307538
23.7005919352231
13.5501875510387
12.9197056425461
18.3764358143627
8.56501141699578
13.2173380706088
13.0700061240129
12.7154600121857
18.7602375718386
19.9174884606656
13.2100986683989
14.3552941150365
17.8600613365047
11.62858098401
23.5771611503281
7.39106275342294
7.80569544748219
22.2564427670788
15.3153800932073
7.40205162495132
15.5122277393174
15.1380940487444
16.6631359327544
8.97944018464861
12.4588832737736
20.9432393407542
23.5411292217078
19.1336219963885
20.9977319538701
18.9211000482968
17.5394260072135
19.1076674937895
6.97345817103583
22.1250127637034
6.95515827583294
8.93327133185092
13.8816815497337
11.206680472953
7.87088611192081
13.9566042100945
12.8478886128304
15.9833986108014
18.7452343750947
22.410302699228
24.0617495143118
7.64587768179996
19.4202141826416
11.4210427642557
17.6393620915421
14.9287873558004
14.8556427106476
10.7544730004009
21.6190505573626
13.5273438975222
13.1608225917641
14.0254974611254
11.6661410150898
22.0920236285459
6.95557143269493
24.1498804131434
16.8298725659627
20.4764954719577
16.8367268453112
6.95660528480559
9.5172287209216
22.303986758057
16.9200896423014
9.45035400147762
14.4215626433421
13.9887574324017
8.51615480999621
15.6152361486512
16.3030817773655
22.6629440520755
14.2067731295577
16.2021330898594
15.3476959821621
7.40972696565457
13.7848834277768
15.0541662013345
24.0302067285339
22.7011752352089
6.95560739835055
24.1284110957812
21.5815614506876
12.3576944181321
18.3640664756763
18.4740030467623
19.0015570083459
22.1577651083472
24.1336667110396
10.2969400188349
12.3670141419333
14.6781226722288
10.4981448388028
20.2044621738385
10.6212612830406
12.997724648864
18.4711688933339
22.3691102163192
11.8618535558462
6.95529656952908
17.7177507188629
13.6445051903551
21.7302108360152
12.1280825257358
7.06887986152156
6.97158434683054
8.18911813782188
16.5040481432376
10.043999411756
6.95567840180288
21.0573556145996
18.9599227823443
7.53820128302382
14.6440589513721
10.5846703264611
15.2582880785992
17.4198515567296
14.3274533329553
22.9941125924092
12.2523113682307
10.4473491140132
14.7066317507108
16.1902177282739
9.36014956735787
17.9665712459022
18.9264447721328
14.103376567931
19.7056438302297
7.61574135433953
9.08974485387052
14.9874470686577
19.398226581026
8.63048993934004
16.7764307688027
20.8923451329912
21.4840252759982
10.4299892779424
20.9697475497488
9.6938749911691
16.4860763829484
16.4722609864377
9.97426439584567
14.6211279579477
14.3298739603507
19.4681810367296
16.2513959111988
7.61165901625621
6.94884661920958
8.41694906756207
14.2104335549221
16.496188270076
6.95957788153662
24.1208115683472
12.8311343770528
7.85595593861035
14.4234925701409
13.7238276969423
20.8567091593728
12.9910705378335
10.7185054704078
22.7304132892223
12.6195819138926
24.0699401973778
8.86632909921892
9.17342590747285
13.8172983648673
15.0626934745411
16.1380789562052
21.2103501375133
22.6948883940114
8.73545636094585
8.45413636244607
19.442096623668
19.7677728771052
7.24023881418612
14.0185551793237
13.3454411595861
23.3967946183456
9.94734086417773
9.97329916651788
10.9288043133588
18.5885815065762
6.94072392776763
18.2796622803991
17.1377366700182
12.5570571272225
15.3192064198974
18.5128744285747
14.7131963034179
8.06094925170733
13.3820898947082
24.058933348837
8.93640163793284
23.7949243564231
20.9217210919929
19.5848296540991
18.3702708965301
22.3437969158648
19.964127900478
23.3882489206802
15.8307100796267
17.0555569245832
15.0544690804607
11.9256557824913
24.1053608757112
14.1553569955385
7.28822977503833
18.7808636160744
11.2340584544124
9.10655881255455
13.33069473817
22.3260614542122
10.5449141217852
15.4808954164851
15.5004476012316
15.7320909607906
17.8136104318851
11.0152225047045
22.6279454812655
19.7482079969755
7.53849845237659
15.473000329962
17.9628714337208
17.4668549560731
10.1453307879486
17.38044197565
11.6862134756405
21.1555375634801
8.61768781082481
17.1982022451536
9.26620353680353
9.24071106547165
13.8755068697179
10.9060634100803
11.4436385083914
21.4114332892296
18.7589020102541
9.66238870130507
16.1235535173009
16.368323698405
11.756305668512
21.6749337470556
16.7155587545605
8.40744974734336
12.3492746964379
9.0491047053796
7.14044358521842
16.6356798184651
9.03154950106464
11.204027129795
23.5710094928495
21.1399012618374
7.84211119611494
12.1938531762823
17.6163463592117
11.5963331190084
7.63214059585928
10.6973500664378
9.44172416281177
14.2298403800896
21.8676174182691
9.66876593746475
8.70818570442173
22.881265335447
7.28877046000153
8.00280235669491
7.52453277233814
21.5487320130217
13.9598410543696
20.8604779888215
10.0698217202786
20.9567438524401
22.5481888100862
16.4497484692194
18.4098065820549
12.8175463511707
16.5323297126209
11.2973590190147
6.98313398457666
22.8590426764342
13.8623334511609
16.4030448801028
11.0126647619572
23.0920844791094
6.97567749075116
22.6384721803116
18.1507784769525
9.07915351741194
21.7835516081038
23.6248876668562
17.8058671192385
14.0181792797877
24.1230687226831
12.0817110275306
7.58468378113696
13.4391817687649
23.0564792749902
17.340554047896
9.88521609527885
23.0229680310902
7.52593266214625
24.0223893480536
16.3166459544455
13.8839615138572
11.0496502061853
8.16373633139722
14.3966873702876
19.4392071199386
21.1609093823353
17.6039428911
19.7804469350524
18.1020222842789
11.1556088683127
24.0659361367815
23.6466427940279
22.0073400415412
9.18809354412551
10.0612590423095
8.8067805146982
19.7978069092658
18.8620776814357
17.6274723972352
8.90044548679021
17.9873412511972
20.6329309651759
10.1632297250667
10.9441578320427
7.63668115243488
11.6663218633591
23.9567798736797
13.5930364541074
8.30756568402595
16.060328557027
8.66734516638949
13.2583020664284
8.45901428070178
13.0279240024348
8.34647582446887
14.3972790567025
11.1344134412429
12.8736007851988
15.0295406586535
20.4889172987143
21.7994409984463
10.4618979638231
13.4042481057832
13.9804971898549
21.6879348155296
12.7821873516157
7.10104375406832
17.2065769175093
17.9279113493662
6.94582643350371
16.7575546705821
9.00934212627393
15.5251447836299
23.8890854863295
23.6881309056945
8.32377582156047
16.4994573989555
9.72514306392544
7.0502702892153
7.1446734027332
7.06618176054969
11.5806045491492
10.6871888810856
8.62007457015789
7.72863970929515
16.3001378089743
16.4199638239578
7.67009086742585
23.5624572476823
19.0842232014105
7.31941484161575
7.74550080992103
20.3117684262817
17.261219732263
7.23011682588156
13.3432297625445
16.8160520601954
14.040441562754
23.3945301935412
19.4447741188144
7.10161747289529
7.45679015444332
20.6440091019293
22.6076906160617
10.214372192444
23.9153306614175
13.0849383923656
15.7038302253961
12.7336638334783
12.732833373437
20.6484640148245
6.94451762049732
11.3560397812814
10.480636892452
7.86029898681701
18.4747154402753
21.2682202759992
8.4623140595598
12.1008619147694
19.2960453331025
7.18691705705213
13.6139624427998
23.5123777821193
9.17689334672669
7.19465799892563
8.77512187922388
18.3511897183878
14.477085318578
22.0457623384209
12.9657144036956
9.12064353479714
7.14359097064679
8.39581232311451
21.537867438129
9.57072289414557
12.3585789007769
21.9475362685789
22.0476767828249
7.7359584189704
6.98776363007339
8.07314408635029
19.7608821770466
12.6541311348887
23.6037901570284
24.0758981134717
6.95944246252853
13.7042207659453
11.5579323212389
9.10073613415578
7.05130683637634
9.03221505345208
18.7092645855271
12.0100502513645
7.07966641706471
12.6999738207599
12.6829631609209
10.404726238041
23.0517098897859
13.3743394136753
16.5642479153097
21.5969507866496
11.6964407723285
7.02581443798279
7.20338189044107
13.8992083715987
22.7578021660532
22.4143973505684
16.4888812031971
24.0669072210135
22.7665201270222
11.6558763194339
18.230798255819
12.1064164610764
7.01565999603842
11.9384446397006
11.2687674853393
17.409309056192
7.51199270041237
7.08709750549246
11.2459596946557
16.30721195867
23.2489528230347
16.4029285651669
7.28600003421931
20.7634551383719
19.1268659695288
16.3109130499711
10.7349927813974
20.4525550232011
13.6535917783187
7.05227716839413
21.8653529155813
9.50751619859224
9.64635964287383
19.6253713089216
14.0460471877352
7.4070299622287
22.7870494767806
13.965402490464
14.7032620550537
19.7815140095338
13.3874810800265
8.73255106276278
15.1670780176386
24.1373387343651
16.224918775012
23.737984782614
14.8002018718941
20.8446027880359
10.845383681968
10.1058837269013
17.8419128552846
18.8969502257546
22.8449215148925
12.3248002854018
18.2982816417903
15.7113843777391
9.22915815204186
20.18164114833
20.5455375863886
24.1492880626203
6.94452565558038
11.3730779647429
10.8568504209432
8.48799262335487
6.94158063911445
19.5629379048739
11.0059822480908
15.1471218603666
8.63321177558385
7.06106766219331
22.1898816517234
9.90174468735181
10.487432171416
8.45380542824543
12.2902707408169
7.04373661948538
16.3665747178942
6.99422331333535
22.553472227393
8.79220874134908
9.79038621613805
19.9367869431999
23.2353295674279
15.1512680918784
9.59289030664577
10.9016546149968
17.7339932333089
14.7483713654491
18.4601179652452
10.9651045687229
22.8383118552758
18.9692146466368
22.0775155883327
9.83044297628947
14.5000209387607
24.1356173810733
9.96986367804002
13.3789746535003
14.385510546703
19.5154635710911
23.8134770266346
16.6567195823899
7.15737596447035
16.1158451888656
19.4533984985645
15.5910337185464
19.4591431778225
23.6670681104532
14.9932511757749
15.3722400497411
18.2126482295278
20.7326916636027
21.8097397578927
10.6217842899824
17.2692911206574
15.741560418942
18.4158717418148
24.0718184683545
12.5472461273914
16.6344587296736
17.8498625691553
23.7969202064004
14.5166299722967
9.00274363379818
12.3427750612655
13.4237382422927
14.0465810296864
13.9545361777318
18.3710262506168
13.2496221532928
22.4016652372846
7.30820019547925
16.4382155080929
21.3334658140392
19.3385074840242
16.1627772887056
16.3397431078452
11.3496812421093
23.600870655632
19.5916713647921
17.5495749106313
8.56220707789811
9.48432905109949
9.3414826030356
21.703775995424
9.28750865900865
9.42759187947473
18.419293209268
20.3984167984717
7.58632217606783
9.1223478190499
16.9854038196979
9.58167668221602
19.1531484007325
8.76435797789904
7.86455038906557
7.30926604465801
16.9249896309587
17.4570192345382
9.6652596746992
13.7622498466577
19.5047341228863
22.8481524220588
12.5139759265063
20.6481978330298
24.0736250494591
22.6623013879302
15.8276122847606
14.3053635121828
7.12233481117701
22.6159637088287
22.5749455306107
6.95589954572437
20.2209331339365
9.56739851169171
14.6814110598925
13.2322258681237
23.090887000165
10.821676965873
20.6282088752151
20.863897832182
10.7341286277718
14.0647922709609
19.3590801606808
21.6068151679858
13.6059486999481
20.4625135481785
7.28718430962936
7.20551382224329
21.9597018491624
9.7272630371006
18.7309471797888
17.6926235541585
11.4258187847468
20.7931532712377
12.8104715322256
23.2750911216684
23.7703576721492
24.0324125436822
9.38649692010528
13.3018643507455
20.095175137842
14.2424615553938
18.0632907100443
16.9206689851245
21.3946333143583
9.24754685790876
10.6019875362363
23.7670845904134
6.96493611887669
8.09968825073067
16.3339635378583
14.5784945298914
22.5636858598299
12.7118171974787
16.5373944355123
15.0550967370569
18.0255652476472
7.7718775582442
13.6907261033029
22.4612128856891
7.96140541089765
13.0179007078263
18.5103235101364
21.9281807243994
7.14763900867233
7.3564368833864
9.02515230099381
11.2485158635912
20.3454486693253
8.98324242693744
13.4845605840184
18.2237101640824
22.8536319882559
9.19756731693473
9.45618476855339
7.12690583387242
16.9420507957084
19.5621807581809
21.9036951621233
16.5610529976839
22.9251707682101
14.3242438942149
17.4616890575573
7.19858567910342
7.30022814773466
22.2348290657178
18.6433169377324
13.0274159557696
8.70040629975925
18.9357585220429
10.1184940780847
9.94617432132044
18.4620059647886
22.2715164791696
9.1748716272768
18.7924635862007
11.2418460732835
11.3260429703335
7.00204710605609
7.45615962233075
15.3448582573171
19.277304175517
21.6790958304004
23.3323820113634
7.03572838629648
14.0440373067648
23.7964565772331
9.78068071929618
21.8037869235115
18.9914605474319
8.33634914949852
10.8387745576144
23.5711648938075
20.2807188855022
20.6748055192207
18.2910757006453
12.3140598796996
15.69452940856
9.51054075770527
10.2521161558468
11.0628062964431
7.3140397813486
11.7084453238848
7.51718894559909
23.5665100503019
15.6563305034834
6.96929063715036
17.7321375652792
20.6491771014965
12.8397868636505
7.9025614651765
18.5986065026429
8.41565170648352
8.38332428924074
8.75103352362106
19.3503900467528
19.1388193364781
20.5926860871315
14.474224185838
8.09332198523283
19.8307071897632
8.85455462862731
8.16957455309239
7.06224241497194
8.70283100658108
14.4806122421671
11.8076151121713
19.04971177004
19.4917506567258
7.3663536559818
7.40855654672528
17.9233887276752
10.3217032731307
16.4611261495527
19.9205873822339
14.4612975268359
17.8351734355647
23.766928131055
10.5691910547185
8.0273072274602
13.6883933692544
22.1216308734974
11.6433058743708
15.3024523488761
17.5122541835496
15.5633094923953
24.0931467800596
9.04532258650751
8.22633349524022
16.495545907969
8.57818826622455
19.9204354880733
6.96362770579903
15.8519428279772
21.5541506713673
19.1401413090791
7.03519486160526
10.7426217582931
20.7741912166139
20.0957724302184
21.8779276091361
12.6453298685282
13.4414935967262
7.81831000267232
9.40661329426876
11.7378194973816
16.0194968392886
15.6044168975162
7.42286572210478
19.9939001201066
8.44783846108515
8.15021237029596
10.1049992016069
14.0281201916654
6.95411186235461
23.2643509550708
11.520394762374
15.1500890822052
17.5865858989182
19.5357168204088
10.5931070448158
19.8784774864018
23.8055139422438
10.4699988184281
24.1490207756839
10.385887406538
16.6939027742232
7.35156087646754
14.3375874679267
9.50094411381865
8.72007518585208
9.03391845807992
15.4162505227053
24.1383644345218
15.7356117444257
13.4979298562543
7.91028209846889
12.3709870656931
8.34028846092002
18.8957766193253
7.20439212229761
11.0924242515683
11.4564546781873
23.4412451693518
9.0378681868475
12.1055543081759
23.4745832813268
18.72840563792
16.1470260697076
24.110136377983
7.48507858870286
23.6297795638524
10.4191904654988
11.3635107429547
20.1925675115539
23.955733695564
15.7935865922798
23.2461189243413
23.2129423929464
22.3631710399035
11.4918586403722
22.6701090825047
11.8614181430721
15.1055328124509
19.9385783157029
20.1215664314919
14.3432524244551
12.9363468193949
15.5784899560091
8.25888411399832
7.37825662704692
12.0695770102838
18.6856229634254
13.5182383491659
10.3655683886572
12.5622536207357
11.7566994333911
10.3919645215594
17.3658024800412
18.7113829953015
8.53289172691953
23.5527986402997
11.5532213845074
21.9494899938411
9.8899446637254
6.97169649636623
14.75694513352
19.6083102835771
10.3451350850547
16.8893548964788
13.0599798913986
19.9070737185441
17.705200304912
21.5357058362265
7.02599231543828
8.49502686556313
23.5300849503603
11.9714685883675
19.8253242948851
7.13442731955364
13.0714336523069
17.8916998380146
7.65794376588161
23.8806667308145
12.7404896323185
7.81085320697445
23.446128699074
19.1088304630502
22.5612525191824
8.52583428865486
15.5087775432608
22.1737420454274
10.1797558128081
6.98251546302714
17.474825737752
7.03225334530139
8.77820617424019
12.6275110251763
20.6467837886506
17.0627208012242
18.8128738304072
8.41676342228491
18.9517614186184
19.6626155266389
13.5095026633813
14.8373639355501
21.1478348719041
12.5658099391025
21.8306042646726
21.3227538819169
23.9691458859222
19.9536937620727
19.3050630819321
10.7680670803612
17.9443449700801
9.97409881767926
16.0139166232321
10.0397331970871
22.1566817326018
18.7346920940744
10.0468600828739
23.7152586822194
6.94086154756651
13.999200163594
17.610966137284
21.3395427867992
15.2009936683256
22.8969237952653
8.44983366425787
13.8876860775712
21.3609380437802
10.9931585962595
24.1492671075886
21.6462570825719
7.15735052098744
13.0957239758773
14.7489206856444
22.4589896742069
24.1449623417174
14.8640430012939
14.2726545426402
7.04739979756905
11.5415337125802
7.43442869409492
21.3083347686958
17.0240730615902
8.01285316231296
18.6109311963631
23.430446716708
24.1501406320862
20.9249715561604
10.7758209014197
21.2493389936268
7.82448655836806
16.9786486790155
13.8237749603201
13.6619317564935
12.6658019141464
15.5481016227229
22.9430393766345
15.4525758211896
17.9440773462158
23.3343801512214
14.6104782642026
17.5785906249808
9.23216633566602
18.4919868727318
24.093458564613
18.5026745152203
24.1451583202443
7.41759218792424
20.8200726589924
24.0034720408616
16.2453305181518
7.49400422813191
8.19143047580845
13.5931198127743
24.049227373759
9.41096959060037
11.7350961512149
13.3302010335934
16.8756149213929
24.1360852404865
9.17468050314496
9.94193885771621
11.2188827276021
19.0288015657487
16.0465997200888
17.9504882541183
8.3911788637176
7.46895678374934
10.463930387952
19.1151205358536
18.4827940330937
11.999434034043
15.6256719434179
10.456805464018
11.2072806005082
11.128684023911
16.0561916286696
20.7556583945285
24.0432403120672
14.4511135000877
16.5696451511563
12.9034349011883
13.432051644235
20.1298911735814
19.1686689639237
9.4185625586438
18.839912731746
10.4128634964461
21.2210106449251
18.5086488244426
22.3386520179633
8.95418832219614
11.069939147661
17.4670197997021
17.4464979766409
24.0610593400647
6.95323717342236
11.3849848510144
20.6928989333831
11.6098016967793
18.4944771452429
20.2145763385372
7.52266205475973
9.94610999444242
21.2854696785109
8.02756570947703
18.2081297629304
8.14170922352659
11.8106311160746
20.8019457041585
10.0343776403629
21.3209966701514
18.2411660822154
7.14558877905304
22.6844098650865
7.26301323633792
7.46552696429997
16.6763920650145
20.4337419926949
21.4457997372058
12.5178811098259
10.8296630885385
19.3587637213267
17.5964382751949
11.3367542036416
19.930770901232
17.8008761715505
7.18151822205325
20.0258519800874
7.17876628865683
14.3100872038978
9.84059970411748
17.013494813238
22.0773205683495
17.53557686848
9.30270389017036
14.648667012391
13.3485329798579
22.4702050077092
16.1227703882905
15.5849783671542
12.3293837605444
16.7470148753281
17.6405001771261
7.70964128926525
11.6884361305848
20.406878034643
19.1839428509198
8.78431150139108
21.8579004914352
20.8398821266824
11.5422122083116
15.526226925856
11.9632881332363
12.2168771064311
7.65967040581011
14.6801825798249
17.9270250671284
9.32732824545281
15.5019746518591
12.0532841465339
10.4801479037013
10.2923892839524
8.44698664772084
12.6113544884718
17.8572691271675
22.0213211144529
14.5858363624837
23.4213830159857
6.94535988569863
8.72972465595705
14.0468854546326
14.6864699599501
7.43987944212236
17.5729978514197
23.2543985602831
15.7933200848597
18.6661660349753
18.8574943107063
12.8626971537051
16.8511922362248
11.8737511623537
23.2432828786799
18.0033999052853
11.3191355009637
13.7923816727463
21.7312158209899
16.5013940657475
14.7657766826871
6.95568494319615
12.6830518249459
20.9132449852102
10.6106634391812
16.7123715001558
17.6593295017438
7.02861992604091
13.7720555548426
10.4281752210768
8.6752322123443
6.94293864292527
16.0862716611749
20.6286702356573
12.4050530328396
8.52718965164587
18.4844991567523
21.8418991301725
23.3871119171648
13.429633497151
16.7130818956578
16.0092751867002
7.955656840165
20.5126623735027
16.8776760662059
9.43957803862015
22.8551747189002
22.1006804003498
10.9477835233507
7.06960108432169
13.2620369692666
7.34218527048855
15.3882956935543
21.3140387467102
21.1762753837244
11.8002961339455
16.8297681769483
10.6152022881534
21.735865780381
13.9895536128695
23.6493663232626
16.1685235814869
6.95889713361384
7.33255641794318
7.19482338261629
13.8702650510003
9.10552664136132
23.0346985161746
19.1885916553606
15.7151808415137
24.1498971196378
15.5084141433696
14.5168390035517
7.11657843919626
12.4372679520584
7.92052703272164
14.3458529501436
20.0405623599864
12.0549748697448
20.9049859504003
20.0147675613921
7.31440320647568
9.68180495098925
14.3421496824944
9.11731915228161
12.2886452177009
12.1776403424087
20.5266267493281
12.2455117132557
17.113372138791
7.12392648723878
18.380340278434
24.0418533474002
13.6087307417826
11.7944045927476
13.2636852389906
15.451241215761
15.0493535318364
12.3268027116264
10.6953578727404
16.3885481200622
24.1495098807855
11.5129552024268
14.2564138195201
15.8478429365607
11.9330447500951
6.98744376173417
15.7130937075507
11.7602635729007
15.7567359839531
11.1730578856674
19.8852723385524
10.1021529914277
19.1347890929666
7.17397788687055
21.0243119345523
10.561067060021
17.4467749961886
13.8864974351192
23.3285131144202
18.9588119199518
23.9788880065252
19.5126784851639
13.3441286337683
20.3484856093894
18.8876570698116
7.91870026614871
17.4477707528391
10.0931744779678
17.2906017930802
13.8467523893228
18.5412166201284
8.7558404904882
8.49363828767274
19.5583596441903
8.63722325349664
16.6732106266365
14.8956606627939
11.0466171969196
6.99851072901962
15.9295779480454
24.0380331664776
14.316506546677
21.8936295937936
15.8358941591746
11.1271394950469
15.3739543369976
14.1689747070539
15.0966740354295
13.3857279677468
7.40652002719807
14.7202802922137
17.3092504578566
21.7779158106641
24.0881027557741
12.7084920018208
10.0600783613349
7.45064729544502
8.46433120328336
22.3637328176677
15.5146827834503
15.0271378150335
7.59732075681978
14.1955592006612
21.7624252085128
12.0242305356464
24.1467732876984
11.9044610092927
8.34647594899079
11.1908713600412
11.9932382012823
17.1244279746698
7.66558919582836
19.6100615147746
21.0397863847286
12.8308979434004
12.1308754733877
14.9751713111155
6.99606841384257
13.8487299951609
13.0510301186677
12.1052191786125
14.8048683360187
22.4955414143532
12.5753681222962
14.1189708660698
15.1907351494489
15.5718806341466
17.658622754951
13.4606018544458
7.61159852549388
8.06580191233247
11.1886326339997
8.91622316335033
10.8284674243242
7.37630163490823
23.8240562013957
18.564159850298
12.6101443024903
7.31528692026302
17.6054954609876
23.9276017529237
7.92663991676471
16.5265815317531
15.9444514129291
13.7256349717562
7.62226180891253
22.5237045295637
8.10368734694536
8.74634830690432
23.3093474800708
17.0383973605031
12.5946929056782
10.6365952942333
7.21963915451793
14.0625033266968
17.3214049760641
20.2387777484265
7.62010691631708
18.2695370678157
16.0932701334472
24.0963339547104
10.8565561324801
16.0106141832319
23.0769355052131
23.7147891394668
18.0934180810004
24.0326979532997
7.24856288222081
18.2306549405982
6.94358560617131
15.4628203585591
7.85908892301216
20.635260882939
18.1882365189172
13.6551262300319
21.6729319980897
23.8639618259534
6.95214221520312
12.8271931884309
12.5804764867823
16.1003745323434
9.33227918632677
20.784932638161
16.7154429437773
10.8050869473192
10.8362674052645
13.6249097130001
16.562537128827
11.6446557194513
6.94028269288883
7.10833850500657
16.8848146428257
15.8067398265839
15.981706756867
22.6184846479935
24.1459430708331
11.5822243003446
9.11846023534624
23.5885633900546
14.8182004541441
12.2097601228667
15.7441269592918
12.5603881298829
20.2678732928308
15.035528456409
19.9404367884958
9.97671367092574
19.969662350755
22.6065380137701
12.1704563036549
10.1447450902148
17.2564108954816
14.200434761378
15.758216608921
16.4582071502713
15.3948832238484
16.3650961423027
17.0283117825018
9.54129600510391
15.6859707130714
7.17250849077516
18.3362095368015
8.62090038206055
8.47976302479711
16.1019384518175
23.5825626389305
12.7278770190225
12.4606405687564
19.8389566168094
24.0597319519689
14.417227882453
22.8771895779138
15.1547112545424
21.615166770852
7.69116324301947
18.3668664440288
19.9620001580024
23.420660422674
18.7576056080008
18.3016965424935
16.9907730273193
20.9353793931973
11.5378592778537
7.28340142857665
18.3929728880868
10.7273638198902
11.1999752797459
10.852961130383
7.05756998938486
19.92731815583
20.7257603293994
19.0816695005895
12.9094824554306
7.26745623474779
7.89663136994154
23.2746218304469
22.3151373910188
22.3389215837675
8.60826918280187
7.02484501600789
21.7005948459503
20.3953720092405
11.9116493542117
21.5639182656304
9.40485764335836
14.7053627399819
13.4272986495143
10.3488611472872
21.0035724880539
13.2627087362329
11.1818176571096
11.6960622829943
12.7405268707201
22.8412329717565
20.7979291089196
23.4138764443976
17.6170128384069
20.7481414857216
7.54020082611625
16.2337443231207
8.75191557738373
20.183935610515
7.44024510506221
20.1282490003099
14.8757160508234
15.561982208242
23.8158694647462
11.1204801021855
11.3874052349775
9.40146572591521
18.5930942114245
10.21431830133
13.3502681932595
17.7615306668881
14.6928965051283
12.716293577682
14.9681033408675
19.1313212758659
15.4969883348201
13.1620380437479
12.4102506349308
12.3912692979579
24.143718426954
12.6525337768996
16.5174481937683
22.2813779707232
21.8533477202614
11.7023972804173
13.3134073026613
16.2978292522218
18.3963300030866
10.2410220862804
17.5952619801051
11.0687507127404
17.9649864941785
20.104038987757
11.1914205243597
10.9219024716254
14.7385022578711
16.2345479588035
7.44536853032798
9.95964684118951
17.1204234359621
17.5840439905772
22.5753631512622
15.4172046688145
17.4818188887507
9.54106631018367
8.4567767005341
11.0238697970659
24.0850229006424
24.1431434757034
8.78202892259959
18.9602898774678
10.3032112250844
10.0713736190123
21.5127197253127
9.39546718260935
7.43481940084713
8.75059511107237
19.8420123477294
15.2264443319653
13.3784821192678
13.3356914132161
11.7244895438655
18.5065893824672
13.7402150253433
17.0818942500681
9.56686498764183
23.7224282824588
20.7567962846392
23.2844183717586
10.3839168182691
12.8163693160187
22.6540468658803
20.5507574388512
12.8438521158453
21.8276597014212
17.7359240123766
15.2694079140413
9.90423770590587
7.16736662159809
12.3443663577354
13.6047691703749
10.1798879006138
20.2446151314272
15.2226397429398
24.1482495747614
10.1486709639457
13.0426451715996
23.809958600812
21.7892394603455
24.0934315408735
16.6527530381877
10.5309964828046
23.0478983814033
16.7500106842374
7.759752320013
12.6578096264999
22.2483232524207
23.2576234048173
9.94155582402194
10.2750536935365
10.2911556220131
14.5372746724498
23.0414625154388
10.7990653658697
23.0700911933681
11.3116888121058
13.9744849081568
19.7575981148208
15.8229377968837
24.1082828274878
17.9302451899501
13.5518426955627
9.78823986050667
21.8887612819615
20.1349050305445
19.4775663755948
20.7210554578463
18.9689872753702
11.891179121192
9.66471978820552
7.60314333219703
20.6191321610518
16.2319220653591
20.5727297210028
14.2546944467468
14.9172467882835
17.811302650976
13.8824800527107
11.6858250927388
6.95700357755887
9.09520484256522
14.4572383668303
11.8576515203288
20.6045845301783
18.3484735987571
7.95068378465584
15.7038366071901
9.77854458415105
23.5639438804319
14.4768450117547
13.1718543806503
16.7054545814359
22.0050108279354
21.6242499090335
15.3944070591281
20.6602781994846
7.38196835980449
13.6314522428068
17.3964857538095
14.0936298419028
11.0317002568987
23.2433212686562
9.41583542238668
8.10774376077492
22.1447666758739
20.5995108370588
12.9649481947771
19.8563651056237
8.51424222130316
11.6459990201154
17.0516492419347
15.077655396415
12.5561234813897
9.2348757396225
14.709521187555
17.5721781864869
7.25156671480781
15.548175601434
19.9912275439001
9.97304070020117
12.8283312227937
17.9054556152421
14.9117062678126
8.40977859459275
21.388386222488
24.0085410408869
7.80184375454038
15.1698687351108
11.0431271340046
19.942742914767
13.6902523307794
10.464498282473
19.1504269560258
16.9835178820949
12.1982753178781
15.193363059798
10.9109409583668
14.9697176482546
13.2573097472642
7.26642154040447
13.7536056915987
9.78483082894137
20.0655726632595
14.9684904192286
12.0168275210898
16.4792006743385
23.8222759656204
9.73019578028672
11.122115840255
7.6716797279392
16.6816164284859
9.54630621558824
17.2730755987104
11.36267607825
8.37199001101511
15.1896532142271
10.0574173289522
17.2244076998648
12.8929344511106
17.7949602974935
17.8822876378345
13.7069839206004
9.25624864532798
12.9060711896411
23.1176366548257
13.9596072583033
15.9192543128726
10.6473587471701
10.5379273541709
20.8720513978222
15.7622319215629
18.4204832174458
18.7758411120261
21.6302685267147
21.3072516381243
13.4941851036987
22.9415177348026
16.8206462805539
18.7999766740696
9.07182276260825
7.45214757686935
10.9845044819787
10.3226023059601
16.3192138191255
10.1839756523062
20.2443203227794
7.42625518922379
7.39466106628375
8.42749788040038
15.3556375597015
20.8245428758739
13.3533672497677
17.0583661606795
23.8988454491032
12.2229075803092
20.581108252701
7.0752702913988
14.412399526936
11.1469078858277
19.9286053358883
10.6052948568097
9.43135473352715
7.51846666563443
7.82966861739459
13.6630450492545
24.1430501237933
16.3463000892552
18.0591574397871
15.5155523557292
18.4168550055737
9.95381371057382
18.8950330194698
18.2182554420508
14.6688224487648
13.5315528755488
20.4665959907124
19.3012393480714
25.850925870214
9.25124262168715
18.342377152561
9.76432084195885
7.90398049489718
19.4901328608968
13.7198263110071
8.26929439471441
19.9434011757111
18.2141544713377
23.8601890790383
8.68709337795386
9.12815506393741
17.4870127223055
12.3207847199648
19.7328963973701
15.0712966310791
14.7110239975948
14.994779840589
6.94184836913472
6.96687302483533
22.8659910225329
17.5295034281914
9.8899636950867
23.8735107746892
20.4851984901356
19.5196723292534
9.06962574728029
23.5380898730523
21.6120402464412
9.44944661776363
14.4442396463211
9.76325370391925
9.16089266960236
17.6473829350362
9.60031454557772
10.7325759167617
10.6335474251953
19.1157514542087
15.7533901726408
7.43426110084071
21.1237320190808
12.4172368010095
22.7211282109971
20.933525198969
20.4967320091995
11.8731111840954
21.3798276843993
8.26502244462739
20.4319636787695
22.4879122548399
9.74362560270632
16.2150686527198
19.4296058280807
12.4424744975586
12.8454824319611
8.6708667878777
7.12832086345222
11.4618100828065
20.1156230274743
16.1254711114271
23.4525048958599
22.3115042893249
10.6489345263645
6.94092062895769
7.02485420661001
13.04288687131
7.10804805533955
8.86964076680171
18.1153880174359
7.89062075607201
8.18051337249028
17.3573234287704
8.91170635985584
18.2802331469578
18.745888506163
9.21883858165079
11.1029868075625
12.7897106360757
12.7293580327414
13.4375876674712
10.7214927824997
22.1192906296774
9.40910822518208
17.5110406126508
7.44296952005968
18.5580598540553
20.6057152654288
9.56995262670148
12.424874820531
14.183722586531
11.9685583246202
7.75067657426306
13.4047690911944
6.94144781869482
16.1868718324247
11.6598141824068
9.35653924100164
21.4577229768054
17.2497067294625
9.526587102245
11.722770291473
14.4084270697706
10.6328971275828
13.1848476710911
22.8681478112795
20.0150466598741
14.2277389713038
18.8331900321978
12.3679911758881
23.0707379242548
11.7927675944675
7.19122019666453
24.0567000855398
9.03445017420731
11.2690834138359
13.2167518496508
8.21345268177681
18.6056558234357
21.8924751417858
6.97341265045587
22.0160677419712
20.4359989950456
10.9844222589926
13.5106162765001
16.7018881575029
7.14085497120749
14.9139144357306
12.8005507579123
21.3448499760743
18.4343336875505
23.4882676386784
14.7604374617343
18.9398472947303
14.7171446192047
13.0946622263892
13.0805713264536
22.377305538632
16.2118401353897
7.0179253226128
13.7616750655058
8.01611845099304
8.18997801720166
8.88366034166434
7.02458522126284
23.2023964373193
7.97035149399613
8.42518621471464
11.7804736233318
12.9670973230002
24.1172971088622
13.943195617767
10.0600368887365
15.8015200081834
14.433234660413
11.5236029370925
11.9362189402005
10.3774073002904
24.1394265210625
13.4904131993597
14.38443932398
16.8475760868835
11.4526929178899
17.973864456557
10.6702533435448
12.5176352044162
8.86980026521482
19.6176071291688
10.9353371746669
23.6633321206924
17.1569450797482
16.9441025048337
9.65064308081767
15.9060048093937
14.9586835718041
21.4526973877949
11.7789009713008
16.2210775753624
12.2150948696991
19.6813611705036
14.7921421244075
8.19096811909305
17.6903405978933
20.6306253032767
12.5284321186788
17.280261908442
12.3204322436786
21.598787597214
21.9705516826417
12.4280128400479
16.7831377918341
12.5038546787361
19.2053452939366
23.7295188429367
17.0600449436509
20.3055758893118
10.7551221787164
16.5371362837394
12.771286377158
20.7930198806197
11.1221529680607
19.4284596663915
10.510175258759
11.59194505439
11.9775778914273
21.9101897421173
10.7876571342905
18.4652384375423
19.8035551636672
20.030671553624
22.6280976023289
14.0519282845085
18.8533570628962
11.4429374171508
20.8662188740795
18.5614171246442
9.29884736835373
23.3503139686753
7.71286090516488
18.7642893635237
16.6250389199844
13.6812669669664
15.1722371768708
19.2728479289646
21.1891594808796
15.2013757317049
23.2840903643098
11.9777700182097
13.1028578029128
18.7717127890269
18.4907671597509
20.2725557362749
9.38235034553836
7.08714199870346
17.3653352376407
16.5324138499804
7.07550320547654
17.7045510718915
11.4520985668637
14.1767514026852
11.6960459810742
19.2544538086407
22.2558410377635
20.3411382101257
12.3137701092214
6.94022045977525
13.8907313452676
11.1152864029733
17.1409416370642
12.1563610038008
8.81254998773321
17.8739559344282
10.6000380858059
10.3192546690108
20.1828394519691
17.908302436875
17.8273699964978
19.7636357717472
18.3049305888641
13.190994168748
14.8615399609564
20.9875839461781
8.31197327797864
22.6541195252689
19.6353743751535
13.2073506821815
23.7078909689903
8.85125577044031
12.7004142512001
15.6682722138294
19.1838955724406
17.3041453521206
15.7017271257817
24.1452306303274
8.06785790649005
18.5584894339846
7.41100458968809
12.219454276867
19.7513217876029
17.3742309311238
9.74557223052954
21.345407034314
9.22519841782901
11.3288636221885
22.2333253515822
12.5969184756169
8.70891173559787
10.0803124114675
9.19857534846021
16.7239332847189
11.6331286326077
9.55092589919167
20.258743183991
16.9990560213135
16.8681008279972
22.5934432022105
7.55757920083761
10.4593683217104
13.1446355292027
10.5796624382773
18.99506113251
22.6889337552708
11.7930958377403
22.3724055823591
21.6502308981975
16.2831752304447
17.6653719421522
20.469968366013
18.0524554199586
8.10474063628112
12.7838249492853
11.7317579409697
11.4163161891192
7.67524501818807
21.7963597105746
22.3381078756831
14.2284267066899
12.345599605627
14.0114799958117
21.4848329377517
10.9994941210531
11.1730238502821
12.8783574743013
16.9711573313818
7.10019020160098
11.9727141618045
17.6901466857805
15.0715870734017
14.4558876434686
23.6868165794744
17.4401799912991
15.1698688989006
18.8960328326055
23.9528426892396
18.203957238884
16.860429159079
11.6683312006233
9.60607981849511
13.1726429205283
13.3484603938126
9.20473313468549
8.54828358868356
7.01176642806808
8.74574474521912
11.2964495619533
23.5051906683442
15.4370320091203
8.39960504178305
12.7634781500026
7.03974824582276
19.7928632886582
14.1006546844
15.2425518087237
18.0102884644582
15.9973249461411
15.7927792769944
15.2493810826408
12.4147478384806
14.1871314817715
19.3402517820218
23.9822248846802
20.8551512416723
12.8333660269709
15.4110582702234
7.10765014127645
19.1295135154098
7.22487706866757
14.6789977597695
16.4581829492954
15.1059508827801
9.43540676635331
14.5970213075853
23.3998928764252
8.4852594685059
8.32012924544805
10.9614433903839
15.3934374916823
17.8610016750094
7.01090246000685
21.747763122447
15.5767181736203
16.7219263319615
13.9462499946709
7.84499764154937
20.7161021317546
9.67292298846723
12.5888373530557
7.25893677974383
24.0624827289258
16.5871164110198
20.1627197768637
9.88187294729201
18.5266634230262
20.906763133434
13.1003693945841
20.1667426623925
21.1533439250738
24.0949584732605
10.5142019232242
14.5797131261832
6.94146047761369
12.4592873622809
18.9929521861753
7.28175780520288
18.1060001108738
17.2883694929234
6.94501859683481
7.40855349350383
11.7998206396254
14.4460630784549
17.602200485589
24.0464442174502
22.4366598140187
17.8691597641176
18.6532048185096
13.6285019845912
8.35296026259737
24.1226628890523
22.8572791115678
24.1500621183657
13.5632192070909
7.21492474458422
15.6142624226161
12.833865325814
13.7636078086959
7.62945403907683
17.5489197651793
21.2940257734738
12.4000740933476
17.9966223401786
11.4274432756312
7.3778937131381
7.06532585113627
19.9535017337524
16.1376522808473
11.6219447486769
13.2409587357836
18.0770232497985
7.11617455113003
10.5239685448523
7.35922488951696
9.33482817834967
15.6283397916896
11.385987071594
6.96776088468288
23.2430957535938
18.633861339529
22.5481912848687
7.45161480154473
19.5182694592341
13.3613718445447
9.17439565937546
15.8534521356298
8.74745487585172
14.0354985485767
13.1131229727637
7.51536715927056
15.0359394889782
23.5804384622727
15.2576809274911
20.4339961203499
13.1836990302856
10.8246058944098
6.99877626366996
15.5509847741474
15.4699844637679
13.9001494341965
20.3049429135571
14.7825034387579
7.28875218953907
16.5911408108874
7.22767146233942
11.0478357422865
21.0225456202094
20.2592396089863
10.8470557693088
21.375171050755
23.7677040242203
8.39907221701694
23.6655221780466
7.09273043606794
10.8651451094265
19.1028269586154
20.6651072761108
7.04224532957578
12.2704575568172
23.878270683799
15.9425203010613
11.2419949872823
12.0378779416704
7.10086728849464
23.5908413339642
7.67472256968336
15.3851345172176
20.3987088809088
23.6293394570513
22.2535685352583
11.052113762239
14.6828240495984
10.3876054549647
19.8531014393972
23.8166530947659
17.4135948521232
7.68202299229364
10.0442795021916
17.1575164108205
16.5795466143499
22.8790845443821
13.7841434382019
18.0888194112578
7.01445537437914
9.87866333218322
24.0561511651897
14.8892937266522
22.0679367575023
14.3961769856469
13.323334412517
13.978891077464
12.9404882270051
14.0753445923686
9.69377610678722
9.67736520732825
23.7725940067001
21.9973015857238
15.4376506524047
17.0888964123019
22.6538729650303
17.610905798412
19.8916630556601
17.4729203102968
11.0761230919479
21.3045275274861
23.6662506717278
17.2333794174537
11.5468346373752
9.37990975398241
15.0568745302651
14.5652742628779
19.6870335568792
12.3260011358828
23.6923706291152
10.9787740616649
19.6648616108509
11.9611558796343
10.2207611961345
24.1390283984355
18.6360233102246
16.8478034233981
16.9264466238471
8.01836857046629
15.9942808048034
12.2302565791866
19.2265702808588
9.47962425951567
20.0162926314087
19.1253809854229
18.3945163296907
8.49792476310261
12.9346960811767
12.821070560263
15.1809133679903
9.79295661795326
9.6927085237517
20.2887202698443
20.7623327534577
16.3102510500869
14.5654692310457
8.84455418914835
12.8466652406908
15.0335607013261
12.3155716221755
7.13363297980271
20.7121968605549
16.4949736598102
9.44759637967903
11.0866624420899
23.2441961667192
9.82821825305177
18.242367254108
13.071576048965
17.5018915266808
23.2333874257605
11.2458117340469
8.32258748770796
22.1788213062333
7.46371619989569
15.879916230553
22.6706305517021
7.11814502032209
14.993052839123
8.35219691966446
10.2970515973434
16.0610507945159
17.996680233288
18.3812877946656
14.6016692775886
9.09915685655358
13.5391428982022
10.4815546113932
6.94017156508107
19.2091261953318
16.5206742140828
16.0042046149712
10.6508024288131
23.2187972218286
15.7292222223505
14.0626544020261
21.7629062861965
7.94796567975563
7.82311333478741
9.01183952969698
8.80677623610138
12.1662251284879
13.5445756556466
15.946367045933
6.95137323979649
17.8529701050383
24.1032480875463
16.6008612414051
8.97587338922568
11.2859449792274
9.99271683715825
17.6148013625289
10.4595494637029
20.1503139658848
22.4148903099081
20.9491463461943
23.3575398400248
14.9922322060446
11.4683668201107
23.5184405450145
17.3808670064431
11.9647814010777
15.0319138506513
24.0609055480823
7.77430423902502
16.4362969609288
6.96236842143149
21.9445744189714
12.0388234519247
13.2582082413772
19.8082608587202
11.8147272391047
16.1659785827273
22.1892134293775
10.3302945956944
9.14013264486821
23.224692295664
14.4679760911771
9.43440806312542
8.00342501155431
22.048352499373
18.6525716439603
13.2855076835653
7.10701320413095
15.1804116505541
7.76305496405663
7.93868628959933
6.99757092545082
12.452348261936
19.2745349175937
11.8504055769592
7.04312622787983
10.9753143531598
10.2915417405589
7.13833361317613
20.9950115220495
19.9981507086917
9.89713220955866
10.4315813755602
10.6035500411681
20.7903719155368
14.2843262475166
14.8225125400942
8.6029232526223
8.91593226504656
21.9003372507913
8.16203313034567
16.2651097014049
10.1062645808332
14.1969962482903
15.7171160802698
13.4432276851427
10.7131490694468
13.8932627424614
11.2198654875731
13.5164435069434
17.4845936014132
12.7112431587347
15.2335353132791
22.7665401659371
20.9585761578828
15.5886298514226
22.570262611688
9.19234777130176
7.25669511659339
17.671123969296
21.9327914043793
15.4349158994038
17.5671803860692
18.840819346483
11.0442879700893
21.0759846659927
9.78363993138707
17.5249476314745
15.7682790868608
10.3443466960758
16.772461025982
12.2908570826413
15.2973748177146
15.1480809943488
21.0094939648569
24.0660385394539
24.1094307406904
11.7333525374485
9.10189019631607
15.3096943239593
14.0683451834434
18.5865911249238
7.57054486989795
23.8744478144525
9.66894882539934
9.1986325392928
7.16491292416528
22.7004151046035
13.9143716863621
18.5629740581957
20.4545011735605
9.59884259000669
7.11771596354364
8.94286311308673
23.2241384137053
23.5832550588941
17.9620282010648
12.5748734503316
15.3058012077036
7.81849032838881
10.1062595776836
8.76374912022954
17.3128269037234
9.18723938842794
23.5890666046592
7.16945804167907
22.1016136776429
12.5181356912111
13.43927655218
16.6720958179388
20.6526374809269
12.9163186840802
9.40558938213709
22.9133247597784
24.1219055776079
16.1638607486764
21.7204486919667
7.04232857064275
7.48956971265342
10.9885988592277
9.91709001966228
14.6559776289223
19.0365380461525
12.7274943622948
23.637287397102
7.00282990517942
10.0458828908695
10.9098173154454
18.0097349521011
8.0207498138921
21.737773326806
6.94588771124863
8.49743110712419
16.9466622845093
7.70728030129209
23.4461332897205
23.5995125683813
17.288237175717
23.9438872227603
13.5893157626953
12.1404907838037
6.94474507890692
23.9298235107576
10.4974473259317
13.4131906576823
6.98470361580191
7.14598621195631
19.9491977854873
21.7109952258622
22.3298314683531
23.5997200506491
16.723179460125
16.0316488388195
7.83346583783657
7.07341435712238
19.5419755114488
21.1676491486665
12.1939351769484
21.2145559852628
15.0287110535206
14.2317440298984
8.78498132644643
19.1634213395026
7.40977383704058
16.6517842941467
7.07883772803477
16.7381908148867
20.2805872232147
21.7721129863365
16.0499041474213
11.9684876407295
13.7325775485992
17.9797565533095
21.2531807720609
16.1259508133728
19.4840372849915
20.3279356940544
7.94559489246542
10.5609479428471
22.8000708619152
8.90283426232635
13.7200892002394
8.38835012982803
13.2455412380927
18.770681535728
14.8131843029836
8.27985348953022
12.5643861663169
15.4496920699997
21.7460197428446
16.6818811861175
23.5752320347634
22.7506735440547
13.7589440848112
17.1118728814635
22.2464519179972
10.6340149989842
7.16903413590906
22.0966667225817
11.3156248708875
20.1485914871879
17.8332157797381
8.5287415097911
12.9322905664129
13.5585434861583
22.976912434319
8.88827734917935
24.1429251432309
16.5888482431855
10.94561633589
6.94821537529189
12.1737336580322
18.3713288777712
20.9171939621127
20.976481644359
7.01473176196323
13.7890936731753
15.0494150282523
9.4221541987149
19.0297741824799
8.36781330779279
18.2590965924286
21.0958649730931
19.000332744305
18.9438851442601
13.5768848757218
16.0554488172428
11.1229571236283
8.45238105483132
19.8239437889235
19.4495738797666
6.9589473192392
7.46277575703063
21.7646988110976
6.94207126839587
19.5045453866108
8.8066891167732
8.53858527684369
7.18034077625079
16.4910002027716
13.5528882100695
14.2585229323455
12.9083087890573
13.575633318988
12.4214086549543
12.291444276578
23.085909529821
21.2937289924331
9.94879524204839
10.4307464568045
9.11743291651303
8.05218781159716
10.7777537550578
7.14709226587401
17.2819626333625
19.9359118135005
23.4324518310143
17.6920984363763
15.0158542687474
7.38121276646156
10.810447153244
7.85547070890109
15.1308332762291
21.9344032793434
21.6394182989277
22.2916258749295
13.0391947894015
18.391606439297
17.2260737352732
7.51529471533173
12.2469312936167
7.16981614978875
7.39704888351758
23.3108754639225
18.4170957335325
14.1446784367591
23.8806698349234
9.06809861507861
9.64265456284736
11.7597466746596
24.13843400597
6.94489580972189
17.953367921133
20.48455760314
22.0888434866703
17.44436162617
6.9408348173352
23.847622886215
22.4225727065114
16.6520359941643
13.9672277661282
22.2726496463523
21.2090648334448
10.3753747836664
16.1315313978191
22.0808711616224
23.3324049554824
6.96611369254149
8.38497757356317
21.776054839589
11.2330101212279
24.1400710199568
11.246925749575
10.7174303571576
23.9705756968581
17.5133561880717
7.75131947997012
14.2237318849289
23.8243212981564
12.5585515249266
18.6134353154585
9.14785234590482
19.0350995887802
9.22959342195161
10.5204076419626
18.138647488981
11.3144340115358
19.6380324068233
12.2823991120522
12.4481830268898
20.6533094158902
9.57504966466039
22.1488501952078
13.5485089540059
12.0624372149374
20.311942040331
8.27204152938976
21.2390171204331
8.75891213618658
8.45918706397433
20.9394274435595
12.0606387368103
7.12086761370064
7.66912163667052
8.8546170527735
15.3471554401121
21.4106074861494
6.95175827599242
17.1664215442766
9.93221515598481
7.96877262318301
8.76262074516569
17.3652096602145
17.7253929870952
19.7383919806103
14.273853838378
10.0334639553369
13.9878911830006
18.0904225616096
22.3824291242449
8.53450961510256
21.7217091977018
22.3905877764403
9.20485807475687
10.7039459097778
15.5458704140532
16.1511859980375
19.497081489097
21.4246600812076
17.5866926848583
15.3202533114071
15.0399857631696
12.0043910449422
21.1559236191567
12.3564677463961
7.29766774924562
13.45287855514
13.1717914342514
15.326068117749
13.0932206968226
21.2593284172848
14.0155788732
12.5619794074175
12.7252060455303
20.864808136159
9.37450177279857
19.635610995569
7.08572007589576
19.6201200930991
22.4459350483148
22.215383190843
23.9295665073049
24.1010715289895
12.3603360709302
13.2381020472459
10.0056337307346
23.9592297420167
9.58591910115628
12.6138865181827
17.0544185948296
10.6132045072346
12.0353583738227
16.7124045724473
20.9155482680948
21.5239557806941
18.2414198307689
17.4811853577729
14.4536538926018
16.3098941386873
13.4733536574783
20.6939211791732
7.21221776428999
16.3883728641327
15.3309786677946
24.1305653083187
12.9709273348378
7.0887609326967
10.2166148663477
9.50167867083918
12.4703097200733
23.6121806461289
18.4692691995286
9.17906020469884
19.5939407633902
8.64306651555796
23.0558358661911
14.8906476993898
10.9448708165702
14.4463187438167
13.927951823593
7.49704329169018
19.9548530399874
12.5627611599284
11.9440283568294
19.8488870498424
13.072107517245
9.25935717930251
10.5502741912533
10.3108720750396
12.2317194240583
23.0370623247557
21.9961642252634
17.3169653876451
8.26112905621013
9.47235435951457
15.19213450301
13.970173186852
16.5409017371924
7.14449978279263
14.6800459237383
15.0568646563396
15.0278029898948
20.0006900896197
19.7947206050645
19.4090005832683
11.7488616659209
8.47935442188596
9.67520125433902
17.8079562586139
21.2239870754593
18.4895294819582
11.9631267468124
10.1038666115818
12.9887905354945
20.9919838854769
7.18240930698463
16.7156525585272
11.4874006987952
8.85009780684878
6.95070696520246
7.06866406639397
20.9311540411645
6.99215002657636
7.68075131121915
16.1953412762701
22.0893792269379
16.9441984835246
9.70114813623343
19.1728532158431
9.13939466065734
12.347052957681
14.1993136424286
8.01709793394345
12.1841652853212
14.1144563125514
19.6589244283029
12.9254850987671
13.362144329471
19.8696975919935
16.3951682080584
21.1601176955882
9.76660347449726
13.6857188596114
24.0122538489037
14.5542772086573
7.6323747013543
7.1828647236111
6.9575690117573
15.2389937649423
10.2143865752677
19.3669511587395
6.94240828252995
12.9096813002244
11.8076371220728
9.98317815414273
22.4199700751431
23.7305696594611
7.73934437668919
12.824703052374
8.5816727919837
10.720715682284
22.9597258609146
7.36456971969885
14.1490281619622
17.0277478703844
9.61399879476913
21.6611239725692
9.15801853463477
12.8689640406241
7.22788957417638
18.5640713579919
20.9540943354989
6.95226137977878
7.25865358296074
8.36315524054402
8.38190519385692
9.05223731965963
10.1270180207295
7.19380071073617
7.00434310653766
11.449440468595
14.3089451463352
12.9479695240853
21.8640307044287
18.6635189099453
12.3921175549522
6.94304319371801
8.14363178688238
19.7924278222305
9.09786548150405
12.1236861117854
20.0739017244156
23.9673418061238
13.6609103356629
23.8364115595091
8.47916060071844
11.2732130873141
15.5499688226795
13.5175066177136
22.3462217427523
15.7553957330706
18.5918718293066
17.0791106144407
11.3742112917648
9.17574494575845
16.1095758818028
23.6812690754603
9.94144872053606
15.3205695740605
20.965513932065
11.9134491038998
9.83152978255094
12.9882923026058
8.37894096185337
6.94979702916069
17.5859309880762
12.630808310548
17.7796762161943
17.7322093890966
11.0147563114358
21.6506898570626
9.56633996689138
15.9185710132532
8.58833563517011
20.7105934202883
11.3020608167757
18.2967500273691
24.0152779346665
10.5078514540268
6.97589628786338
11.8220152139169
10.0548235297131
20.4406165529121
11.4084256993698
14.6546836684007
8.87034247388753
14.3927386403141
21.8035802369535
7.40183250076428
19.5432407526089
10.8733991114261
10.8600270681075
17.2758306431216
7.9219121762789
20.9782227686651
7.14586000820453
11.9634551490255
17.8445771280108
17.1785508174097
12.2871230161156
12.1496369951828
22.6400859181174
16.4325580728157
21.1949849908601
23.2958443698761
7.79971004198815
7.57274740503559
15.1642061941871
8.96077280647621
24.1305622746271
20.5729261645474
7.96448979455855
20.7916880984455
7.71694538888646
13.9808167347451
14.7923910275587
18.8969124809024
11.2009245096425
18.8802754801987
23.4840147934993
19.3715971517792
11.8499138324816
21.6081900730794
23.5779812755887
20.4260335927888
12.7281444996835
11.0736414684116
17.3909607615672
7.94768665304686
9.26386021100166
20.8300188346751
22.9224412262389
10.6009671355836
19.3483956010771
14.5499413897969
24.0493022429861
10.9354151824652
18.4192055297607
7.80086312460106
10.5424101105275
15.3215304043809
8.82313984191015
14.1506397760834
21.328009726722
15.3121891184306
24.0583301339042
21.5594305964692
19.5920298689416
9.47472682677491
18.6922220032193
14.22476289027
6.94892806057333
8.79936445192719
24.0532211014392
12.8448513328379
15.7714614753875
14.7547326075261
7.9906293832101
11.4736771337063
15.728896671559
21.645312707134
19.8691485032224
17.6748941371816
22.6801164402793
21.526167585803
14.4743559465639
13.5558239679094
17.7133413516131
14.2923391371517
16.952898669073
18.7141777492314
17.7374809798496
14.9985622552074
7.13042498746108
22.3929826006607
8.02645626326845
23.8017633755908
19.4830541131306
19.9375302147401
21.5600095309648
7.83557882878202
17.1516238137536
19.4329270295843
18.52588009193
13.0688769080376
21.8443414190537
15.0718220295411
11.2858987927959
11.3466270719378
12.9069558051401
7.8592995403846
9.32436145890615
21.4504675069416
7.38854314059364
11.30104273685
8.26267897841098
13.8683180386136
14.6510490615687
11.3407698740671
11.6372252136422
17.0913744065065
18.3842134925204
13.3255462901024
19.8402132909051
22.1561439575346
14.7124919510377
16.4648839448372
21.2002735599931
23.3801565974651
20.916028709744
8.34268054090232
9.91477919689057
7.46572653969897
16.7011420242216
16.5205035029652
10.3587870819102
9.7362004035957
17.9885746294701
8.80306507124649
7.01929645788544
16.795344922446
15.860940279868
14.1868832105569
19.8459564271388
15.3331673235543
13.4756843212964
7.03942083197987
18.5995583477048
19.6530561267964
18.5519313309311
9.97266194145327
24.1202790844616
7.92435924614588
8.61089813142461
10.6608102783292
21.283186348609
14.4198870302702
20.9469449012914
22.1815653151333
21.4605033741971
12.052160557762
16.290785611264
10.4141814402176
14.9533913894977
7.05134561073783
22.148218894781
14.7372050758411
11.1701759058398
8.45705602737
18.3335208782913
23.9957895010783
13.7925098124148
11.514473820886
7.88533039297663
16.3101112232449
10.2717161560095
15.8079710603794
13.5307542964265
17.3420652292197
13.8105497593169
10.8851043342885
19.5961133197602
10.3078381806607
10.4441515105851
16.2960478723699
10.1786880465098
23.4386732700409
23.7055530321692
18.3144840095648
18.8485300973488
14.6103935026684
16.1987432330989
10.8077906211992
24.0785809901054
21.3352976344178
8.78646257379281
7.92104236220211
8.75670158657397
7.29034820641997
7.80941787464791
10.6474576704087
22.254413860883
8.88089034323583
24.1202219778057
8.01340434077299
9.9487357511226
9.33889507471216
16.294202184873
22.4144931817151
16.8808129030772
21.3958322535519
11.4956258697489
12.0620383282996
7.41722118777025
18.1791793281169
14.5318393567002
14.246099855989
10.9948670270211
11.0964139260105
11.3812931383912
14.3718730707525
19.715669491867
23.7035847688204
19.7542942267477
9.30263232075544
24.0894236996306
22.5978614032083
13.5508391330359
11.4181282199099
7.36913927523693
15.7545314233386
13.2747350964058
22.7608051569365
9.76727817066433
19.0763915839403
7.13116618706196
7.60439012075302
13.5581078536866
18.2536332324675
7.23539355516595
7.78951103921003
22.7781218722006
15.7697399862277
7.01374620901708
18.3452329310198
12.5708882816609
21.9072203794222
16.1303667671632
7.7901724980853
18.8710363558277
12.444126617311
17.9641550453292
18.1993487223221
23.1537716067131
8.42144381419053
12.4543920054321
9.23067387342312
19.8063030725384
19.8552130935651
8.57103824810413
18.5697835952807
11.3691990403984
7.61582455785787
10.0279155431175
15.7137858458394
13.6117778563715
12.2782858547786
14.233106729712
7.05841609196329
9.79058198624816
11.4290610968295
19.8600052460766
10.1893143904369
15.6288413101947
13.2258948986838
8.20943883005776
7.0297886583753
7.37396824372267
17.4361448756491
12.4295544300232
9.22751486562272
23.7788929697978
11.5946275308115
10.1623702366453
6.97669286047979
15.0480073904195
20.5920211983574
18.0937275593328
9.39130895808681
9.44638567798188
17.6581349950202
21.0059739739896
7.17036970455661
18.3736654323945
8.04803639920231
7.27010219788123
11.9158340183815
13.9243045884852
19.9319896023186
11.6088208370298
22.9192444582346
13.3338496340692
19.7184105583059
16.2291604855164
21.0362022040243
7.57066123898063
8.63249643466781
14.2153260904668
19.3201665172287
11.9267870617257
9.82440316649509
21.1806638850642
8.70193460409641
18.638936672495
14.8452003745476
11.1077135545252
14.2387874776368
17.0333250937792
12.3877069271146
11.8283321936506
17.8437919948882
17.8065373963247
23.6531379103992
8.39944496248885
14.2909465067703
14.8878053608248
9.29321690969219
12.7445429730035
23.37177566849
7.76703900441769
8.75944238789282
22.7926797469782
11.5476051150977
15.2921448609032
21.2686668986219
21.4946479024535
17.7265496568767
7.23220707675247
21.5133824151426
21.0385574114546
21.6270639137973
7.15147273982588
17.3963836831899
23.381306682423
13.2724592672154
7.2272237069476
7.59482223855928
13.9231199647494
19.3988267389533
14.0782878307748
8.50396224579029
22.3959753113257
18.7592782511259
7.45379672543353
15.207317128908
24.1441719793586
14.9479779851314
10.3598848558347
22.1343988081945
10.6447031975463
17.052037845024
11.4308759729706
6.97457483224412
18.7508733070838
9.91778134197763
7.20079467427384
16.605651893174
21.494140964563
14.6896486462071
21.317979216663
16.3329140586555
14.0826714457266
7.72839192795396
10.5972521178239
7.4034706843943
23.8319339575788
12.7901813516609
6.96279499734405
20.2818754386855
19.7741818812185
18.6143616260358
8.22524449454398
21.4606448748201
8.84719983980561
15.0858521053272
19.8870328647236
17.0641808597963
18.3523660018504
17.0144562508594
23.7699862893472
11.5991752944635
23.5393305201284
16.2445084859341
13.538074455643
24.0545219163898
9.00076801592714
24.1056740561893
18.6056509598251
7.63041208735743
24.1465443658505
10.5270137046663
7.82515800711834
23.6141573975471
17.4499361496241
22.5309561558189
20.8723028976153
21.5786612304282
17.1214119612906
7.17592156508011
23.6264148679076
11.6790004509476
20.7571642166237
10.6656722792831
12.4487640822493
13.6083222747779
20.5879997939879
13.9371452558223
7.89951929539154
21.5800579572549
16.3595889847884
8.71922652066588
10.6133210273344
13.1278573996348
16.3493526402978
19.9514469887078
20.5518900950152
22.5923994902097
7.23631149044952
21.1429889024965
14.6416401761669
11.4484081129814
10.6406020588892
8.98588107670627
24.1496971137335
10.247116121669
16.260636857592
24.0645854962165
10.0636051225733
7.16681982655923
7.65411163261341
23.7946464992643
24.0252899944052
14.432236908744
10.6574435996167
16.2861075725474
10.1736409760259
15.3728491336789
14.2260439840811
13.4671540787655
21.4111307714654
21.7380624053596
23.358430659786
18.4087814751087
16.945275799524
7.75239500007961
8.62483855533608
18.3234353147906
7.1890383745381
10.4238088871247
17.3709365180381
13.0628636166276
20.129253890543
17.2350559434354
10.5759919608053
8.3575424842122
17.0937013128887
12.6639329479669
10.4389211518841
6.95649153145677
11.8743369843722
24.150126665301
12.1351568561961
21.731683571212
21.8804716682636
19.1370634121617
6.96157122649971
23.2046784298415
17.9438848092528
7.45871804249948
15.8879158012875
8.16272819058817
16.3714287827739
21.0446258179874
9.77812712917168
11.8815877145022
16.4896865539136
15.5501413225018
23.0952832136419
21.7900890196055
22.7391315367458
13.0492989155735
24.0302648459315
11.9442420345732
18.6032229182808
22.3903748061144
22.0862422706426
11.2128178951442
17.2458360084233
16.4810812273759
20.2646647295507
10.0029053835394
18.0333835595115
8.28870751095993
18.6105446388046
24.0962763575405
10.2325457874091
7.14703411898402
23.5102598383734
19.0731497625192
7.64119312840322
9.81122322068081
12.7525483506523
24.0400584780412
7.872964653216
19.1552054524125
23.916737671358
8.26386363639029
10.0694949273983
21.4412699737851
10.8451170529344
7.21633731673644
7.27274791290654
11.774905359155
18.0701597170889
18.1079503828146
18.5914342307657
9.32573672386714
12.3290912712914
23.6626859356184
16.1020529762441
17.7224696875611
16.0851546398706
24.1073167391522
16.2173509715859
10.364639348405
10.2078050409132
19.6374905042654
9.4773740794495
16.2535735141922
12.3065565258133
7.21184471999497
10.7748560172825
10.1912019128768
20.8269089160492
9.31406675844291
12.6822429008228
12.4937035733611
19.536587897972
20.5581017612046
22.6316518178568
18.5895810396924
15.7223510216696
12.3138771426788
19.7578220305227
15.6153075393818
24.089305554475
13.1636397605642
16.4688653460135
11.7517277128671
19.0142183273484
11.8961369064849
15.2655631366133
15.7771964650877
15.35105835627
21.5599261775015
17.6450836805788
11.2697707396278
9.16814670954801
11.61737467416
7.0696528434833
10.1290964229674
20.3936175372186
8.18250963554796
17.248344534428
9.57982576198057
13.465668384375
10.558033656219
12.2335316722683
11.7547882079448
9.0907434807046
13.0806509642542
14.86440557569
8.86403049134281
7.50272992493831
14.8871293307052
23.2693817738983
21.7818208000969
12.6464201469812
12.4495841814593
20.6396144289566
16.7875298046629
12.4862280159486
18.0282303417747
12.4035624154508
9.85201007396705
12.4637100694735
22.8621208564303
22.5441892106885
15.2930921456435
19.8112272285095
8.43182242931005
9.14481057636914
19.5423292685863
9.70611760012545
10.1704057636111
8.43808756379389
19.3469549043188
12.9072835256972
20.7343415295752
7.73700211473362
10.8899734980946
22.220563246495
12.4213857738188
15.9148491331876
13.3976934186287
14.6590417313777
10.5704846732788
18.4047971282044
18.4940759722845
7.59951792843632
12.9492356351148
15.7824798668855
18.7751374926151
22.1509805209719
8.03015495098817
13.2263098325169
19.1211682293279
16.1281780365381
14.0386223037329
8.10920506780129
18.1153982983006
9.56071406345912
21.8254675922535
21.4289601020862
7.87144057260384
6.96697842494085
7.09916541396764
7.32599204377558
7.48269335714803
12.6837558068998
17.1558486456286
10.622691918775
9.83357557755462
7.00519461645324
15.3516180264711
9.93672502567746
7.70224181594456
23.5974117129655
15.9277815126672
23.330451007954
9.00663658515187
17.9250165122637
20.1719431836466
11.7810680416319
14.8197655605579
14.6516307128265
11.2733767406194
9.76764789191365
6.9510912282518
14.2119356790993
9.12228734111697
10.2826023614229
23.4781348100075
6.94013095159849
21.7542367599293
15.5821106724071
21.6723477380177
10.8694927109175
6.96529117195758
11.24216330172
7.84051602787468
17.2601618104898
13.2803726018266
9.54198670707919
20.2574597472821
15.6021058997359
16.958738812371
14.589707768286
15.2185933763701
12.4539545198133
15.4750440799206
21.8993656208887
10.641125774129
21.536895859519
9.12421757826021
19.450639354472
23.7239334904839
19.8166827248716
13.5885791028297
14.8814465708535
15.6657723713111
10.6828150505858
20.1784405957472
18.4846004860303
7.0107682425055
22.7594333724953
18.0931321255776
24.1395110344509
21.220771172331
15.7607060139842
19.6635904559928
18.6044207103581
20.1320166098239
20.6422754731441
21.7433861907974
6.97795758205937
7.67675658207016
17.989668715562
11.7582525992504
17.4317667948023
8.86764284197429
21.3061064166488
6.95060800501836
22.4849455067877
10.7684046800011
14.555128599703
16.8200942440253
17.7746503150508
23.803783365878
10.2260879933262
12.4127897195634
20.0510670196778
8.85397793603385
11.2081944118627
6.9453807513629
9.87790257585237
10.7555009463411
10.1768796073397
15.2821703602642
16.7262994174355
10.9985785236326
17.205703430675
16.5794395623963
21.5343818606499
9.97570516384932
13.876649336896
22.3270066357397
17.1266086730927
13.8500456265235
17.9989009026222
7.77857453569811
24.0825051039417
19.9127905679162
20.662100739186
7.61391115642709
18.1108258913698
14.3158621771373
9.73052198016178
11.5233932856619
20.9590445477216
22.1364423094458
12.8078580425063
17.2297769182484
20.3546201274256
10.1504952107311
13.4435424476863
18.9912633413946
21.582293578697
11.2971839384394
17.467804401014
23.1432255982457
10.3503993683736
23.2951671507863
17.3083632725602
16.2443743817945
23.4122407327767
21.013765912633
19.4734922105865
16.4045523604526
14.9749436553097
13.0170306431747
10.8486802758431
24.1071285385447
7.29445981298394
11.7465946748391
17.9857303832729
19.7253085112628
12.1724744161928
15.0362269943566
7.27376762394094
15.9077842674594
12.8124723361763
21.1610184372178
21.0697681058483
10.4891498801245
24.0973464768145
9.01768796444478
10.8313903088259
17.1164243479853
11.8174699330482
7.13541143313501
14.1432181943627
8.08519733264976
12.8244826898434
12.0869080762922
11.2296319660128
7.74160929352355
10.7501336610549
9.48232543965185
20.4632685681339
9.50746206290309
15.6194587470029
11.872273448509
8.25175121482419
20.853814317066
14.5121055054863
15.0292340821305
22.0124308956299
18.243218453559
8.22460535290829
22.2138642335786
7.18659796972654
10.7026668145375
8.76301813652542
22.64103452438
11.2277279571568
20.6027413403603
7.79494630625461
12.4855110124778
7.8255292937923
15.6554542192621
7.17442561188443
12.7102874769968
24.0833927497703
10.3539508605167
11.014596654228
24.0344712835455
15.1962220414517
16.8082779023733
11.7407233013274
6.96026803674762
10.2484740655657
17.9862893907614
14.3973134767682
17.0239311259565
14.4184252925503
24.1382270467002
12.4329832831861
22.5658569422348
12.4462638549914
16.9797245547592
18.2194407976789
18.7694908561643
18.6081428478933
15.5860332915426
16.4099715508552
11.1924407666715
13.3163805441092
15.1282561432491
12.9242357270368
12.9948522656468
12.5290099135396
17.7141079151354
15.2743446369617
12.4447269926593
11.4079422556076
10.3406028232093
10.0224107177122
18.107541989621
12.6606183308371
12.6560958834446
9.32296618110545
8.41042745227627
6.94314125282232
22.6553851665233
10.6936365824424
15.897362280195
11.3199354357753
21.5580775366878
12.117364537377
17.1516245900896
17.2784241203154
20.9810281384015
8.53148035316434
23.0744864861897
22.5240044445166
18.9994484148238
6.94872967662674
8.54782647945824
12.9570110491947
8.52082594170827
23.9879955412385
10.3129554504717
24.1436394372929
20.7247067933351
18.9390928100103
11.0013012480538
12.1863900895472
19.8996292356526
9.33122664477733
21.1685458593937
14.2844838758614
18.5762225723921
23.7022224775328
13.81506796805
17.0234205305825
14.3363317690733
8.35682151301246
12.1387043271174
11.0250241533946
7.70856081129401
23.9308249033207
16.7683050239101
11.284128027805
11.5713865646129
15.7205669997798
9.32494023597244
7.54567474297617
21.2173541734052
15.3438777869789
11.249923639957
22.7671326541239
7.06332740478003
23.9454386256512
19.9405535259256
20.1549223285862
17.9522963698245
24.1498190084832
7.57294080624784
15.9626000620539
20.5141702634613
12.7588791672899
21.9857839167968
14.3993483933451
12.2481209231681
7.00530513671534
7.86644808009457
7.01590950117417
24.1491625418094
19.749043343798
23.2107215439983
18.0597711374987
13.5617229654472
9.27223330648669
21.2538419121025
16.7250940318875
20.8010187016454
22.8999867652751
16.0751309450782
11.4066717864979
23.8319884075101
15.4530308796356
15.4608485680302
22.8668895641602
13.8270188691182
12.7898091309682
12.2921653030936
15.8344474232712
10.707762467172
19.9607611954224
7.830655220229
19.2694549328439
8.06368954893202
6.94032012429784
17.6806704607438
19.8567100400649
16.2440747708649
23.6290244996499
16.1967102730515
10.3721596811209
11.3264906026686
7.03977095672477
20.1150964637211
11.2156817112023
16.2767213049976
9.3787090710013
15.0161099373237
14.051476943138
20.7152068625281
11.7916779950573
9.36708043344979
22.5466747728343
10.9516903164337
20.2985683642739
11.4507387130629
6.94019402735175
11.4782779901382
14.2699627870659
16.5085847632143
9.7617917380035
17.9687926796626
22.9212473761056
7.98726987537946
15.0926436905874
22.0546896918938
24.0912925563549
9.31139031728148
21.0361108765048
23.362552362676
14.9098524056801
14.260390374855
13.2953001179727
12.216408843769
13.8674129142745
23.1129026868036
15.1618491271458
24.0447969277759
11.9672265211933
13.8225756950575
13.1843168072883
19.345625515981
10.2540911080233
19.8401638751123
20.3546265585569
18.6388557802195
14.7849651296677
10.8290700484508
23.8374234354344
6.99911804281236
17.0037264376653
22.0931215565846
14.6652710297971
7.47057936384327
10.4342341512276
13.0801506157868
14.9322711271239
8.19958469181726
20.165187179722
14.0170875513548
17.9014640338676
13.5068260597872
23.5445255562389
22.5215436194554
15.8810266590364
15.1058750446448
19.5820378921799
11.0674719340115
7.76973945547933
7.93914223819875
7.87842131344757
15.8216595478611
12.6927416246163
11.700842754017
7.08656991436635
7.38608079486015
7.89515911742977
10.0072369584795
18.8707229147971
7.11124579532889
8.91393577512166
17.3989833791
8.83845561684126
11.3031862670013
20.4404044044041
6.96330331180157
9.54040681939321
8.53573625361883
16.5108946566166
7.14563323550192
20.2233408481355
23.6959576916681
7.62212751395625
18.9327977874894
12.4938320107184
18.4336279377526
13.5940237771846
19.7267146252461
22.8010526280598
16.0665345666175
11.332287040458
12.3403883285982
19.8351299135547
9.23025543791894
18.9080032684106
11.5318453921714
22.8719804142434
8.36937021606479
7.04389024700485
15.2596577465915
7.15853369623414
19.5353041245998
15.559804870216
15.2144374620998
15.093663346846
14.7440054297231
10.6304010349213
6.94044469595093
11.5947129489916
7.65331333186928
7.28444951738837
18.5668050177993
21.9316208639554
21.0279067174963
13.0328819906612
14.706556617088
23.019109916739
13.704059445506
7.85670851814204
7.13509815705256
12.7480966762033
19.0547592168919
9.92757528947955
15.1080259978677
19.010135993622
11.9952519598062
10.4296823301562
8.67763803849388
23.5258051278336
13.1610699984859
8.20407533829006
9.98545000638135
11.6037512268722
8.67002678050229
15.8332808339228
23.1990803377641
11.7607319305464
21.5040809614866
21.4060394230064
15.0316181538959
9.37443120393279
17.5482201086046
6.98936453866807
17.2408894551405
21.1739645325635
12.8252955498084
19.2896073620045
14.7923681888164
8.65885562081171
10.639040239702
8.40102029093758
17.1508072335398
11.325148463624
19.7574559631181
7.32501079348021
8.56189149456944
21.0554530563495
19.5567005920959
9.66444098975012
12.6672894415478
24.0422199670455
21.7481512397912
20.4543995125538
13.3602151571305
21.8869497028302
12.9965969470518
18.2449137665661
7.71400764491391
21.7512941981783
10.8108562033301
13.0429940881865
14.2255349337454
24.0133643776199
17.1745671622998
22.066393996701
18.7256271541985
8.98112353315746
14.5684545830589
19.5553836290691
10.4358833182062
21.4054277594929
17.0983482643653
24.1164471447407
8.82408915076196
11.5208965288639
16.3675897255122
19.5284437963147
15.7463396653247
13.3758246415455
20.256033135824
15.6880511394248
21.6958909543873
21.9400868970553
11.7533930762728
18.8520743030605
11.6545156134581
12.4795700538392
7.33012646123367
8.65273993325433
15.0473661355243
18.3353615580846
20.7392087773564
13.5332804091487
8.599391130948
23.0335431403492
12.3847892459367
7.92338710469104
19.2733428613677
17.1456847164156
23.1440738328203
16.3164658261047
9.71400123038636
15.3907471375959
11.6989645904443
7.2294196511049
10.7267409703789
17.2650522211975
9.55441555544986
12.8303925103755
12.9228411877801
7.07785964380563
15.6608659198224
24.1275857112058
14.3160781647492
13.1490028973914
15.6990154429529
23.7248356759474
18.696399317254
16.2384855085404
11.8194102089726
8.6982835015558
18.8875477406333
14.6338368528674
11.1373283825536
8.60487490362105
10.9188050861559
9.2533043373893
7.41934409467802
18.4657232607
12.2875581796874
21.3654986134871
16.9879268961878
15.9048300955889
15.9092421616664
13.9216654848046
12.6252811785008
24.1199527388111
9.17819817808551
15.0725400429738
15.7437344417531
12.3760635765583
14.8571995037673
8.05635300805583
15.0393896167506
11.2627566730804
7.36525302178626
19.2814731496642
10.4283015299179
21.5838722009461
13.4520734019852
17.7735370345884
9.27829477965356
8.23860084436086
12.3484842287252
8.73601901291288
6.95586266116269
10.242402022875
7.36335459534145
22.2524816642189
7.39737746579688
11.770741904577
15.1381086308031
12.2964552054626
7.29307540167684
7.30087040615849
20.5766985408709
8.09375676512306
13.2351366205055
20.3261864498076
7.83804315759973
14.735250688384
14.3907238703734
10.9859746114609
11.8695490931091
17.3445547593641
11.9654186299139
11.9142945502594
8.8043014454022
16.7724604260866
24.105742350086
15.3765455051852
8.43151252030597
12.309364749882
14.5746543983154
21.4480685283425
10.7594245390585
23.2754769903983
22.506186050415
23.2968229778306
14.8533075575863
18.8885292539148
9.78716951090439
9.72111041979744
7.63704187206383
14.6875837909158
13.5635476555858
12.5308167837111
20.3724318826588
8.70037962709647
13.4092361065944
12.7862410284861
21.3101305186811
22.3750168017823
20.2628537369251
11.3579111982207
11.7445590110915
23.5935447973506
19.2558995599391
9.49620795292699
22.6575363460829
17.3895274431242
14.2822610627506
7.32897824887284
10.5657216474394
12.7672329003983
8.18870097352794
21.2779127027309
17.8669049072844
11.3682059978265
13.9776896115475
8.39895258412038
20.2002883506837
21.1003768875777
18.9552341893888
16.6271244503475
15.5932105452828
19.151741234902
16.0117656165867
18.4220674219924
14.3193049902279
9.76219167708215
16.1238441394156
22.9197587421308
8.67941184548493
24.0930622303539
13.1021712338522
8.73777495396134
9.34753582126821
9.07609252358575
11.4939432000506
12.8851365099005
9.70451322558586
19.3882095189085
15.257936996408
10.8635432964985
7.36024525331262
10.322990667
7.06157396289611
8.06565256474841
10.9412954148201
23.9363837771617
14.0441630230217
23.4574577722746
16.0547048381989
16.0963143865238
16.9357340125947
15.8357514676484
11.4053064555611
14.7244704971944
11.334947589401
19.7612127588309
20.0568350651039
7.2826468214768
9.41242915029886
15.6962367249394
18.4856313609878
12.9798455774889
21.0488530355429
22.4253783610023
15.8019308550564
8.51031614930496
9.98561745260021
7.46279573500473
19.8265796289804
23.8593164300256
10.9569628416929
15.2256499713547
11.271227792307
10.8022262167142
7.20344464716105
20.9995715610692
15.8028033896216
16.5514327345016
12.8772493628231
9.54475157194958
18.4779000467877
11.6106769206888
13.0559138336308
8.92479724208925
21.9461558718663
16.8603209461287
23.9391118232683
23.3330389585104
13.0429061205455
14.398869767981
14.9582569348112
21.8845958144179
13.7846621068068
9.04247541693405
10.5636408652713
23.7763044119729
11.8440324922035
18.5817440974794
8.45236746422731
23.143165189879
6.94108986178055
22.7110978025933
20.5792597542486
9.78631301930046
13.6006792217962
19.4228886030014
7.69202936970085
8.57434754262596
16.459316421836
7.07626387463039
7.9966635466764
17.6790246708378
7.95429155664972
10.7658937625024
21.8625365771673
6.94035369290812
24.1369307866298
13.3810549254693
17.8990453064737
15.8981841267212
18.6788220068218
16.3283658338273
18.635501086334
18.347936588032
17.2339102444081
9.76973051676928
13.0888894674422
7.32603616573019
23.7675754424312
11.1458394992639
13.1570790561377
13.0781579300386
12.3832904077955
10.4858869924314
21.9740428498297
7.42179471492587
18.5190578351462
11.6219132027361
8.06920924904276
7.46936976409593
7.73718889431377
11.7943346317353
15.140136958621
16.2715541688215
10.5738169345317
20.8728224095762
19.5965971008323
12.0532980720347
19.8529761007027
17.5140633821016
11.1585877439119
22.6286735052217
18.6348435928713
15.3144691596199
12.3863867010795
20.7290869987753
14.7488265878866
13.1852848489293
7.75629709644325
13.6387136814234
21.0050116312096
11.2883898123174
15.3920168823282
7.40698707601326
20.8626526023906
23.5279987313065
19.1257524096815
17.2965897029417
7.38866945599757
16.8381088162003
11.5203325534113
18.9278027213603
12.2939109703757
16.5046351924792
16.0514562405748
19.9150287652037
24.0095131084091
20.7433901452417
8.45685835110575
11.0995838610423
16.7293176008214
12.3120486031731
16.4680582276446
6.99906415502041
12.3503907159544
20.1178921320988
13.0139377059826
23.2095193986811
7.53172931395851
12.2951414230685
7.01006891898678
20.1968957163717
12.9712631013288
18.3736846177961
6.94257948411259
9.16697749927176
13.990032434151
13.8569423187449
13.9818089861129
6.97921674903288
17.3343070721076
22.0490758843335
15.9251490359619
16.4371166730349
13.5225523905707
11.4420286680717
21.9169444829649
15.623454686423
11.3876430253931
9.17873701205603
10.4853778708905
7.38480544527673
12.1881651321391
6.96714210872577
20.7105275177888
18.3410393848624
24.123195682156
15.7057342654788
7.05333355225035
14.0402332030856
12.9226917176065
17.3924846298586
7.49343245988231
8.67880076144341
17.2917226551987
12.3991309031377
14.9663586404506
16.867838129483
24.1407668756042
7.53845993140102
8.72166342058518
18.7086870470392
9.07310151272077
23.5301602514159
7.2850012236787
9.23050351213265
12.9846246074779
17.8475985359147
17.0249550622807
9.44312902472531
18.6689785316387
17.1049253905781
9.56208424630632
8.0530410891536
23.9555975765743
8.52407241724278
7.0649493909232
24.0259730167826
8.57919493816524
9.64379745511833
16.8565131706507
9.22448422022181
6.9551554521206
7.21313538595085
17.0093963563599
13.0115669407604
13.1793323549196
13.0284837138276
17.4732115561805
7.1619681120968
6.98294536957599
22.794918091414
14.341079136782
23.9827237907983
14.9097768970666
16.3748515563181
13.8433112118476
8.49782816819706
12.67509275842
7.09466319844887
21.1436398348404
21.0472179893778
23.8865105569311
17.7671560647469
10.7976795944473
6.94031399892188
22.3913399906722
7.39418117369694
11.7433317376271
10.9180095510343
9.40441198497663
7.9816148133831
21.0362077691241
8.26864515666209
8.84017420998646
19.188492760981
18.9373629436656
9.13042957634845
12.7524164895673
6.9456707959704
13.3296576919074
16.9030952123212
8.18244847758612
9.56670371411533
10.9600318806106
23.9357837691494
19.888402933332
19.3786839521327
19.2511988004858
17.6639300998945
11.6879951909893
11.6653016242081
22.5733920080368
23.3087621812977
7.08189377014084
19.1187985502786
23.0961064932669
21.0095141780922
11.0063200602546
9.63384658181572
10.2058029996983
14.0914608437522
23.582256013631
23.6263517961904
10.5883507702277
23.6217839978547
18.1031852609933
12.2130403638746
9.35569683184577
20.1403547917252
14.6607275482929
15.5347128938084
22.7497995236467
7.8447925243469
12.0385602100554
15.8220162125167
6.94013385688203
8.53052399212371
23.3096644471366
22.1040090355342
7.68208945047292
10.1209260349237
8.71626010449772
17.1730556464072
24.1310354266864
17.9466863875286
14.1877797260825
10.7459981236167
7.4988752437588
7.48487813214709
20.6527586656041
23.3367714710814
8.80370709790477
9.23197061971568
9.88254849533388
16.6452712787346
14.8395097531843
13.2855526826714
7.76382520039695
21.8858991344028
10.2272252940073
10.6664671365529
15.6795631081935
14.4087218810845
9.73490614822534
18.7587110211086
16.4622040441357
10.234640053411
18.8103187906837
11.9022970404056
19.5014622797484
15.4809263117332
12.758338050839
18.9978715905991
15.7898698364529
23.8594152701957
21.3886173021633
22.7592329148232
10.0492657765967
8.83914432786111
15.9916189663769
19.6240926813299
20.3286604687287
9.80602932338263
10.3320166718206
9.04437770754494
11.2945460605609
15.9843598441136
14.5255990262249
8.04031487203411
14.8432879622593
7.00002447380715
19.4522098182861
11.0634328097947
20.9526730866505
8.78079134060874
17.1655773484852
15.7501013652208
14.3862478489651
15.9291556963337
10.2049248113008
15.8364863437048
19.0960221673369
16.6927689305464
20.4501561425278
9.90711700936928
17.3415796774659
17.0208946141644
21.6844518320343
18.7376774253767
12.2375087692842
20.9188216100425
9.73479908321689
23.3830921233782
8.34512577358511
24.1024028732878
17.8631232806743
23.359744328746
15.8563576774669
21.0208114375954
17.5020757445475
9.63233854923423
6.99057640234876
7.89578962370473
23.379145759144
7.51010864885992
17.2491988579349
18.3857342077846
13.850003299138
15.0775915638549
9.8566524441942
21.2584604495034
6.96710922844027
18.5959497784581
10.5862473732215
22.7024714903808
7.19395405819505
11.504369120384
22.0674312563159
6.94986631918453
8.27379845514054
11.3861763896835
7.03739136682432
13.1813488042369
13.0949898470693
11.990723035509
19.0740125953847
12.5442489483483
11.6980376444903
14.1627376229368
15.43912625931
8.47346292921629
24.1029147601157
7.12167344548024
17.2773007175165
20.0479455103698
14.927949357327
7.39254216886245
23.5807284283753
12.1037402959386
21.0740260423601
24.074832240116
14.3467139798103
22.8718982200616
7.42581683212062
15.6685364437439
7.50265056291249
13.3666948694594
10.7139303199771
9.89421247964402
21.676274690047
11.103686521751
19.6619547566403
6.97263372957866
10.981609102308
9.45971451983482
16.6751286014733
8.36940847872076
23.3177606463554
6.94939230734124
10.0285908571127
15.8215352475153
13.9236410663301
6.97702102054497
23.3006982913227
22.8836518386649
10.4290244251589
13.6953548852784
21.7585503471557
14.5940041757872
10.4777107315017
11.4518991820819
18.3377477464244
13.5356419262573
15.0575424858205
16.9444520695081
7.98105912023322
17.4797504328338
22.8319675584685
12.018121287285
7.77619147502328
21.2030179139298
19.8380581886237
13.79755166244
14.8046796883553
16.0308744004467
17.7779275695351
16.5495642442684
17.7222072245673
20.5549675974167
13.9415323339254
22.3883016244003
23.5277178345977
14.2360330687811
10.2190390383646
8.27924768686902
11.3960436872608
18.9303031723607
17.2322132343631
8.34774099995881
15.6507728654886
23.0355055962288
22.9912243293608
8.41900841871153
16.3467437637779
7.084882707949
23.1861854242766
17.2364257199329
11.5064840904884
10.3763741699947
13.5658132556546
23.580259987309
7.55228381887809
19.4855558194436
19.4562797428387
18.7145010145317
12.6080017734469
9.40546048915049
12.7333459737021
20.4258762667972
7.77135457086152
13.9811032091858
8.75408467247634
20.1516412491527
12.7623330925869
19.0202455760718
14.8176723064009
16.2763914824674
18.5021059460209
15.0615499121938
23.9182008347926
15.3526653653033
23.8356405309427
18.0476616096456
15.0365496762803
18.3320270206621
15.7611615278333
13.2704658469155
23.9694688719039
6.98098901866322
16.8329755569251
17.3342941356001
18.6015153917414
12.1302804895124
17.0547955357942
18.1773080957094
19.2641857994644
11.8288944590093
22.2976639105404
15.2461207672859
14.3208374579234
7.97783753898731
10.5802392099913
20.786548287978
8.91428615222718
11.1021505582655
8.41864603132174
9.4679908754398
15.9639504449674
6.9408744701977
10.6286179085962
7.50485534606999
21.4907875350027
23.726691860239
15.4389730351887
15.454091126109
19.2796495774042
17.0944332637969
17.1686807374267
19.9360535857073
22.6960883278248
6.94242542234526
21.4617618098423
7.10621509951188
23.1295993013302
8.98033581042388
8.64286151556096
13.4278217612229
11.2573307177892
15.3792613701286
12.3945618537544
21.5868981952565
19.1939944230618
7.04506110971552
10.5083787780139
16.7598451489017
18.3774281558934
14.7138158643802
17.4307388493522
8.308149821064
14.3418237292268
6.98737532920016
7.61882505592631
19.6757144421721
13.2113320711906
22.376110832496
23.033141679794
17.2620508654143
10.9015885130591
23.7890883038011
11.1853114917274
18.5083141845446
13.6467544788574
10.8144512509429
19.7732457513237
13.2921709605684
9.44125860922535
18.9785481222623
14.0872161858851
24.1498533767589
15.1440813072861
20.8655061171428
10.7012357510095
21.9538191454928
7.70704854736107
11.2231670020084
7.42110899062718
20.2313535689088
14.8975668818831
7.44347209817141
20.9421339549018
11.2074525302446
18.4031922936422
13.9934497233905
11.2593760379441
24.1121445307448
14.3837618520687
23.4998728566242
15.1793067754357
15.3458973580641
6.98518674319338
20.6449268351076
9.98111295421626
15.1533886388947
11.3590909896087
21.0129420442984
11.6413281822897
18.4600985279479
20.4384893545483
8.77469079784884
6.96787145712241
20.6270384616412
11.2767319679006
23.1373191620049
17.2496606327615
7.48894650614065
11.4586500326459
8.72039174092803
13.2748503245221
22.9691547195352
20.2415184782776
13.3851678734459
6.99521559871046
23.1825450936167
14.759999037414
10.0959677787096
23.0619000200454
7.20005142973677
14.4602478277998
20.8448020372197
21.2991501800277
9.96516536174243
7.33923167626702
20.474273105108
8.84301782120028
23.9207530457375
12.3261157464693
23.443626209996
21.8564789893422
16.5172946624083
12.9073422140413
22.264557082226
11.6974266323277
10.5193725885872
23.7959290065739
17.2030505959961
7.28233362927502
20.4141306583242
15.282341380028
21.068562864464
23.9924992814125
15.0530948353751
13.8355724437405
9.60350271269284
10.3528331177479
12.0466079670755
11.5369211189344
12.4203305380068
21.1211706011637
22.1665640985712
18.2465805667223
22.7164543227372
21.7600110278705
19.7734466390262
6.96635595390503
17.6263674142627
13.5310492963262
22.4594859018505
19.7329316787379
9.62369717863652
13.1184798511014
8.77537507672362
10.4593561495356
21.5889928311664
22.8324371005245
16.4543337030518
13.3503957599736
21.8734254702185
13.9462454610744
9.61334896789112
11.6524786424147
17.6268678008585
14.3483726388949
23.9499563261756
22.3637234202514
14.1596592383684
11.2311852660293
6.94482248283606
17.9681383336526
14.7303415646342
18.9632789136468
14.2176236384164
13.9170888829026
23.8178319278786
11.1466505336007
18.5609429682805
11.9462822001594
16.660723345628
24.005167505632
14.0005454146899
19.7814236248537
7.64393952458543
21.0992950352606
21.4444473175645
23.8213917871309
9.36730620117578
14.6020749508749
19.2955101428033
8.30908252009625
13.8359097266784
21.5897215846584
15.0175672765503
16.1940133440207
16.2707714037282
11.0815334735136
23.9429620484112
14.1773760869621
10.0057731759784
11.3479490272047
7.35342963696301
18.6984042150603
14.6814418090116
7.14786456283788
20.6537153490411
18.7722654870407
18.8031233937909
7.94182998937637
17.68050909718
19.1482109165394
9.71483352355672
18.4596741372689
22.2405146496532
22.0637660541017
14.0231797884602
19.1024817638491
11.0018784251112
19.2718785816574
14.6272903457747
20.0596912858536
13.390612775865
19.0887993691921
21.7182009401861
7.89323352045398
12.8850611816666
15.3200145865086
7.64570849685924
10.1552707851039
14.9236808865303
7.28893183912468
19.4988110830629
12.4515296120343
10.240496243036
23.7790374817921
6.94441092947386
10.2246394832005
12.5929293934768
21.7314620870152
10.9678844934656
20.182537225026
14.5901946586909
22.4966963725743
17.6085706910606
11.2048688064919
6.94172131859643
13.4004983562063
18.4661117984465
7.18377355911942
9.08050037165228
20.1505608296761
8.01370710294878
15.0089822398166
7.39797044761824
15.5815717016298
15.5466804682356
9.15701404459059
12.6099365374098
24.0335756186945
7.76150426216734
8.78084780571158
11.6296538003121
12.8960471745413
18.1084142567343
13.7390394505755
10.1925796328048
17.7197803862585
11.1114946602222
11.4653702615739
13.8151605144572
22.3669854247745
19.1341389533174
22.5296687559429
22.6719105989035
7.26292178425313
18.9772596417652
14.7097386280537
20.7649684025618
17.3547206026448
22.2213940113996
13.6116486753189
22.9726942926973
21.8659170251309
7.81218109001349
12.9217617700684
21.1055523076039
6.98426578172003
24.1427321789572
7.27968890207536
18.6528384824521
22.0016215018717
9.19165544246861
6.97009743828547
21.9783337725822
22.1233802788451
9.9596414551952
15.4711117955735
9.79968670975098
19.4128947553599
17.1955981076901
19.0958902291927
13.7549928254276
7.22391047625686
13.8215713144614
13.2402976756578
10.8375910119248
16.1957965639037
10.3169942237427
13.5691471060727
18.6164868951657
20.6941182832653
15.3333330430783
9.70405156990569
13.0164129064186
16.2718829797416
14.6701035878572
15.6497435662427
12.8925420215671
19.5990367571158
11.2506111810945
20.0404855460171
14.9128888821945
13.9545463583261
11.3660695081054
9.16789623537555
13.1425026040104
23.9827001600351
14.623989038748
16.8098173429505
24.0922846168448
7.13167689068352
10.9647386404852
19.17741621893
13.1325168514407
11.7587247141762
16.8385220764338
10.0435245686372
23.7416697262348
19.4842271671928
22.1854704094543
14.294451441806
9.75322973104453
10.7015934287133
19.8908948165038
15.7962394211505
23.9364140845704
9.59917810944319
9.60632543488146
8.82051117531234
12.5359441556377
7.53080540307377
9.21399154507971
19.4444316653115
22.6651987005969
15.9433910806645
22.3003562124771
22.0109560905056
22.0906958429095
16.7569999860375
16.2860483730097
8.72484061145436
19.0100026426586
24.077222960977
15.5680869954117
14.8097104632353
16.4891092674234
16.1648574387795
21.2261727635643
15.4341993382263
12.4158340658995
8.93238520004262
11.3706035448219
14.1287133051714
10.7587280027276
17.534884745925
20.2903229570863
7.93542846878331
12.8951150899778
20.5973323947074
14.9326655805368
8.7383242637212
19.6506409377145
16.4399781257465
9.73366716280613
12.7997261242135
11.8239048887345
9.04955435919403
17.386186449653
7.72110942870028
15.9626151857098
20.4489621963259
7.46436470824128
7.24001674288431
19.4619370044502
20.0969355012315
19.3819786236712
19.8833109834758
17.1861750845716
10.0631942110043
9.49231700922735
23.8835321647925
13.4902424562775
18.6176321721893
11.8196015417252
13.0332431745239
23.6877124409208
16.0646891156726
22.3760154077574
18.3818261427347
18.2081597583117
10.5978259095037
21.3660501001383
11.9523417676513
7.4637950812234
21.7633409012866
14.0206465501716
16.5401573911141
12.1438175229552
7.5366814107487
10.8652816972944
6.94665663342515
6.94187724334477
12.8436623068016
22.3867833859424
13.1320111085858
18.1153913857931
7.38135096540343
12.2918540956538
18.0616449547593
13.8922770214433
22.7416325702852
15.0060278343936
9.99037040034338
21.0027184726343
13.9781974176093
18.2952980597345
21.5104031068367
8.13353822767926
12.5379015856935
21.8901121549074
15.1428648936349
17.5903565518011
20.2913806475229
14.2282398248375
14.3750546750559
19.1341585234425
7.45665024153544
19.1250574293142
19.2774647623069
14.7394257200038
24.0355028790775
16.0014302675315
14.2428064382341
10.8869964438273
17.9738443288661
12.2482888153862
14.7816371269071
23.4872274390077
6.94086502751819
12.8177120315141
12.2867572326415
7.11621310280771
19.4600908838251
9.83572525148384
12.3566320105973
15.8809926746533
6.99664411865013
12.578280339146
12.7011114090462
12.2275628703469
19.8726118563118
9.62706975643998
17.5190526572525
24.0358263090283
7.4937433186243
10.3342300237689
20.5781595729306
10.5838303504873
12.5140144537405
14.990087616322
23.1804258207403
19.6593748052145
20.3855100804613
17.2502411275821
16.1029177844813
19.4466827013358
19.0791649929352
21.7707512421628
16.9246935944071
6.95195598236154
15.3281167413412
7.66533156079246
13.7301641369581
18.4194011141172
17.7327135981947
17.4877050923728
14.6504274023353
12.2045433381782
18.5962351908122
12.9117979273186
23.8121579010506
11.3826369107274
8.32886441452521
23.9489322050923
20.0200971862131
8.16547975615959
22.8012141583979
7.43189974367664
14.11050562891
8.08076845560798
8.83602509843457
15.8690690030216
14.2427066939333
14.6890662063933
23.2195631951831
23.6743839098341
12.4482360092279
6.94449535573835
7.7415326387531
14.8791015626488
17.9441470426315
11.0273804143143
18.9644812711212
14.6936158390266
22.3907865860349
11.4227206092816
19.4688553061134
9.01205408769176
19.1873498810006
20.9110591003804
7.15803847593874
12.3198835709489
17.2832348072371
18.7322374214313
7.1055459082417
14.3132466002695
20.3557441785738
10.6179958565149
6.94095922330871
6.95041862548988
21.2862289542609
19.0878967159962
17.5779568911392
13.2687797051447
15.1197310250019
15.0066827389757
23.1023901946461
11.2272627800482
22.24193616283
17.4158257727699
12.4046552930565
22.8732962541351
10.3215997683004
8.72165235031483
7.54671464387644
8.00971115383992
12.7672015889089
12.0495171308392
20.6250711988306
19.7501677720449
8.69062817969252
15.8273182405463
17.1501610633049
22.9888383488339
15.5107336150293
16.7792366234856
8.40267705256784
18.8127345574862
7.03544591707223
10.2782898665449
17.566550310743
17.1838045549881
15.9024274034618
12.0145661719875
16.5607834181303
11.9953821218957
12.2668193874234
14.9386695630259
7.98296836492799
9.67685836901796
14.2934950566671
17.9337546734831
15.7032693796897
12.7579379095641
15.8180202491363
9.0073444323496
15.947530765019
15.2891607959696
13.8698642958155
17.4125660973477
13.7711934961231
15.7637402158049
11.470389384073
15.8801225120972
23.7009315731082
7.11861960149321
15.5071717621486
18.3718060917379
18.6949055788179
23.9204620961
20.4553645247876
17.394667014285
8.88009957687412
10.7442639470606
8.32331752957899
23.1178158941897
19.2511281983265
12.9623941023447
8.341815053491
13.6034876162709
20.3871418345032
20.7051280616716
18.0919821897919
12.6344863737876
17.525288616687
7.15184352543348
10.6933751172104
6.99966745834977
13.0988323600991
21.3954967023414
18.0577453151504
18.4740225192834
13.981421173311
6.97772898937546
16.7824272355829
7.03123028658075
17.3184474281668
12.6675763098424
11.2025121734414
15.6105472280496
21.0137420730932
10.3415721728597
10.6726820869
24.1348265710717
7.00916163150772
17.3208579927335
14.6430833068323
14.9548415290583
14.9347346013923
14.486261206182
15.022380055515
13.112691776032
12.635955228381
8.97848148752973
11.1583822513203
11.3080661150086
14.7427240065013
13.1420072117525
22.0468495912825
22.7261391361585
18.2039043551585
10.0292683183216
14.8777503239817
19.3743997739405
22.3223435839422
24.0667523477778
14.2909675404773
24.1359400008833
18.0525248045345
21.2019998846797
15.3812855086292
17.9516582066874
10.702456852213
14.4837360514283
8.64671405568784
12.2213438696316
21.140578724258
10.5547600256807
22.8192025532367
14.2059776635746
11.3778119524344
14.888336178784
23.4113504586371
19.8961107284305
9.41029725075546
16.0305241150962
8.63410136644172
8.66974712193803
22.7480098586029
7.09242141936821
10.2010976529521
10.4705947515512
21.9770007729734
12.8536210213359
21.6180478266822
23.9417169081594
11.1329448578939
9.38494328592409
14.4255084046679
22.3316830969624
20.4053471809305
21.7781175620379
11.826082207418
14.8432301822033
13.2263894706399
18.7176297091805
20.7009869822675
13.6308907660932
18.6097402106816
9.49628337384726
12.6078284483679
17.9682646310297
23.7082675094707
15.5782356565322
20.1420811903241
6.9544815375103
9.03128164557534
8.04419663008323
19.2000804128485
18.7414684564596
10.2485374202436
7.51817031658738
10.9005119038443
17.5752855153656
13.8731194189275
21.162001802991
14.1228300896974
11.2551014472742
22.3060903017466
18.3846015085132
7.29350534085544
7.08212042671753
9.00886658741045
12.6682511107627
11.5697721623576
15.5462420225374
17.0222559810787
12.7634140576401
7.44432983608834
12.7680021337394
12.2631252827402
15.3391419122105
10.3961005068127
7.86518169519274
8.53550084079561
8.80747801441679
15.4023086371775
20.4447357356725
10.0859535103503
21.0805692270001
13.3378737102976
22.0919363418835
13.573753261349
23.5127479696584
9.4979411300423
7.26208481048054
9.31066126706856
7.16720608775869
9.9681141608677
18.556438828121
23.1137177464611
15.6322953611787
16.3596536357307
9.41450155232935
15.3975323311699
20.9322960882448
23.9567838050178
24.1374686510741
22.0991263655849
17.1653102551412
11.3812417754235
11.1572418442238
24.0189594701263
12.7309028669859
15.2144805673094
9.78497669265877
9.33788147369355
15.9856821178107
16.6575505948225
8.40026384844742
8.41931682501509
7.31046742769451
15.6079897840366
17.0756741183062
10.1030942014114
10.3720260563168
22.5857755899789
23.1756833492124
9.31412600951363
17.4553277503664
16.7603088606425
7.24375446563077
15.7119219734109
13.4197306086657
19.9810070587857
7.09255788192322
10.404316297205
20.9283832829018
23.9895926826729
24.1480053465102
17.0573570718199
22.9902801405765
16.7592489014617
6.94074105927618
17.490185708353
16.2124317483738
16.2500319606693
8.43901539599812
21.581219290855
20.4531822275498
8.50432549576817
10.2155318691882
11.7882490081417
15.8643155379213
8.67860840121963
18.2446393787842
22.948711888392
18.4996408252675
23.283386823609
8.21532601549944
7.70146623670637
14.0416335728411
9.81935280368617
13.7144867114543
23.7308896424809
14.8977565063943
14.7642604507687
7.5535878642575
6.99018396960997
7.77821466872894
7.18853032790295
6.94126374888733
9.38114054076242
24.1435421263168
15.9386888687098
7.61398346294265
22.5610898158752
7.95295127634907
14.066707864085
23.0674403696285
9.63352429848098
23.0293703135095
23.88574574187
7.06113174325653
21.7730147659287
7.75646154705079
12.4589149974648
19.0129945688902
6.94166508103613
16.6400977466813
17.2213153030289
11.1023453228221
15.5740665788371
18.4684521200738
13.4582962117218
17.5389240239003
14.1807949667739
24.114248771495
19.8421502229981
7.49428242015619
15.4240212761374
20.8554724584166
16.1540980655018
10.341735445774
9.68434926617494
17.9267461442519
17.6653150311082
23.6076935787081
13.7705543443113
21.3666910757662
15.2937301404917
12.8199912040264
13.1672750833864
11.0102912690698
7.82145409216779
18.3408060214459
23.974906973387
9.06539662568684
21.5767240856316
8.03471905038568
10.887249553873
12.7592340665983
7.90545672375979
21.0583360086141
15.6629600793503
12.1380515672038
7.88628015307079
10.6824731243667
13.0751259544948
7.43857807245408
13.6644900558086
9.61285582835605
16.3772671524176
23.9671063319267
22.2334939957463
19.9488061426765
17.135034340104
7.34528118950593
10.0041860276864
21.9686225721605
13.6146560880299
15.7250788387166
7.08830482336805
14.7740308141298
12.1395207085267
7.63796934938957
7.06615649294756
12.4259751365438
13.0978661849332
23.9391831117449
7.42466835996659
16.0699056355693
9.89746708113954
14.6888540434955
21.3849700005959
16.000045430785
11.785162333481
21.327489191517
23.4059383712318
9.93730646004331
18.0323169029315
18.9760907502198
23.2549384147107
22.346262693867
9.00787957093248
11.1262679400708
10.1799167322123
21.3595154334687
22.916689966468
9.26274749577359
18.8227371227252
18.9754557748244
10.2217409839601
24.0748764161476
7.21925433656199
11.7615899396038
23.9255042292238
17.4341299757716
13.0189780269134
14.0021031763604
16.6790958523892
6.96016167702903
19.5174353736456
12.4393901492455
18.4705906888003
7.02219226936322
14.9547159101073
8.51585585920491
22.515874526378
7.46955856235053
17.4427869381753
17.1689266357505
7.05465610901642
20.4254363222824
12.1569837904786
9.06843950589739
9.54838883627242
17.8377820675287
15.8980333771832
24.015827461258
6.98055239706434
8.27638482409869
12.1300185249153
17.5535974459604
12.7910700113617
10.8947124150374
8.43665636003903
22.2814074762015
9.88517263087947
15.6428167163287
8.57315135498032
17.5674941871499
14.8824814942184
6.94539558913573
16.1525412125979
17.2100074191328
16.4246341176867
12.1698448428935
12.6913561629792
17.7100539042655
9.3678658580084
23.8842119728207
6.95350774369239
6.94122945601579
21.09067323081
12.7477214496605
7.71356158250982
19.6120909006096
6.99086340349506
11.2521884870872
14.6746323296868
13.0139308826654
15.6273142221126
18.6811866905452
15.034382885857
11.3600935255516
14.8826616216719
14.6268750072898
11.4280135625145
17.5768271593087
21.3690630947065
9.69225808518952
17.5692456342542
21.9306200107602
15.4951637406726
14.679337920635
13.7077341986344
19.2486102509972
12.4031809296893
10.7842153424398
7.83039777968911
8.73960487193921
11.5761588214333
7.2241622245503
8.02242432672403
9.1160753122205
15.0465321873421
13.0567543881838
21.3555315608446
20.0865703486055
10.3292615265232
8.00415382660758
22.1673860419278
23.4620177432443
10.7026045111806
12.2166828729355
10.6416704830775
23.9262534467442
11.5684155488811
16.5103497035029
20.5769392834586
18.9833830736243
13.8202681280084
13.3670128759003
11.034558645114
9.21437562344145
16.3528156861737
20.3968669776973
21.357292203057
10.5573267598206
22.2347388331046
14.562692598487
7.34051953050518
16.9027521471428
8.01924006150835
24.0044043408394
6.94182048182588
9.92426254823435
8.91966873263578
22.615157750858
22.877319159328
12.2588125533241
7.51961414549924
14.3628974868057
13.3191603023191
11.7758177054133
18.0825416942708
10.5345485897392
12.9558991971879
11.7752419362308
13.7193318985633
11.2463322190911
13.0825402285877
21.9787758009995
21.3549492402115
7.86476603401147
18.8490144793545
14.8966460844722
24.016310830229
16.0660268773797
13.6209189614468
17.8858078377131
11.8719737426648
24.0325890890627
20.5210974227413
7.65596279904218
11.5892664487645
8.76489846657703
22.3817850641299
21.9467394832015
19.5241875084693
7.44427691456241
14.1468624122047
16.3963392081373
19.2814491083037
8.88339998509038
15.0779186047068
11.3311198772436
20.8934728338682
12.3564104985112
12.8129814938967
17.2421766518758
16.2191227036801
14.165883732106
6.94552243223604
9.83056476789771
22.7521933032071
13.6344628172974
8.33772536364966
11.818378561915
10.6041107778552
13.5307463755832
24.1416856210757
10.9958074278168
22.2391087308399
14.2687335749682
15.0728987449158
14.1351788509468
17.2281073515558
21.8397480971462
16.6818371428103
8.88694487621792
10.3454558824087
12.9987130488408
13.9038792714732
10.8841157766726
13.7740655522693
18.3120787232084
17.6238179798513
10.9206796790947
10.7836769014337
7.10634755544849
21.3311569451586
22.8625192943031
18.0926401761298
14.522606948535
7.04387670671503
15.2625447087308
13.2316298137006
18.070623302147
11.3665028243889
11.1526018376074
20.2245761668644
14.331303432433
15.3976003685432
24.139383679199
14.7308705246244
22.4753969106237
20.38354248083
14.8160428663674
6.94401457494831
13.2693776281028
21.1061360598145
8.13723129665406
8.97207245846522
7.87676627874908
22.9538070360029
8.71874685861708
15.2417327774349
19.2382183309636
11.7161742012889
12.5072317551381
22.160022160392
12.597388127644
14.9632255926666
13.1705290780638
11.5922333335847
15.9880359458969
14.9300258538375
12.9489870475156
7.68199141246205
10.0782554148498
16.99297539329
20.6123528086513
9.12916705701788
15.2874197974253
23.8772048268953
23.0122578398854
9.16655141585148
9.69670210045978
7.45526185227106
6.95445293540019
10.0478444439329
7.98349078031399
24.086961181037
12.7505373695761
13.2394912027232
9.6822685993724
8.62621966468537
18.5158680684218
16.7320997135383
8.34613484239251
15.561005171372
7.42907587592408
10.8649707985387
11.4247148345487
16.4023841966438
22.7058062070003
17.222770534111
20.1725508296833
8.65410609650312
12.811974777933
23.1196154530661
14.0672102244542
20.6652340903697
9.83648905093331
13.1851084608726
22.1661973286696
9.25183238764531
8.6326075052385
10.4473367590452
9.23467145368447
19.7017659106198
9.20392419755316
7.07251746528319
7.96711296063582
24.133651993043
15.3295107565466
22.3252296029139
14.3733273713443
11.1542967285651
16.697613129872
23.8722250745128
18.3966219763412
23.0138067093419
24.0761485920061
12.9266161806095
8.63584846629979
16.1516964789897
18.3851274408369
12.1218915576652
13.6512083842526
14.2233425293833
9.71763141937638
11.1650994098627
12.6070204027519
6.9654431926116
24.0074390248853
11.1412506472655
11.888674523174
16.7452732192861
18.756174088044
16.2342656559169
17.3361861899271
22.8141263570011
24.1123264099423
12.0595898742962
6.99736396700641
12.7169212913355
23.0080350455476
6.96900152111436
11.5748017045923
23.0365314123991
10.5237705409567
10.7189677497086
16.464533458936
15.0427533996953
17.7623118382945
17.1704096859807
13.8712368604816
8.98059340502631
18.4500324214506
14.4820524137272
13.8506535224789
8.17275725311653
14.2073886773145
17.0799547630981
9.23862059066429
21.4198100051237
13.1793369193805
7.3221981634695
8.71663511918072
10.439890886265
10.428669207682
9.61199847834352
19.4287033621652
21.3940098727592
20.2924078051997
16.5364418093853
13.7974501213667
15.3576279001932
7.33436886045899
20.5847472624952
22.9219175444806
19.2361680300193
22.0238873947451
21.3602350381841
8.94632570161225
23.541210597994
16.5499028822261
7.73016552409412
7.29497579091055
9.69739290534548
13.3035715911163
18.0730249964371
7.75515390111716
13.389401171168
11.1819902792513
13.6523496152477
21.203698955982
21.4806220839603
11.7886658325434
8.17504661291725
9.47514617310531
9.75561850505872
10.0316993221722
7.76763079600643
15.7101942408759
23.6331318097075
8.58740234307679
15.8374075841394
21.7116311398107
21.1258689380461
11.2889128179496
14.8185696902914
19.9129257247093
21.7592211633817
8.32252982876425
7.77167640436647
11.4016148191052
18.9013268978055
17.1420093144173
20.242938032972
11.1460114241384
19.7014562168251
10.5670032884586
24.0879501177969
17.8819391680608
22.0617884585245
8.04711371693754
10.3059278800539
11.3667778491916
11.7927009967687
21.3164415334284
24.149195728413
9.77757432290879
7.09271314311552
19.7170132493028
17.4419379823493
8.23779646235492
12.7721516576544
7.24421338638679
11.8185897503093
16.209520406408
19.4841108820114
13.2762402084581
8.13114622549986
11.7040736177894
13.3546776177521
15.5342013095003
8.57978285976967
21.0840347509669
23.2546330998212
21.5345061499327
7.43488502117002
16.2432166013026
8.6047759461508
21.5866444263913
7.95599668209316
18.8956970576477
13.1324008072356
8.87434650554075
11.2982377509975
15.1772734950279
10.1624240970566
7.35148130278776
7.68094795373823
17.9712903773839
15.6712459163736
6.94013730083591
22.5331416003191
19.4605844328535
16.4927992080577
22.4339525477608
7.83133307314479
13.2628855857147
23.0281875578764
8.36856318840743
18.0184528464211
15.7473120488772
20.0316931544577
11.1970508538714
8.99296146513988
8.7047505866814
15.6573914478011
15.0287679925847
10.6622766842279
6.95321998907002
8.52431091665606
14.8556164612705
8.74595730477441
9.18832122480734
9.13256196932374
6.96960255108342
19.9015573112441
17.749640579766
13.064534020963
13.5632393156926
15.8838337866164
14.5417436014824
17.0204208687675
13.9297251462974
16.2198893803147
24.1474835678527
19.7392337585191
12.8220308479121
10.9458096785743
19.084754781683
12.6822403731523
16.0422384202729
21.5929446025783
7.11297278211729
23.0628313254046
10.7713242148904
14.2118648890851
7.27461209291305
16.95208631088
7.05069519637703
24.01709345871
8.31863186679218
15.0561223262003
15.7541511103323
19.720285780136
24.1440985135538
9.38603111186034
22.6800420446315
7.58745721329645
8.96025335363073
17.488379541424
14.3252688202007
14.432869575543
8.60725364611537
21.4867722642044
8.29253952790334
19.1962915000505
16.2291455333213
13.0610972660395
8.03389564249641
7.8202974199209
10.415486010861
9.96950148635216
23.9485109255775
24.1360860621127
23.4295082720243
18.5612334851285
20.7824468477302
21.3858407457411
19.8033960903339
21.0630919105111
15.3768247207315
17.8479322665137
13.304301389568
18.0259385800598
8.72402997936456
12.548540877505
7.67505428555116
6.97086931154304
12.1650860987773
11.2886237126487
22.0144478843434
10.7268283035446
12.3525887321015
14.0463469779693
17.6311548721953
14.8053018204802
13.2836277991045
16.6868300130585
15.3180236848584
19.4491048971289
17.2641581444864
8.95907498081034
20.2085941739724
12.3009211448324
18.1866817101231
19.6836503907995
20.0478732373806
17.753801158227
24.1365364881336
11.7577683303586
6.95561340284086
11.1018956758551
23.98829118188
21.1030841666566
10.113521353755
14.6245315381971
15.7057464939227
20.7586087674035
15.9766935571272
7.2620079971496
19.4343685373181
19.1293853228696
7.34841563521555
12.9610143864777
17.7162173019828
6.9416499869002
12.0483048407537
7.13372777743247
22.7364693459423
8.89864773987851
8.34501281210348
7.59925174919576
9.86255804686559
13.7843614507244
15.1613990396436
12.116826080061
19.0456936229846
12.7362366486083
11.7778485714366
22.9892371685553
23.5943078413603
24.0427552501461
10.548841281366
22.8732931669068
20.7925303641907
21.0450777358487
15.5197434951096
12.3800528936957
12.0118070894869
8.29000635562589
16.9889719680727
21.55552478654
10.335011369674
19.6386561537928
8.38344730030526
7.57705811045357
24.0025860968953
19.6959035654826
13.0919692995799
22.7596068613038
18.9752312349422
7.17590555764706
19.1626852634874
8.36434931104389
18.3513797763144
23.8654114880068
11.8755848485982
15.6761796804846
20.9059016747726
23.2974311265176
9.97487560058889
13.3383525463167
20.9868622951766
7.25886732857479
18.9067416873361
12.2466204887528
13.5469888459435
16.5329821378864
14.0247891220739
20.7840212166882
23.4802369405705
7.88641679983427
11.9423317159116
8.99801005310288
16.7278862304061
13.4896988255708
14.4479089943497
11.7393293927359
23.8057909876851
15.1337992332356
17.8056082980445
23.4104763906498
11.7150857714318
18.9768526552882
11.966068299389
10.3564766737565
24.0960736478734
21.3351769926993
10.5249839040206
15.8782558762162
19.9765579882579
18.301103161101
19.9223832657248
13.7480811368084
9.02642222507173
7.47085607290769
16.8280599797162
21.7308065153077
11.5227773836149
20.8676660143336
8.85031342557264
12.2329990749851
22.646562407462
14.4400669580161
19.6658321187608
22.0758947953466
20.0864946123302
16.0837697285009
21.4059286163443
22.1271819919478
10.2523021402354
11.0582202355826
22.3190565125159
23.9157926132008
22.3231932124837
12.7331944422457
13.0393722215508
13.4408974152818
14.1810050056845
7.9604843501199
7.77055854737358
20.6509186456701
23.4829316741335
7.72463319761857
18.333033759722
23.9168145704252
18.9959203963219
19.8884606172766
7.28889811353674
18.9513394217513
13.5689221360083
17.0387211388884
10.2631252343589
13.1823980916191
11.1198541299114
9.22200082657235
10.9333605211957
20.8257996796995
14.0545960088448
24.1380234877538
14.6656343013474
15.5967863956715
15.4161588690758
11.9941272676568
19.2149347335148
15.8410438506719
16.2940661506323
17.7696148720152
8.3741950364922
15.2057173876588
14.3026631946779
9.660171645855
17.0848560000414
15.9527200389179
16.6219064980927
10.7768907895452
17.7256920553743
11.0548330616787
22.4206610472609
14.9755295318617
21.8829582947525
11.5499316573571
11.3669855661371
13.2184909109076
15.7021855287527
17.6160579131562
14.0219969351597
17.8715897308705
12.8669128149881
9.80223760274302
12.3688170411035
13.5607605158587
8.21230788456522
21.5108693793429
16.7506230662812
18.8174446633422
14.4773731002514
21.852369249874
13.5837822319268
13.4771628866314
23.161641224986
7.34870032003979
12.6628773197391
8.98901733358382
6.9992954676127
24.1238902201194
15.621564982679
15.1821037990007
22.5501189712353
24.1210282107494
17.7132441210556
13.2613923501115
6.98678681222374
17.9878029909188
12.609356092583
18.1087713463177
9.91162803897821
7.04665931231583
16.0627857245311
8.08295941824448
20.2524384405179
9.93610220914163
6.99678181450561
16.3020792223556
7.95549307113023
6.95204500457456
23.3764641319846
14.3554382915817
12.4908448484231
17.7737845377704
20.3647030916184
24.1501823864147
19.2119893704391
13.3353054573062
8.10315419490505
18.5508305153733
21.7951098690841
14.2313814668722
20.8432252278964
21.0814476253325
12.992444480704
16.7314478082802
15.1201672683692
23.8165514216068
15.0671080222666
7.10040593209304
19.6438138729101
20.2244247556173
22.7974183556628
11.5314234527936
8.51065495725574
15.9667916862128
13.197815962091
9.76975966430995
8.69469637536551
17.020715707193
20.3363793466622
17.7561840060219
23.2068295615413
22.5059169510791
23.8796535181536
10.9963731652984
23.8158565304435
10.2223621061891
6.96357199468755
23.6396825196139
21.6934885360576
16.1002183710842
17.7968164490397
20.798405016308
10.8017150928147
21.5495720299318
7.92693807847211
7.93788535572391
17.6806408671115
8.1532582855514
20.2617570194096
23.5889870294335
20.3705350374187
8.14076581936272
12.4919233648135
9.02783251140955
21.4271234854187
22.3931462441001
13.0427623684997
10.8140817690712
15.4098291455881
21.7635075931196
22.4521976052344
11.040388391179
10.8884898045351
14.4434193614948
17.8451396139615
22.4780014444164
7.52020437685852
12.8744576807891
8.70354576950762
15.5117923662567
7.05082257780219
14.0768742774292
17.0444383166081
15.5245854898384
17.2452067042766
9.77686551803616
17.200642464333
8.10874094712664
16.016314267152
13.8553074543632
18.2132659053097
20.0711699730035
10.9322617533125
23.2177658239081
11.3982672586927
13.5956170811209
7.99671005445308
10.4908636189664
13.519823707582
14.4868565062642
13.7665031150583
7.76568054642801
10.9422380269505
11.3865782303686
16.3011787342525
19.4055907601685
10.2926433988276
7.15949749678132
21.0925148670032
22.3317856254589
14.129709501979
7.24164756695498
17.2935554209806
19.4918341729169
10.6123979164439
7.19610921631505
13.4813364876509
14.1162067523401
11.6704465094586
9.98355320980744
21.2850427755702
20.5292939370851
22.5626862926364
16.2547732097879
17.6598910122093
11.6106709274291
6.9421416536632
17.2775885988749
24.027712458402
16.0691740435066
11.578000907703
22.1827627524002
11.0017446797002
13.3902404582503
13.2475672135348
18.7517981424121
8.39198875166961
9.10036448112919
6.99157829393466
7.28768020438552
24.1130455191378
6.96647259365102
17.3644676733707
21.2807119404664
7.78631438593082
7.78528579607474
18.6783151567674
23.909604319413
22.95630861623
23.8222652527295
6.95094133967707
13.4283867312469
17.3218852780119
15.0445135946442
10.495191011996
16.3459283030986
21.9393857162553
21.023524991623
15.8857604105835
8.32428713802634
10.3188177920644
8.87333425182638
19.2433911937937
15.5033521237869
17.1538917186457
22.2401105489696
13.9139570404518
12.2350134406057
22.6022551252652
11.9674647769615
18.8409402851006
19.0623592220017
10.0958818618182
9.20221249451933
17.4656533499703
7.32658346623685
11.6671920650817
20.5138865251114
12.9607601858779
11.7830473861076
22.8328043993372
21.4544884164127
17.5922436469026
7.09249017866629
14.7976896111121
24.1464887710121
10.3098332313941
19.1552349179203
24.0709321186024
12.3622195975276
13.1895150516905
21.5213963879221
7.00372336726229
18.6313426948637
7.48432294149698
7.79256943086844
23.7470204039851
21.2896777039308
21.704728938259
14.227020621584
8.76533562674602
10.7493044717398
9.14218633666682
9.52212042978206
22.0061339061981
21.7144389788113
24.0796946204444
10.663888786951
11.8513358253128
21.2319630891344
10.8978919748197
23.4461587198952
16.6159516574819
12.096991184033
15.1216623774181
19.689597270896
23.264252066093
21.5528781488104
16.0249227661224
17.0045690560822
18.8481799261276
21.5147104530345
7.4181893117585
9.92516354949205
23.6375026961573
10.9062236961007
22.2895055685281
8.89608376612536
14.4696948689618
13.1017524326528
11.0463062942174
10.239815135994
23.2385681220916
15.4761972098346
8.26678962233618
20.7782987991623
14.8966217001012
10.0307976222841
20.6478716748977
11.7478928873228
12.9677641950598
13.1728740599804
16.9668952795179
20.4683516942335
20.5078989280307
15.0711679141346
13.0724553953857
20.0003012625682
14.1457278853233
23.6578452389757
17.9029202057096
16.1119205906134
10.4202526297692
16.6624806835578
15.3581764423989
14.777693759259
22.2662606447126
22.2542278429468
13.3656281224535
21.8250181639659
22.6377143754409
7.60250157377273
9.92263538050884
23.39378220743
13.5565890323028
8.73845885455517
15.3943242687878
15.6915088669437
11.4371917049024
15.8823739455348
7.45487451494873
9.27147057227572
15.9158097653287
15.9695256525275
14.4303757738466
6.95883878812403
9.05994803468794
24.0014655176117
6.94133494296604
18.7197270122282
21.870596686836
13.9564924200345
14.0991360151775
12.9327122910343
15.869859175965
21.607818040411
7.39529422358225
24.1216897330276
7.02465568938705
12.3994431247393
12.4535611004776
8.81926275122062
19.3879600919956
17.3265289633094
14.0235176820488
8.67035431155418
24.144107842206
9.86702988480451
23.6701791280784
17.0492446474775
10.6670831441637
11.9524653067857
7.66363925238857
21.846262256224
13.0918858556923
14.3778071428881
10.4254492896139
24.1452077480678
9.68153063281768
13.5885414341995
14.9992055317722
21.2759456901494
11.3444057463096
8.48266921052747
24.1334085891198
11.5460389981265
20.7697609513657
13.3041348454392
24.1243638725639
11.5100683506843
16.5900578623534
20.0266400653934
19.2034507132414
21.4417871271943
14.1271806970191
16.5626365653225
9.96849216760316
16.3813849159339
18.3703477690436
21.9954398649422
19.4824525160327
10.0540256925053
17.4687077892075
15.2174631262036
17.5852127931049
6.99596982461235
15.5762081571453
19.9655668255538
9.16685638669557
14.4481939684625
13.5555297141426
11.4298024877526
10.1786567780535
8.00552462427956
17.5616795016577
7.60525468327979
15.5000180314094
14.3506905501831
9.67560085964734
22.1295564520047
16.6011989051232
10.8100570907055
17.8169503896097
21.5289593092365
17.2681918588002
23.9372441057075
7.15327829782541
8.93878497037141
20.6546357589658
24.1002047291847
7.97505034248061
17.5143800658841
21.4887521832049
9.4592559525895
21.9420208875326
13.9952263528486
19.3004773914631
7.54836452923522
21.960168653089
10.7088482722674
18.8758686817481
20.5041318080377
24.0304964854901
7.3604916603675
13.3412109227535
19.1322856178632
15.4729654425084
21.2927517928604
16.79367092405
14.2161784005457
13.9598100035789
9.11645634548043
7.76635067270963
6.94139001583978
18.7333704308014
14.7231228155715
14.4573147706316
9.3714717420897
10.9450698171037
12.9906063241513
10.1485550783925
10.7696824158167
16.6290946227139
17.4467563939217
10.1649348860206
9.73381493808731
14.9071358414326
7.33828725880648
7.41556596002132
7.13329474243461
9.01854016758995
16.3392722889727
21.9598530254567
6.99047766913275
7.82436764420704
24.0665969140882
24.0183390479817
14.3442522855697
7.1489286567806
24.1449644351349
23.3967322473805
7.01657608286516
12.5765712505808
24.1016678976417
11.7521670741002
22.558134592169
15.2190716980061
14.2204992490576
15.2016899176442
16.9731430063573
14.7080697672155
13.3051558974413
13.5863840660313
10.424585550003
10.8589199441118
19.3388673433663
21.7199195069801
22.2732347865189
24.1360757276257
20.028072353519
20.4201960011437
22.5014083125411
22.2496081615458
11.6193261758482
14.9865888687704
12.3698363798868
15.258493298338
24.1347497054224
8.47479489258273
7.02816173817367
19.298442003131
11.3026885285658
17.0698987490877
13.2198757289995
13.9503834346993
15.1071091463239
16.9951242353059
14.8211914063834
22.8995682790506
20.7535854783229
14.3005982385198
12.1868280800236
21.1115964853355
12.2750177045977
9.20993249850971
8.38779687467493
10.8342426958098
7.31168317632721
15.8174115841974
7.76713585535756
12.2459303309021
22.0132470407583
13.2291664320425
7.15482694100386
7.32179265250378
12.9280051784188
11.6589243325053
8.3383940665563
6.9894415815921
7.164862279596
15.9402849567194
9.20755042532281
16.8593080085518
10.1312971644618
10.5725480592132
17.511319314659
12.5481373180354
8.24373768297336
17.119593378051
11.6094899976949
12.7895161501481
23.4674642916203
24.126922915522
9.31415404327285
21.0670015097079
11.6548780546134
9.61117855918504
9.37292970332958
14.4824392405799
13.883626583849
7.09289183055657
15.0500901164347
17.340710740456
20.0470273927727
9.24217820064458
7.2481065167802
13.458218616049
18.5929941024828
7.22347445625751
7.94973634088193
7.76530596153625
12.2736333950038
22.0058557782367
7.51960424868816
8.88898440952525
15.8505255719762
21.7051967666271
16.627379338986
24.1083751455521
11.8451357708724
7.16799047232672
6.94179487483962
19.0520761192278
14.1310655520328
14.604762160745
22.5400532992793
9.61127169541831
17.7287203933329
22.9704237197929
21.6710290625737
23.2097241104839
19.5706175388853
12.2821473606904
11.1141738284901
21.4918955575883
14.7375667363552
23.444125311084
13.3656347600775
17.4205517952646
15.9150686784372
11.4358894373418
12.3540320432241
21.9914131658757
18.1189025302839
19.3771255812735
17.1790539087871
16.8100214244055
10.3009845109442
10.2810713664734
9.80809979624833
14.2197239287282
12.9441979724922
7.07527844131397
17.4171292189477
8.95861350281569
12.1715244364282
21.9581351510502
16.4110207858496
15.3109479126024
9.6005581638258
14.6225372321623
6.94087954933796
20.0312163181385
16.8247909621516
20.3397280950462
14.1047823379552
13.5723284103354
20.0292653415383
9.71091342245826
13.8006573574988
9.02336709565098
24.0081093355454
23.7615135726925
22.7258666719863
14.660987456359
18.2498897534625
15.8998919930078
7.31939637200833
18.5913544457796
11.2141092818616
13.7824826253517
12.1584337180547
7.03265230972874
17.1303861836227
14.1459385394487
7.54823231446249
10.167156973485
21.622225364388
12.1503238517729
8.73621399128519
9.99527542733911
21.5889270237125
11.7800609628225
24.1497650582503
21.8439800863025
23.2882134569985
12.7353222052487
7.95117956434998
10.7432574937161
24.0966566637953
20.7758100884586
22.0081545010095
14.7279102104222
23.8069677263215
17.5132146552727
11.0727275003352
22.2523222372805
12.7337210514499
9.26371310847952
6.96518222503085
16.8643490928859
13.7837997169061
16.1337162845924
19.455160146031
24.1493759646236
8.38845400327073
8.19595000720028
15.5006711633212
14.8708263630333
7.03146547262229
18.3777611031222
16.210387702802
7.166470481124
12.6692077740984
7.18962357448108
18.1518691702792
8.57877456347103
11.1276093455894
12.1353845963619
12.0504233010112
18.0507824002229
17.715465460764
10.0453035762322
18.9004364053526
11.1536441553228
14.5886094689904
6.94492766728708
20.3893241352562
19.2608632842376
19.506888336651
11.2930025047273
9.52048698132731
12.0797053249082
22.8488159989152
22.6446780808727
24.1250324045627
10.8288740532631
22.6616410435545
12.1213940477495
16.2662341317647
13.9630891243504
7.53756807120669
20.1101736523685
15.5606490065931
19.177953798989
11.7893977890683
18.7206229624854
17.8405276333213
22.7786179366857
9.66562514359803
8.73989540444133
11.3328835828021
20.178722198943
22.2902233231069
6.94570250146038
13.7483761092719
13.9951527428927
18.1580572835358
18.8439231897395
19.4914701652115
11.9632769274191
14.1189239983076
11.0950654828125
14.5421854169673
21.3933826431201
14.3775883873571
6.94766223264461
16.14977438036
18.7502195789955
17.215534146968
17.3718172394794
12.6179790263621
7.22304478673168
21.4808300873422
23.2446739054277
7.23206873654298
22.2280863852699
12.6516861216215
23.1414205444319
6.96484580595735
23.8588398256947
13.4378818584246
7.66523552284574
16.8528258105501
20.9590965732422
6.95076859889968
11.237211630805
20.4677407803891
23.5289916685161
11.2830967463668
16.658104401361
7.30279765330803
17.2342732355043
7.12147515872559
13.1086764880664
6.94574463367778
23.8541202315775
13.5554650477341
17.1769239970848
18.060223713723
15.4234334933564
15.5014064095306
8.9000719538736
8.82675101505061
9.43784746027562
14.818840178616
14.7895116045364
15.0036069245353
22.4848321487242
13.502907243722
24.133043251174
14.2242981025236
12.7346233355579
15.4082576663958
16.8747663261826
13.8575090282409
22.1372335014114
8.31668562547054
20.0584360613919
14.3401804715156
12.5561279356022
6.98478370802621
22.1894222410942
17.1634478973158
9.09155449224252
11.6112975126457
16.2862743490049
16.2442495282059
14.2659519131403
13.2007492929779
18.3093919984792
23.1952893148578
20.2059801574683
16.0541393179953
15.8316726195724
17.4708718889236
8.5649190552101
6.95713996973841
17.5118845575141
8.903694973208
7.36006166657839
10.4689189223061
20.9420926424402
9.58599517967903
10.6093256338519
7.99451215008164
11.049120705002
21.4788133525486
19.5262524964201
7.14345907043559
17.7496142849665
20.7971221356713
10.7099791930848
11.8401273787345
9.32591809778932
13.8817549080383
13.6500318715701
7.01089524142884
10.447003018088
23.7143621687837
20.3923525059031
20.6271357338524
24.0950506333482
6.94021414499188
18.9188176405661
20.7962116685979
8.3514789621213
13.5936299442609
15.0139685489539
23.9317961562204
14.0086953825406
13.1631696343483
14.9249604734474
7.21625412141594
15.0427874619267
21.0182158732289
15.814642304949
6.96353573092989
7.18534803100232
21.0445142368145
8.23781308720305
12.4346082957439
13.7074125038744
12.5936192671246
8.41594554408363
13.1676745067131
21.5608132383926
19.1645234294248
20.7416322521103
21.462613532345
7.50941874210629
22.5691183060307
21.4629002792668
7.32714623031761
19.2747080135796
18.6950092771125
13.59681699293
21.5312745267689
13.4068828185115
17.572879831934
16.5472947733347
11.4711524143834
16.0508159970006
11.2571144912872
18.7417589695436
17.0220654244256
13.4030668016568
22.2045603543083
10.4959047142097
23.9039876890438
23.1053840295662
7.29293111672752
22.208123689442
20.1939971675565
10.4866669678255
9.51252897267816
17.9549704983548
13.3979805104872
23.3240168558279
12.9808877539741
14.6298980326256
10.6065280777066
7.11587543903805
17.4868239433628
19.8646911655743
15.2666889688608
15.2472526787256
18.0344422027038
24.0835965744075
11.0125854220897
12.334564938783
20.7234033918922
11.7554839780141
20.1210941872273
18.4792954921959
16.3019855044673
15.9177149333387
15.9567830385077
7.09582376786614
8.01696120945889
12.7568497640398
11.7338503415587
16.9136053834967
7.62831970300656
16.3252421810435
18.124657468818
11.22266372657
21.679119594968
22.0718276280395
22.6586653771391
14.4884405558604
9.23770662437845
15.3277512073184
22.5012816906605
18.9267075482077
16.9923594969905
8.54148310686772
23.5443471037996
16.6233372899355
20.3199862624974
19.978432381114
23.8999756350896
12.7373449993628
11.0765054517774
21.0753190542329
19.9030814632888
11.879784776688
13.1033719161508
9.93902867607018
17.6134638893814
8.26936395893971
18.2191918238089
19.2463906902576
21.5481576324709
13.6643464793376
11.4177177844078
7.19255258230363
8.07918369054011
10.2818185732161
16.3155502164206
10.6688429764526
14.9181817045273
20.0159835473351
19.1399802682168
22.0266537352921
7.12421697575884
23.7695382012842
10.4658431386082
11.2236571320691
10.765770691844
11.9245547194588
22.8166223866198
15.7700570909678
16.5896543613537
10.3182538666096
17.108874213285
7.27567639642163
18.4665240852156
23.5288303920687
18.7022742484517
9.08477926025132
16.3239063172789
7.23677076002657
14.7109565746872
14.5153952686141
18.2048053119834
9.62444708602652
18.9125268486218
16.3716259022858
14.577188021397
16.482032211643
14.2366235873931
20.0661182271876
20.9846885623826
12.4735253694458
17.7280319449662
18.7972041975648
21.6488049730363
7.60181743097197
19.835288443493
18.3650814710364
11.3326383993547
19.3300314192149
14.891498454683
17.0459400469373
10.5268378150452
18.437213122917
17.0948546580774
13.2557966027985
15.9518574346368
8.81692840845944
20.7746376416691
20.5042055393902
22.8866344737135
11.0509127304137
10.3576716259968
23.5249108508182
11.0436692562425
17.0349461136067
9.18705747399449
20.4469513454363
15.8224724369043
22.6033618564218
17.9663034408853
22.4693424870376
11.3124616327967
18.6766174016877
13.3571939700518
22.7751141668494
8.51402063191163
7.09655849184693
12.5346578021245
23.5204436591589
23.6048354640359
18.4765326025649
9.05627237992338
12.4033844813475
7.77182239111902
13.9313023332885
21.7908593591752
11.6308570660705
16.5703325605403
24.0885441342558
18.4012364854805
11.8110731347159
7.84255560401365
21.0361858168725
13.4247690325051
22.1162405462601
13.7187718982218
11.4321329438746
21.7557026490028
6.94347702130653
7.90690784170713
11.268158750668
16.4401188402403
19.4116004782451
19.1845115598062
8.47089126818485
14.5394503661623
12.5999951608938
7.21761559660391
16.9956453630989
15.0987264670123
15.6327027678899
17.2396397518406
18.8242058414494
8.15408601598379
15.7435072131363
13.7217767005079
11.1100185916959
7.89103316518172
8.03117292556641
17.6155469646366
14.8899983033712
19.4404923707829
12.5725055427622
12.7991148130561
12.7968682816899
22.7796083743577
8.70939584046007
7.29126623984122
9.68080415950551
17.0677200469265
9.82422765811802
16.5949313973613
18.2739771808246
10.9107849746196
14.6104441177602
8.21042180027047
14.8705094696765
21.4941449880606
18.979738419513
14.3759504040072
24.0277945975077
7.39806723360702
13.070888505573
22.617619475354
23.9889923927859
12.6181755493455
17.8153619919978
17.7924864643253
23.3537826728026
17.9008170080782
16.1309659236987
8.50802249513016
23.9437631055152
9.25210463103068
13.1716660394413
8.18450477915118
11.7684894919736
8.40405242785077
24.0634823270398
22.9450674755901
6.96574012493837
11.4216338126449
24.1280917654322
21.6052859290419
19.9152940567012
12.5610324165442
14.5985269810044
14.1190482084531
21.516656189546
19.9852560818117
22.5868905933878
23.9536223350954
22.3688647520344
19.3197031458558
16.3856217801451
12.107873301482
15.1767066641791
24.0861466815137
11.4121613710389
12.2334907233146
12.6716545295476
7.45185378760255
12.1599512957085
17.2805740020883
7.84997363688026
12.9919689287514
6.94012823829522
11.4960856436315
10.072834885438
20.3542049867206
11.1011789851698
21.0524767740272
16.1798856899901
12.2533413990446
16.765420529812
15.0482512632334
17.6918971680971
12.9161098448137
23.7295150293306
14.1245204925398
23.4229002296391
18.9064259916956
16.248698051676
19.0492927353128
15.1652049974233
19.9382889268609
16.6224613103856
14.478711187831
22.3594478846359
15.5824937566605
14.8574810271471
22.7831253963698
14.188382214787
14.6963977449376
13.9459945558361
23.9606461298091
10.0376900176064
14.5882457068235
17.1726519737321
12.5029217227113
8.01394526296111
7.9918972005998
24.1499369214723
17.1977187469539
22.0148493089747
12.5870800616229
14.8025257919501
21.8169167666708
11.1918890542843
23.0804309487695
13.1346367069828
18.4281286011453
17.5724710225934
11.1709993962772
18.4746159492151
21.747328898644
13.0320811224031
13.387233063287
11.7324295655754
24.1161126885502
22.8830992989874
20.3290827256671
7.72096504232921
16.7003297266671
15.8294989230355
12.5219258782126
10.2656838112758
10.5469762421437
20.4322194657686
7.73320725816642
9.02061893926169
8.63828839775805
14.0217296120893
10.0861911757925
12.5186360579614
18.7602356741801
7.33986012705014
18.3864294364242
10.8705917509206
10.5448560917226
12.162690427602
16.2762167449931
19.4592729993838
21.0672232924035
14.7627405773323
10.40834658597
7.06455256867512
22.2730116366448
21.9355036548724
14.4768854689293
15.98809108611
7.56865413550639
9.77417243732638
10.4566683845164
17.5534068655603
15.0209996726865
18.9467754889658
12.8943061436465
15.7024004284779
18.3139575202629
18.6213045135559
8.94532849144962
19.1261729000433
11.2756443079433
13.4774838119025
11.553400449938
22.8494424303748
15.2184183164997
7.47160570027833
9.62938585379882
8.60984737415352
24.1501659908223
11.9947836846782
7.86821740083211
21.2845066543515
11.9766410231095
22.508193147669
7.0996049762942
9.97573157745191
20.88137664906
7.91568215842436
16.7811128918432
8.84894084444685
23.5797067563463
16.7123642150764
19.9417603533118
19.0358728925382
17.9324090013565
10.7963915442741
20.7264983589217
23.6864340690539
9.92106421403996
22.5706187488449
15.4786167251352
20.5921109703094
14.2157991879899
13.3424333902887
8.94306105864464
13.6333237917048
18.6082403499906
16.7885115607281
12.8064299182725
15.0989797815454
8.55241410586083
9.27353492397765
15.1943862880547
17.8042363884221
15.6481414152539
6.94636250770339
8.53107496629484
12.2179268985186
21.7396270191799
23.0922190249168
13.9550685796586
23.6007060435973
19.3431139300766
16.1473534770196
13.7378023918101
19.8086948447263
18.6727519314489
15.6624189494351
7.99980832936289
24.0572929176237
14.2010957125756
7.47045737632103
20.1250404001005
17.7962055056248
10.2835832288577
9.07770949152238
14.2739185160264
14.8970805373498
20.1886056686618
14.8236005783451
9.86263408178967
7.30604483294406
9.42921934501445
14.7706185637016
11.1466453295353
17.9052047637342
21.4218638493582
12.2791698818384
12.2862966291922
17.0632287986547
19.8061553690356
10.28279594
7.54015884596056
20.2860848665302
17.2398946918526
19.9323614161715
12.4322019609635
20.8717595626081
8.74291341030223
19.050478091395
6.9784524369298
19.2273626172679
13.9716864289368
11.6465345943856
16.8008058573218
13.2159046700261
20.9500151439715
18.9317822524495
18.3071774936448
24.1104594858241
17.8623912908821
7.10301877954582
18.3611528073235
19.879418127996
24.1474815655483
6.94144079377885
24.033456457865
10.7372382659963
7.13200418522941
23.0523605830906
7.46140713343617
10.430802079175
15.2366236262432
17.8622256545374
15.8498714206824
6.94064130710048
15.4230856610089
7.72822706241136
21.3727740266101
7.65915812135832
14.3815804870363
12.9063078762617
14.9313484116168
23.2926460068781
13.5666879757602
13.6461653498366
8.38797022781795
9.29287491467759
21.8086242686359
9.23836089667649
8.60142308112519
7.01862082843044
12.7620216369069
17.1591020847026
17.9150001141628
19.3233529459858
15.9029694228184
8.70099289336771
19.6012474220312
10.9048577233332
7.20368081091626
23.8849138155761
7.78902974534106
11.7016534427431
20.5389031927144
22.7474807108752
14.7464966039214
16.6090670578619
6.94837173961924
20.2205173664141
19.459970643401
10.6939942316201
12.9485761830884
14.1147240588563
20.4710323067964
19.8353809858442
10.9622939935454
10.0683119682997
23.6902654625867
11.8778142936175
9.45518926469637
18.9675054398926
9.78874145728379
6.94064020138948
10.3514070412324
10.0923699168355
9.50721367400142
19.2982826960515
11.7404674912725
15.3408916930116
13.3947274079282
8.66638334587669
7.89555626767556
16.622819101975
18.4315375276253
6.98263948143701
6.98427370980315
12.4657070735622
15.2109341985501
21.7222798949524
13.9315387726279
11.1451867132337
19.3724875830399
22.763457347459
17.9037313772795
15.592785820603
18.0237355298212
15.4410350865713
22.1109555374599
17.0816722638528
22.1479242360035
9.67800490860474
7.60601490040939
17.7440379610834
9.29636567473916
22.7474630665022
21.5647249465596
11.9613238168071
22.4116165108391
18.4999323134101
21.1273026607135
18.2021079744638
7.22083328096498
9.22426055534426
9.12315362022131
6.97494874281192
20.0438628567072
7.61241574291524
6.95471018331124
11.6075116407857
12.2073727672986
9.43167011223301
8.28404635488236
22.5267544102326
22.7422320724728
19.2964814314289
15.1772281677885
8.01213084765079
21.1297105661853
16.7482807161896
17.0405794211942
12.8530882469374
11.5904349544023
22.953797837251
13.9487042034169
24.0560698065209
8.33006354442691
19.8285214822007
22.4878461373164
19.2274375545208
14.9500880009615
17.7907441454425
16.1948000345382
7.35380052943303
18.1657730443004
15.1065689028776
21.5950504109966
8.86191214873977
20.4267853811297
8.3268962155806
6.94219807864937
14.1371019225326
20.9245939214702
15.0324833879416
12.2638157856162
7.78188269857164
9.61615941384126
17.0853717931946
13.5807680733287
24.1298035382578
14.2954573109688
8.64142190223979
8.00966558672023
18.5352951223361
12.2559671451374
23.404369930685
7.99699566785495
16.5243091411384
15.0956546743891
24.0990406812687
22.6256695439865
22.8330820795405
6.94862913174668
7.93091807868152
23.4475512731706
22.6983006182379
17.5508749787064
8.86086785434792
8.49750992510879
8.1285084964447
13.4237023822108
8.63542150958989
8.14302065369904
19.587145995244
13.5350397067655
22.8180688327394
10.902915063241
23.872275243261
22.6946381838322
22.8302526972155
22.4431672461943
14.0321636781224
23.602100168511
11.2772673775908
7.09938050572936
9.6375253424724
11.5889112687321
7.56023359080702
9.52375176293296
21.6047680253161
14.3512760211282
9.968915537362
13.8083337685506
22.1853935231681
22.2643540558973
8.32585814919754
20.4238257663197
13.4480725440843
23.7150494631346
19.4353210939417
6.95352211075899
14.891576976747
21.583084013698
21.8404449827747
12.4449837296647
14.0905184222966
17.7319866269277
14.8043112183224
7.8190714410745
23.661718294188
16.1065399550888
18.2382829511125
12.2052466023696
23.8908877731453
23.3206315258711
24.1309578553463
11.6110066034084
16.546053364745
11.6190485495134
7.36168250657401
24.1406827226199
11.5153843445993
22.4664814895418
9.17253190519086
7.55984076079252
23.2890505128095
19.5925083735333
14.3692759042737
14.5322800203784
19.3280197181069
6.98602842100423
12.595058235374
15.1250612316434
9.66896636150761
11.4713186031693
10.3253820031891
17.3177352149613
21.4786801072113
23.0092021676682
7.08264423203231
12.0609141653528
22.712247217924
7.89292103084037
22.2139990609421
9.31734704409141
22.3143122869451
18.9543115748907
17.982644253046
13.0031798458813
10.0805528262509
24.022233597516
10.2263173021996
9.86480839724986
7.07138481853581
14.9772482272953
14.8276495143379
7.26555522711837
15.6784082518748
10.6840671447703
24.1421228950734
10.6401714068165
15.0472984048138
10.6798362642506
8.65933633277076
10.8053740597669
13.2804569851362
21.0083825314582
24.0928791104244
21.1352396431638
9.70500823914514
13.9680410351471
9.64870911210007
8.51653651670545
14.3960437593031
8.97113023249216
13.3220200937113
22.8708734367049
7.00405011248049
9.80067948655977
14.3574407222801
15.3289213066517
7.27039767464814
20.7127793005423
14.7610772235372
21.186946837708
22.3430561307573
15.9120213964023
9.0311740113866
6.96191673923524
11.9674085797964
9.00526972516552
11.7156662330703
24.1431444043679
19.9103105815558
10.9006719066516
8.50926650446798
21.4248581965608
8.46681857781579
16.7884238058003
11.7929009112516
23.8876972802308
22.9035091979296
10.0804565474452
21.4141232790383
22.1041371852447
11.6410010345203
22.7822339280493
10.6077401348216
13.0782627284153
10.2504798237741
14.2684595040254
12.967820168447
24.1492704156849
23.1495416231848
12.4360999514121
18.1069332225721
13.3804889255996
16.7132995915614
7.25127775550679
15.3479640999132
17.1732006370528
9.35012319612798
18.2233030095678
16.3462214993013
16.4262016361469
9.30407363879914
11.5660041078904
18.7988666528094
13.1345506016118
8.45121160745017
24.0452035429226
7.88345907269609
18.6118002447821
14.2455535400958
17.7589434214102
15.8612514069584
13.6386656643669
11.1048430676248
18.0657756275674
12.3948147238985
10.2399446631919
20.3378725525435
15.165763121102
19.692616648548
16.1993033172204
8.10128168883279
11.0741876210385
19.9070998614396
6.94302427755493
17.4840777416782
17.5264545521865
9.68473090183928
13.0280161080364
10.4785977620754
11.3816943279476
11.325628608135
9.35009404203302
24.0463235010628
21.8762258886203
18.6216983611229
14.494105562177
11.9335875595904
15.7214076262743
20.4314825551973
16.282481476569
14.5588301101617
8.2362300323172
17.2006892640969
7.65964159428912
15.828939903751
11.3894362912406
21.0767040486769
12.2974636260968
10.9962908516486
13.9329655485076
15.0768620222767
6.96078709407112
23.9106657257729
9.76033455994238
14.9334424007506
19.8061119583228
23.0731265902836
6.94015108661387
16.4497392951065
13.322381449326
19.1760916290587
9.69660630501351
14.2135459685064
20.7258304723987
22.6932561371548
19.04674515402
7.79465452805761
21.0718096475667
19.2466929728083
7.69086880142365
24.0228134037276
10.3811180257672
16.9342286888924
15.9284974146079
23.6198392766624
18.2607752769287
18.3727685140972
19.4489640957965
17.8653915663291
17.5104366836988
20.3661367384328
21.6550542059295
19.8360679963154
13.4920895387959
20.3613550689818
17.8064671625047
10.4448688106305
18.538087794187
20.5375820428391
16.2442391565524
21.2645498783177
15.0551105695933
16.4108808301151
23.1182103975056
12.867444136354
21.2621235176051
21.3591745003048
23.5990345360599
10.6540389528818
12.7692716981443
20.4836433534788
7.99039776094199
11.7961976312243
15.7084349315455
24.0655516238887
9.55502300061357
11.2074519305428
14.6812606688268
17.5915787880558
15.4186200272679
10.9530832033926
8.24700662736769
19.297400401682
23.6580784181201
19.7671137363788
20.6609350809584
20.2425597854399
12.0457151184113
7.12759251985436
12.161456935448
14.3264116211244
18.8452593297209
16.3344750361112
23.9545553314555
16.2363312424916
18.6227283008109
18.6953847309644
23.9564063199665
9.82565980667718
12.9419718702386
16.1270435446944
10.8388461925606
20.9569294573347
13.4492300065304
15.8119105079253
8.33272810606679
24.0690538801286
10.872592470138
7.67759489102308
17.689163731073
13.1470499028278
10.2672398766695
14.8949027611987
19.1920273163934
9.64018814519832
20.8165440869984
17.6113374198878
15.6751950577752
12.5604465984436
7.41732492519682
11.7421919884849
22.6698067357151
21.1479866317379
11.3950568450397
15.0563338978416
10.3182098197514
19.5759963666894
17.7411740626238
22.1468883301592
7.12234386939
10.89607658985
21.9069844287846
7.02696057625306
15.5428302613311
7.74822117792598
19.9292231536319
21.8719348904062
22.9990993851254
19.0534647124483
13.3773509562376
11.3303261223307
11.6637470128928
14.589400427853
22.0148325843227
18.4431168060042
19.3609007740496
15.9093536632037
18.6110116005206
23.6455933804169
13.6108004155901
13.3800865054348
23.9088512111736
14.9904551108467
7.96334211752973
15.5801957897143
13.1607295011356
9.30598553162892
11.5409001576365
24.1397580132938
14.3636178159697
7.96022681378255
19.5256304021242
15.947545293545
8.42166311990495
21.6681345157413
15.5072123063064
15.454726879772
12.2428269028597
13.3213518638872
11.6038416589271
11.7386553990463
9.17407403609137
15.8230986364092
18.9819361914141
22.5779290261726
7.96560523357608
17.5426713377692
18.7940457401405
9.43852922404808
20.5981833600468
16.9701727236774
13.2885529511426
13.8137131777836
17.4049626451125
10.0955671665213
24.0317727330211
18.3070447936811
18.4505386365324
7.26678692355372
7.80299276731637
18.7560438794057
17.4564045126465
10.7772768138379
17.8912211510858
21.0924493816419
10.1150249606903
24.0932089782362
20.3462645682576
9.38688276013278
23.4360797213495
16.2504062463225
18.1828829702137
22.7567087199144
14.2645357635318
10.1538311126275
19.5363937475875
10.7107166235723
12.6499739938295
19.4716087651942
7.15175050883758
7.27669536040589
16.1708799219976
9.88046654298863
7.45764454081165
21.3468639742087
11.8623971741343
8.55832077768149
9.86693349034734
15.5538981062835
16.4441899970696
16.6696033546953
9.79236627755263
15.3038963084415
8.78747019472152
8.95704914497135
23.086889573701
7.89402413531343
14.5494458856644
14.2686597982276
17.65378170506
12.0088889474022
13.6982995597673
12.7405479311685
8.06440520404733
9.78292195823284
14.728823408908
24.0773034456017
24.1484196976997
15.1909936015705
19.599394395688
11.5715340503081
11.2890260236644
17.1781272951232
9.08987510585427
10.6108242024712
15.7982626068624
23.1032029262079
12.9084354373643
16.413721662876
23.9661394063495
20.9588716279563
8.40890488039696
9.59955947853081
23.7231907752601
24.0001809730365
12.264249181291
21.6013124687159
24.0990645283442
7.05034261196737
12.0145387727905
21.4570040551245
12.1132284795225
6.96666101653778
24.0333960154987
20.8240998759429
19.7796689587687
15.4433229137102
8.84357300517063
8.18771739813181
6.94844652905581
12.3157562284921
15.9180040582415
21.152818473675
17.2233804358813
18.0364190352051
16.4785187430987
11.3122009621353
11.9969290535745
14.0837625492512
18.7972672979652
12.4746356760522
9.33007295149502
12.2822688339514
17.163833312526
18.2723073169283
20.9672984359587
17.7112056057632
11.6858111544311
13.0934015136531
15.7111434085394
17.1348319651296
14.9502511680604
21.9650369132511
12.0851170565283
16.9400722398524
10.4973014217349
14.4424840104136
16.2162081199847
16.2416250918238
12.35075563324
8.09897307535755
17.2403796650537
13.9843931156721
11.555337531046
7.22226070491311
10.0791524686904
17.3712818677707
11.9355061768781
7.95443073790269
8.49072798934981
21.4054255020174
13.9672568600279
12.4905130488988
12.0306109304098
9.96640021777784
12.3968880341758
10.9986854917955
15.0613566757148
11.5152292087812
13.0803756322366
17.495488765227
16.862717317105
14.4512627714908
17.123047742237
11.4124189156696
22.8393931219856
10.6903277109147
14.0933316785885
21.1860200474149
13.4261336564482
8.76011294741071
12.9544566999573
9.9704557579873
10.9754749459215
21.8281341260183
8.54591182965454
12.3585969250914
17.6220008789187
23.9501453590167
6.95364652484529
16.2315426371405
20.4782273553733
17.8333717965371
19.2930710269627
14.7219590994349
11.6626514412991
15.5205409497466
16.3292914476745
19.6046575139222
7.63498108201568
23.314474229365
24.121736044173
17.2119720232978
23.7571851666796
7.02980538164137
7.33297114777355
8.03770508009919
18.265911600621
8.49153408890164
12.1446165280574
17.1900898958318
21.6770213430576
20.6657567013924
8.35889791402106
6.96419950699062
12.3977905592029
7.07601726911561
16.1113539001125
18.3626811373285
17.5428242628428
17.0241799399406
19.101271096927
8.93880539449656
13.1122963971392
18.3619026295511
12.4451443542138
14.7675971608255
18.1851279917633
13.694835234005
8.94625210506059
8.40250794371923
11.94425621402
8.44868551880933
11.8081554603628
7.81155936216264
22.8789953534518
7.17712175435582
17.3683984853762
23.3554655982295
14.4964839364009
7.77604836633663
18.4634061822335
15.6718327443927
9.96528346540656
11.5286364413315
23.5362587526798
13.5778050257298
8.93333714416691
16.3759964284826
10.3116541275147
19.9266856703517
7.02698012886999
16.3284703950391
21.9579647185852
21.0127568788913
15.2848802837446
11.6545995328827
15.5741993285657
7.30227779980062
18.3447153294576
24.0306172744777
9.61286249099245
7.83531924633946
20.2846837836884
11.0484651744673
8.82171469323345
23.576238798946
18.5099337539783
23.8084045881711
21.6592393747198
20.1118755406998
17.6868109064959
7.02619068327819
14.0549154026191
18.4925543869538
11.1547921299165
22.3053940196645
7.83311399410439
21.8232924829962
14.4716773912071
24.1398897774074
14.2118039675833
15.8611534176343
8.48500596655676
19.3409783420099
12.8978282662441
16.381376949368
18.3668320235658
7.17209773391744
15.2226856040328
20.8551386710357
17.2911545837067
14.5504669697075
10.4414300672617
8.41624934651925
15.5968939483315
7.03133643665024
14.1812358436041
8.5924627983556
16.925940405377
12.2209746200043
6.95218007298715
22.2777912569199
16.9714763277639
11.0437756867303
11.7949050119051
22.0265517348719
23.2215541518938
19.7950305276911
9.92906372796687
10.9967114943222
8.63728570813816
20.9758792758281
14.7712383270759
8.54081222778832
23.6801957254558
6.95080278502147
9.40621903879767
15.034546777446
24.145183443738
12.6770176148016
19.0332710206382
16.8987698937646
10.6761137158176
8.01275396026328
23.3475852883434
9.60876845190284
21.8192760866712
23.2651800992759
16.5676495646461
9.70535964057241
18.6802955285406
18.7452061250437
8.68351945757672
17.788721556386
13.9171749670939
11.686055202086
14.7642697131195
7.51890410128275
11.9859045070666
15.9915588436978
11.1026951165411
15.1331493449646
7.26314600888103
7.99804716729487
8.25683526346483
7.02769325072556
10.9649406939772
13.6827825731424
12.065329619394
9.82018546388064
17.7919225808367
17.6365256901223
8.8164632303938
13.7763934007757
16.4274377385983
24.1393906603891
23.1975539338123
17.056585137663
8.51365762410494
23.2040746984736
20.771167399391
21.3371492981936
7.67865972591743
12.509720597833
7.67670024604824
11.493308057423
7.72166062873977
7.83923816091415
23.4132818169186
23.8298223780353
7.43850093592822
6.9496118399861
11.1691647375883
7.05000688888962
8.58117371029299
23.7617406281297
19.3383276531911
14.6643303727133
11.5017862853274
11.5602081657664
8.47121832422554
23.444202035497
10.370229803191
12.1866518068371
11.1275976406523
23.5251370655448
16.0003152717672
8.46463809690677
18.7693870413209
14.2515283094136
8.05811781069486
8.34778237314569
17.0341099835939
22.271820636892
7.24014667545843
21.1294538148052
16.1561382643475
18.4069709065191
22.0647086377409
19.6797749737887
13.9829925479858
18.724850632145
13.3019986265966
12.357525096179
8.37299129529623
13.4214407083262
8.86652098626753
19.4278660019464
19.0565005971738
14.5621477803396
24.1411668892262
14.7542383513361
16.8920823916986
12.3641290615674
13.8969857474347
7.31149560982972
15.7897109588305
22.8238945564413
23.367918955698
10.2954132943932
20.5790761138871
10.8258888791192
20.5982717928849
15.6266308820994
20.3134956323721
18.8296497225333
21.454980038774
12.6601060677157
19.5177165961873
22.5924449245288
11.6294896119279
12.8144688790009
11.1429465446462
16.3100548202079
20.0519409217721
8.1678716066875
23.9240692820324
20.6421697466219
7.51608673272728
12.4757100550596
7.14234834329988
21.0736242321468
13.6237271666928
23.4937581735847
11.4740791632451
16.7537101429728
24.1500886177667
9.90866595477092
21.5555806980044
16.2706407825924
19.7410010543771
18.7138800813689
9.89878870680911
6.94167286370824
18.4538255066757
8.24953528498024
8.70576599827394
7.77061598025761
7.15928471454193
12.0539208824589
22.071337832918
17.9037557566208
14.4214707380112
17.6002970542043
11.6192995664391
18.1674232991354
10.9577335060285
21.556940247774
19.4691632745396
12.0108144511529
20.2449536862671
9.42444764712967
18.7909062229758
12.9824449914348
16.5109600816762
19.8348730548426
21.0647942673265
7.49537925297732
14.6288473895009
7.50531551531779
21.3094571885537
16.553809988991
21.9470652499335
17.2202939718362
11.5013349950009
17.1241622058372
15.9313581308412
13.3601357493626
21.2848095953598
20.320874683167
13.8074415944369
14.5803758289097
11.7912580474463
11.9505538606033
23.8588248460688
7.66140297218861
19.9427431609339
20.34062408424
16.8474611025149
10.2133128308313
16.3458788622761
15.5055823914617
9.19507858761963
17.3323689346968
24.0533823522896
8.96563568627073
12.9755275788221
